{
    "title": "001 Daniel Shaw interview discussing The Node Firm's public Node.js training courses",
    "description": "<p>I had the pleasure of interviewing Daniel Shaw (<a href=\"http://twitter.com/dshaw\" title=\"Daniel Shaw twitter\">@dshaw</a>), managing partner and CEO of <a href=\"http://thenodefirm.com/\" title=\"The Node Firm website\">The Node Firm</a> to discuss their upcoming public Node.js training courses at <a href=\"http://www.joyent.com/\" title=\"Joyent website\">Joyent</a> and beyond.</p>\n<p><img src=\"http://dshaw.com/images/dshaw-about.jpg\" alt=\"Daniel Shaw\" title=\"Daniel Shaw\"></p>\n<h2 id=\"episode-info\">Episode Info</h2>\n<ul>\n<li>Episode: CW 001</li>\n<li>Published: September 17th, 2013</li>\n<li>Tags: nodejs</li>\n<li>Duration: 23:59</li>\n</ul>\n<h2 id=\"episode-notes\">Episode Notes</h2>\n<p>The Node Firm has been doing corporate training since 2011, but now is offering some public courses starting in October 2013.</p>\n<p>The Node Firm public training courses at Joyent in San Francisco, CA:</p>\n<ul>\n<li>Oct 8-10, 2013 (Tue-Thur) - <a href=\"http://thenodefirm.com/training/core-foundations\" title=\"The Node Firm - Foundations course\">Node.js Core Foundations</a> $3,225</li>\n<li>Oct 22-24, 2013 (Tue-Thur) - <a href=\"http://thenodefirm.com/training/advanced-nodejs-development\" title=\"The Node Firm - Advanced Node.js Development\">Advanced Node.js Development</a> $3,225 (early registration price $2,985 until Sep 24)</li>\n<li>More coming to cities near you</li>\n</ul>\n<p>Discussed in the 24 minute interview:</p>\n<ul>\n<li>Background on The Node Firm</li>\n<li>Description of the two courses<ul>\n<li>Topics covered</li>\n<li>Intended audience</li>\n<li>Prerequisites</li>\n<li>Instructors, maximum class size</li>\n<li>Course style</li>\n</ul>\n</li>\n</ul>\n<h2 id=\"more-information\">More information</h2>\n<ul>\n<li><a href=\"http://thenodefirm.com/training\">http://thenodefirm.com/training</a> - direct link to The Node Firm’s training information</li>\n<li><a href=\"http://thenodefirm.com/contact\" title=\"The Node Firm contact form\">Contact The Node Firm</a> for additional questions</li>\n</ul>",
    "pubdate": "2013-09-17T11:00:00.000Z",
    "link": "http://codewinds.com/podcast/001.html",
    "guid": "4961b0dd-29a7-4399-4f3b-2be6c57c7e95",
    "image": "http://codewinds.com/assets/codewinds/codewinds-podcast-300.png",
    "podcast": {
        "title": "CodeWinds - Leading edge web developer news and training | javascript / React.js / Node.js / HTML5 / web development - Jeff Barczewski",
        "description": "Keep up with the latest web developer technologies and news covering javascript, React.js, Node.js, HTML5. Learn the current best practices in web and mobile app development.",
        "image": "http://codewinds.com/assets/codewinds/codewinds-podcast-1400.png"
    }
}