{"title":"All Things Startup","description":"<p>Skype wasn’t kind to us this week so sincere apologies for the sound quality. We are instigating new audio fiedlity procedure moving forward! This week we discuss Teux Deux moving to a payment model, the demise of Google Reader, startup media icons and Kieran manages to top all previous “and finally” items.</p>\n\n<ul>\n  <li><a href=\"http://mkgeeknight.co.uk/\">MK Geek Night</a></li>\n  <li><a href=\"http://thestartuplegitimizer.com/\">The Startup Legitimizer</a></li>\n  <li><a href=\"http://www.inc.com/ss/francesca-fenzi/where-7-web-companies-got-started\">Where 7 web companies started</a></li>\n  <li><a href=\"https://clarity.fm/\">Clarity</a></li>\n  <li><a href=\"http://www.swiss-miss.com/2013/03/an-all-new-teuxdeux.html\">Neux Teux Deux</a></li>\n  <li><a href=\"http://elliotjaystocks.com/blog/beware-the-free-invisible-service/\">Beware the free, invisible service</a></li>\n  <li><a href=\"http://techcrunch.com/2013/03/17/good-riddance-google-reader/\">Good riddance Google Reader</a></li>\n  <li><a href=\"http://laurakalbag.com/\">Laura Kalbag</a></li>\n  <li><a href=\"http://packlove.com/\">Pack</a></li>\n</ul>","pubdate":"2013-03-22T05:00:00.000Z","link":"https://backtofrontshow.com/episode-6/","guid":"https://backtofrontshow.com/episode-6/","image":"https://backtofrontshow.com/img/itunes-3000x3000.png","podcast":{"title":"The Back to Front Show","description":"The Back to Front show was started in 2013 by web industry veterans Keir Whitaker and Kieran Masterton. Over the first 40 episodes they have discussed everything from web design and development to startups and dog related tech. Today the focus has shifted and includes topics including remote working, working in the web industry, productivity, hipster beards and much more. Released irregularly but always produced with passion The Back to Front Show runs for around 40 minutes per episode and comes to you from the beautiful West Country in the UK. Thanks for listening.","image":"https://backtofrontshow.com/img/itunes-3000x3000.png"}}