{"title":"Around The Web","description":"<p>In the first of our bi-weekly links shows we chat about the latest news on the Editorially team, have some friendly banter about startup culture and Kieran delves into the world of devices.</p>\n\n<ul>\n  <li><a href=\"http://stet.editorially.com/articles/editorially-joins-vox-media/\">Editorially team goes to Vox Media</a></li>\n  <li><a href=\"http://www.sitepoint.com/10-things-need-next-web-idea\">The 10 Things You Should Do When You Have Your Next Web Idea</a></li>\n  <li><a href=\"http://www.inc.com/laura-montini/infographic/how-startup-funding-works-infographic.html\">How Startup Funding Really Works (Infographic)</a></li>\n  <li><a href=\"http://nofilmschool.com/2014/08/disney-engineers-invented-algorithm-edits-footage/\">Disney Engineers Invented an Algorithm That Automatically Edits Multi-Cam Footage</a></li>\n  <li><a href=\"https://www.rollout.io/\">By-pass App Store QA with Rollout</a></li>\n  <li><a href=\"http://connectsdk.com/\">Connect SDK</a></li>\n</ul>\n\n<p>If you have a link for us feel free to get in touch on <a href=\"http://twitter.com/backtofrontshow\">Twitter</a> and <a href=\"https://www.facebook.com/backtofrontshow\">Facebook</a>.</p>","pubdate":"2014-09-11T12:00:00.000Z","link":"https://backtofrontshow.com/episode-25/","guid":"https://backtofrontshow.com/episode-25/","image":"https://backtofrontshow.com/img/itunes-3000x3000.png","podcast":{"title":"The Back to Front Show","description":"The Back to Front show was started in 2013 by web industry veterans Keir Whitaker and Kieran Masterton. Over the first 40 episodes they have discussed everything from web design and development to startups and dog related tech. Today the focus has shifted and includes topics including remote working, working in the web industry, productivity, hipster beards and much more. Released irregularly but always produced with passion The Back to Front Show runs for around 40 minutes per episode and comes to you from the beautiful West Country in the UK. Thanks for listening.","image":"https://backtofrontshow.com/img/itunes-3000x3000.png"}}