{"title":"Back Stories with Oliver Lindberg","description":"<p>In this episode of Back Stories, Keir chats with <a href=\"https://oliverlindberg.com/\">Oliver Lindberg</a>— founder of the new <a href=\"https://pixelpioneers.co/\">Pixel Pioneers</a> web conference series and all round content guru. Topics covered include how to find speakers for your conference, the role of a good editor, how to improve your writing skills, and how to pitch to an editor.</p>\n\n<h3 id=\"oliver-online\">Oliver Online</h3>\n\n<ul>\n  <li><a href=\"https://oliverlindberg.com/\">Oliver’s personal web site</a></li>\n  <li><a href=\"https://twitter.com/oliverlindberg\">Oliver on Twitter</a></li>\n  <li><a href=\"https://pixelpioneers.co/\">Pixel Pioneers</a> — Oliver’s conference series</li>\n  <li><a href=\"https://medium.com/the-lindberg-interviews\">The Lindberg Interviews</a> — Oliver’s interviews</li>\n</ul>","pubdate":"2017-06-01T12:44:24.000Z","link":"https://backtofrontshow.com/back-stories-with-oliver-lindberg/","guid":"https://backtofrontshow.com/back-stories-with-oliver-lindberg/","image":"https://backtofrontshow.com/img/itunes-3000x3000.png","podcast":{"title":"The Back to Front Show","description":"The Back to Front show was started in 2013 by web industry veterans Keir Whitaker and Kieran Masterton. Over the first 40 episodes they have discussed everything from web design and development to startups and dog related tech. Today the focus has shifted and includes topics including remote working, working in the web industry, productivity, hipster beards and much more. Released irregularly but always produced with passion The Back to Front Show runs for around 40 minutes per episode and comes to you from the beautiful West Country in the UK. Thanks for listening.","image":"https://backtofrontshow.com/img/itunes-3000x3000.png"}}