{"title":"Back behind the Yeti&#8217;s","description":"<p>Back from our travels we retrun behind the Yeti’s to discuss everything from the hunt for the perfect email app to the sartorial elegance of modern tech CEO’s. This episode also features a rather spledid retreat venue only four hours from Spokane.</p>\n\n<ul>\n  <li><a href=\"http://theweb.is/\">The Web Is</a></li>\n  <li><a href=\"http://beyondtellerrand.com/berlin-2014/\">Beyond Tellerrand Berlin</a></li>\n  <li><a href=\"https://medium.com/@wwnorton/punctuation-tips-a5e0d4a5e990\">Punctuation Tips</a></li>\n  <li><a href=\"http://www.google.com/inbox/\">Google Inbox</a></li>\n  <li><a href=\"https://blog.gregbrockman.com/figuring-out-the-cto-role-at-stripe\">Define the CTO</a></li>\n  <li><a href=\"http://www.canadianbusiness.com/blogs-and-comment/business-casual-has-become-too-casual/\">Business casual has become a little too casual</a></li>\n  <li><a href=\"http://dogbarkparkinn.com/\">Dog Bark Park Inn</a></li>\n</ul>","pubdate":"2014-11-08T12:00:00.000Z","link":"https://backtofrontshow.com/episode-33/","guid":"https://backtofrontshow.com/episode-33/","image":"https://backtofrontshow.com/img/itunes-3000x3000.png","podcast":{"title":"The Back to Front Show","description":"The Back to Front show was started in 2013 by web industry veterans Keir Whitaker and Kieran Masterton. Over the first 40 episodes they have discussed everything from web design and development to startups and dog related tech. Today the focus has shifted and includes topics including remote working, working in the web industry, productivity, hipster beards and much more. Released irregularly but always produced with passion The Back to Front Show runs for around 40 minutes per episode and comes to you from the beautiful West Country in the UK. Thanks for listening.","image":"https://backtofrontshow.com/img/itunes-3000x3000.png"}}