{"title":"Back Stories with Marc Thiele","description":"<p>Welcome to <a href=\"http://backtofrontshow.com/about#back-stories\">Back Stories</a> — a new series of one on one interviews hosted by Keir Whitaker (one-half of the team behind <a href=\"http://backtofrontshow.com/about/\">The Back to Front Show</a>).</p>\n\n<p>Each episode, unlike the usual show, will come in at 30 minutes and will attempt to delve into the interesting lives of people working in the web, design, tech, publishing, and creative industries.</p>\n\n<p>In this first episode, Keir chats with <a href=\"https://marcthiele.com/\">Marc Thiele</a> — long-time friend and the man behind the <a href=\"https://beyondtellerrand.com/\">Beyond Tellerrand</a> series of web conferences. There’s plenty of ground covered including the early 8 bit days, Flash, events, and more.</p>\n\n<h3 id=\"marc-online\">Marc Online</h3>\n\n<ul>\n  <li><a href=\"https://marcthiele.com/\">Marc’s personal web site</a></li>\n  <li><a href=\"https://twitter.com/marcthiele\">Marc on Twitter</a></li>\n  <li><a href=\"https://beyondtellerrand.com/\">Beyond Tellerrand</a></li>\n  <li><a href=\"http://twumble.com/\">Twumble</a> — Marc’s mostly German language podcast</li>\n  <li><a href=\"http://twumble.com/episodes/time-for-bed-mit-keir-whitaker\">Marc’s interview with Keir on Twumble</a></li>\n</ul>","pubdate":"2016-09-30T07:00:13.000Z","link":"https://backtofrontshow.com/back-stories-marc-thiele/","guid":"https://backtofrontshow.com/back-stories-marc-thiele/","image":"https://backtofrontshow.com/img/itunes-3000x3000.png","podcast":{"title":"The Back to Front Show","description":"The Back to Front show was started in 2013 by web industry veterans Keir Whitaker and Kieran Masterton. Over the first 40 episodes they have discussed everything from web design and development to startups and dog related tech. Today the focus has shifted and includes topics including remote working, working in the web industry, productivity, hipster beards and much more. Released irregularly but always produced with passion The Back to Front Show runs for around 40 minutes per episode and comes to you from the beautiful West Country in the UK. Thanks for listening.","image":"https://backtofrontshow.com/img/itunes-3000x3000.png"}}