{"title":"Back Stories with Kurt Elster","description":"<p>In this episode of Back Stories, Keir chats with <a href=\"http://kurtelster.com/\">Kurt Elster</a> — founder of ecommerce agency <a href=\"https://ethercycle.com/\">Ethercycle</a>, host of the popular <a href=\"http://wcommercehacksweekly.com/\">Ecommerce Hacks Weekly</a> video series, author of <a href=\"http://ecommerce-bootcamp.com/\" title=\"Ecommerce Bootcamp - The Step-by-Step Shopify Marketing Playbook\">Ecommerce Bootcamp</a>, and the host of <a href=\"http://www.unofficialshopifypodcast.com/\" title=\"The Unofficial Shopify Podcast\">The Unofficial Shopify Podcast</a>.</p>\n\n<p>Topics include the benefits of the “peacock” jacket, naming your company, specialisation, automating inbound leads, productised consulting, and much more.</p>\n\n<h3 id=\"kurt-online\">Kurt Online</h3>\n\n<ul>\n  <li><a href=\"http://kurtelster.com/\">Kurt’s personal web site</a></li>\n  <li><a href=\"https://twitter.com/kurtinc\">Kurt on Twitter</a></li>\n  <li><a href=\"http://ecommerce-bootcamp.com\">“Ecommerce Bootcamp”</a> — Kurt’s book</li>\n  <li><a href=\"http://unofficialshopifypodcast.com\">The Unofficial Shopify Podcast</a> — Kurt’s podcast</li>\n  <li><a href=\"http://ethercycle.com\">Ethercycle</a> — Kurt’s company</li>\n  <li><a href=\"http://wcommercehacksweekly.com/\">Ecommerce Hacks Weekly</a> — Kurt’s newsletter</li>\n</ul>","pubdate":"2016-11-09T10:56:51.000Z","link":"https://backtofrontshow.com/back-stories-with-kurt-elster/","guid":"https://backtofrontshow.com/back-stories-with-kurt-elster/","image":"https://backtofrontshow.com/img/itunes-3000x3000.png","podcast":{"title":"The Back to Front Show","description":"The Back to Front show was started in 2013 by web industry veterans Keir Whitaker and Kieran Masterton. Over the first 40 episodes they have discussed everything from web design and development to startups and dog related tech. Today the focus has shifted and includes topics including remote working, working in the web industry, productivity, hipster beards and much more. Released irregularly but always produced with passion The Back to Front Show runs for around 40 minutes per episode and comes to you from the beautiful West Country in the UK. Thanks for listening.","image":"https://backtofrontshow.com/img/itunes-3000x3000.png"}}