{"title":"Back to the Code Face","description":"<p>Episode #012 goes back to the code face with a good chat about some new online services, the hard topic of what to call yourself and an in-depth discussion about the often contentious idea of charging for software and online services.</p>\n\n<ul>\n  <li><a href=\"http://onelastscare.com/\">One Last Scare</a></li>\n  <li><a href=\"http://readdigest.com/\">Digest</a></li>\n  <li><a href=\"http://webbypodcasts.co.uk/\">Webby Podcasts</a></li>\n  <li><a href=\"http://www.coffitivity.com/\">Coffitivity</a></li>\n  <li><a href=\"http://clippingmagic.com/\">Clipping Magic</a></li>\n  <li><a href=\"https://kraken.io/\">Kraken</a></li>\n  <li><a href=\"http://wearemakers.org/\">We are Makers</a></li>\n  <li><a href=\"http://css-tricks.com/job-titles-in-the-web-industry/\">Web industry job titles</a></li>\n  <li><a href=\"https://blog.twitter.com/2013/twitter-university-building-a-world-class-engineering-organization\">Twitter Uni</a></li>\n  <li><a href=\"http://www.indiegogo.com/projects/petzila-connect-interact-and-reward-your-dog-from-anywhere-at-anytime\">Petzila</a></li>\n</ul>","pubdate":"2013-08-22T05:00:00.000Z","link":"https://backtofrontshow.com/episode-12/","guid":"https://backtofrontshow.com/episode-12/","image":"https://backtofrontshow.com/img/itunes-3000x3000.png","podcast":{"title":"The Back to Front Show","description":"The Back to Front show was started in 2013 by web industry veterans Keir Whitaker and Kieran Masterton. Over the first 40 episodes they have discussed everything from web design and development to startups and dog related tech. Today the focus has shifted and includes topics including remote working, working in the web industry, productivity, hipster beards and much more. Released irregularly but always produced with passion The Back to Front Show runs for around 40 minutes per episode and comes to you from the beautiful West Country in the UK. Thanks for listening.","image":"https://backtofrontshow.com/img/itunes-3000x3000.png"}}