{"title":"Back to School","description":"<p>Kieran goes back to school this week and in between setting assignments for his new cohort we manage to discuss Keir’s recent trip to Brighton for the rather good Reasons to be Creative event, a tool for getting your clients content in order, speed tips, Ken and Ryu and end with a discussion on the dream startup team.</p>\n\n<ul>\n  <li><a href=\"http://reasons.to/\">Reasons to be Creative</a></li>\n  <li><a href=\"http://blog.eventbrite.com/eventbrite-acquires-eventioz-and-lanyrd/\">Lanyrd acquired by Eventbrite</a></li>\n  <li><a href=\"http://www.speedawarenessmonth.com/\">Speed Awareness Month</a></li>\n  <li><a href=\"https://www.gathercontent.com/\">Gather Content</a></li>\n  <li><a href=\"http://www.youtube.com/watch?v=2gZBITO5GwI\">I Am Street Fighter</a></li>\n  <li><a href=\"https://medium.com/on-startups/1308a8f17137\">Enter the Seller Founder</a></li>\n  <li><a href=\"http://www.blessthisstuff.com/stuff/living/misc-living/garmin-astro-dog-tracking-system/\">Garmin Astro</a></li>\n</ul>","pubdate":"2013-09-07T07:01:16.000Z","link":"https://backtofrontshow.com/episode-14/","guid":"https://backtofrontshow.com/episode-14/","image":"https://backtofrontshow.com/img/itunes-3000x3000.png","podcast":{"title":"The Back to Front Show","description":"The Back to Front show was started in 2013 by web industry veterans Keir Whitaker and Kieran Masterton. Over the first 40 episodes they have discussed everything from web design and development to startups and dog related tech. Today the focus has shifted and includes topics including remote working, working in the web industry, productivity, hipster beards and much more. Released irregularly but always produced with passion The Back to Front Show runs for around 40 minutes per episode and comes to you from the beautiful West Country in the UK. Thanks for listening.","image":"https://backtofrontshow.com/img/itunes-3000x3000.png"}}