{
    "title": "Back Stories with Craig Lockwood",
    "description": "<p>Welcome to the second episode of <a href=\"http://backtofrontshow.com/about#back-stories\">Back Stories</a> — a new series of one on one interviews hosted by Keir Whitaker (one-half of the team behind <a href=\"http://backtofrontshow.com/about/\">The Back to Front Show</a>).</p>\n\n<p>In this episode, Keir is joined by <a href=\"http://www.craiglockwood.co.uk/\">Craig Lockwood</a> — long time friend of the show and the man behind endeavours including software, events, co-working spaces, and more. In this very open and honest account of his work and life, Craig shares his experiences of working in the web and tech industry.</p>\n\n<h3 id=\"craig-online\">Craig Online</h3>\n\n<ul>\n  <li><a href=\"http://www.craiglockwood.co.uk/\">Craig’s personal web site</a></li>\n  <li><a href=\"https://twitter.com/craiginwales\">Craig on Twitter</a></li>\n  <li><a href=\"http://www.shopish.co.uk\">Shopish</a> — Craig’s day job</li>\n  <li><a href=\"http://www.myfitstat.com\">Fit Stat</a> — Craig’s side project</li>\n</ul>",
    "pubdate": "2016-10-13T09:15:52.000Z",
    "link": "https://backtofrontshow.com/back-stories-craig-lockwood/",
    "guid": "https://backtofrontshow.com/back-stories-craig-lockwood/",
    "image": "https://backtofrontshow.com/img/itunes-3000x3000.png",
    "podcast": {
        "title": "The Back to Front Show",
        "description": "The Back to Front show was started in 2013 by web industry veterans Keir Whitaker and Kieran Masterton. Over the first 40 episodes they have discussed everything from web design and development to startups and dog related tech. Today the focus has shifted and includes topics including remote working, working in the web industry, productivity, hipster beards and much more. Released irregularly but always produced with passion The Back to Front Show runs for around 40 minutes per episode and comes to you from the beautiful West Country in the UK. Thanks for listening.",
        "image": "https://backtofrontshow.com/img/itunes-3000x3000.png"
    }
}