{"title":"Celebrities on KickStarter","description":"<p>This weeks show is kindly supported by Insites: ConfShop â€” A unique one day event for web workers focused on openness, sharing and learning taking place in London on Friday July 5th. Tickets are limited to 100 and are available for Â£125.</p>\n\n<p>In this episode we tell you about our new “studio”, discuss the route to inner nirvana (no really), the “problem” of celebrities on KickStarter and ask whether Ghost is the future of blogging as we know it.</p>\n\n<ul>\n  <li><a href=\"http://viewportindustries.com/\">Insites: ConfShop</a></li>\n  <li><a href=\"http://twitter.con/joncarlmatthews\">JonM</a></li>\n  <li><a href=\"http://vimeo.com/ondeamnd\">Vimeo on Demand</a></li>\n  <li><a href=\"http://www.inc.com/kevin-daum/8-things-really-successful-people-do.html\">8 Things Really Successful People Do</a></li>\n  <li><a href=\"http://appleinsider.com/articles/13/05/08/unikey-kevo-aims-to-turn-apples-iphone-into-the-ultimate-secure-wireless-house-key\">Kwikset Kivo</a></li>\n  <li><a href=\"http://www.wired.co.uk/news/archive/2013-05/1/zach-braff-kickstarter\">Celebrities on KickStarter</a></li>\n  <li><a href=\"http://www.youtube.com/watch?v=TXtpoO_DlDM\">Rockford Files Titles</a></li>\n  <li><a href=\"http://www.kickstarter.com/projects/johnonolan/ghost-just-a-blogging-platform\">Ghost: Just a Blogging Platform</a></li>\n  <li><a href=\"http://www.coffitivity.com/\">Coffitivity</a></li>\n</ul>\n\n<p>Thanks again to Insites: ConfShop for supporting this weeks episode.</p>","pubdate":"2013-05-13T09:00:00.000Z","link":"https://backtofrontshow.com/episode-8/","guid":"https://backtofrontshow.com/episode-8/","image":"https://backtofrontshow.com/img/itunes-3000x3000.png","podcast":{"title":"The Back to Front Show","description":"The Back to Front show was started in 2013 by web industry veterans Keir Whitaker and Kieran Masterton. Over the first 40 episodes they have discussed everything from web design and development to startups and dog related tech. Today the focus has shifted and includes topics including remote working, working in the web industry, productivity, hipster beards and much more. Released irregularly but always produced with passion The Back to Front Show runs for around 40 minutes per episode and comes to you from the beautiful West Country in the UK. Thanks for listening.","image":"https://backtofrontshow.com/img/itunes-3000x3000.png"}}