{"title":"Conferences","description":"<p>In this episode we discuss all things relating to web conferences from the different style of events, costs and benefits, the long tail value of meeting like minded people and what you can expect if you are attending your first event.</p>\n\n<ul>\n  <li><a href=\"http://beyondtellerrand.com/\">Beyond Tellerrand</a></li>\n  <li><a href=\"http://breakconf.org/\">Break</a></li>\n  <li><a href=\"http://reasons.to/\">Reasons to be Creative</a></li>\n  <li><a href=\"http://mkgeeknight.co.uk/\">MK Geek Night</a></li>\n  <li><a href=\"http://www.secondwednesday.org.uk/\">Second Wednesday</a></li>\n</ul>\n\n<p>If you like our show please feel free to <a href=\"https://itunes.apple.com/gb/podcast/the-back-to-front-show/id594631752?mt=2\">leave us a review on iTunes</a>.</p>","pubdate":"2014-09-18T12:00:00.000Z","link":"https://backtofrontshow.com/episode-26/","guid":"https://backtofrontshow.com/episode-26/","image":"https://backtofrontshow.com/img/itunes-3000x3000.png","podcast":{"title":"The Back to Front Show","description":"The Back to Front show was started in 2013 by web industry veterans Keir Whitaker and Kieran Masterton. Over the first 40 episodes they have discussed everything from web design and development to startups and dog related tech. Today the focus has shifted and includes topics including remote working, working in the web industry, productivity, hipster beards and much more. Released irregularly but always produced with passion The Back to Front Show runs for around 40 minutes per episode and comes to you from the beautiful West Country in the UK. Thanks for listening.","image":"https://backtofrontshow.com/img/itunes-3000x3000.png"}}