{"title":"Domains","description":"<p>Behind every great idea lies a great domain, or is it the other way round? This week we discuss the domains we keep renewing in the hope of one day using, the original ideas behind them and whether or not they will ever see the light of day.</p>\n\n<ul>\n  <li><a href=\"https://www.youtube.com/watch?v=h-3pJCVFIkk\">80’s Weetabix adverts</a></li>\n  <li><a href=\"http://comediansincarsgettingcoffee.com/\">Comedians in cars getting coffee</a></li>\n  <li><a href=\"http://mkgeeknight.co.uk/\">MK Geek Night</a></li>\n  <li><a href=\"http://breakconf.org/\">Break Conf</a></li>\n  <li><a href=\"http://wiw.org/~jess/wp-content/uploads/2006/09/fonzgang.jpg\">Mr.Cool from Happy Days</a></li>\n</ul>\n\n<p>If you like our show please feel free to <a href=\"https://itunes.apple.com/gb/podcast/the-back-to-front-show/id594631752?mt=2\">leave us a review on iTunes</a>.</p>","pubdate":"2014-10-02T12:00:00.000Z","link":"https://backtofrontshow.com/episode-28/","guid":"https://backtofrontshow.com/episode-28/","image":"https://backtofrontshow.com/img/itunes-3000x3000.png","podcast":{"title":"The Back to Front Show","description":"The Back to Front show was started in 2013 by web industry veterans Keir Whitaker and Kieran Masterton. Over the first 40 episodes they have discussed everything from web design and development to startups and dog related tech. Today the focus has shifted and includes topics including remote working, working in the web industry, productivity, hipster beards and much more. Released irregularly but always produced with passion The Back to Front Show runs for around 40 minutes per episode and comes to you from the beautiful West Country in the UK. Thanks for listening.","image":"https://backtofrontshow.com/img/itunes-3000x3000.png"}}