{"title":"Episode 31","description":"<p>.—\ntitle: Live with a Flat White\ndate: 2014-10-24T12:00:00+00:00\nlayout: default\npermalink: /episode-31/\nmedia: http://audio.backtofrontshow.com/backtofrontshow-031.mp3\nlength: 22348731\nduration: “00:28:23”\nimage: /img/hero-episode-031.jpg\n—\nThis week Kieran joins us live via a pair of Apple headphones from <a href=\"http://www.coffee1.co.uk/our-locations/wells/\">Coffee #1</a>. Complete with baristas creating flat whites and the chitter chatter of remote workers typing away we throw audio fidelity to the wind and freestyle over a few links from <a href=\"http://keirwhitaker.com/links/\">Keir’s web site</a>.</p>\n\n<ul>\n  <li><a href=\"http://www.codebasehq.com/\">Codebase</a></li>\n  <li><a href=\"http://www.deployhq.com/\">Deploy</a></li>\n  <li><a href=\"http://www.dial9.co.uk/\">Dial 9</a></li>\n  <li><a href=\"http://sirportly.com/\">Sirportly</a></li>\n  <li><a href=\"http://keirwhitaker.com/plug\">Keir’s 404 page</a></li>\n  <li><a href=\"http://wpshed.com/quick-tip-mamp-pro-apache-failed-start-os-x-yosemite/\">MAMP Pro Apache Failed to Start on OS X Yosemite</a></li>\n  <li><a href=\"http://lawrencenaman.com/optimisation/print-media-queries-not-working/\">Print media queries not working?</a></li>\n  <li><a href=\"http://vimeo.com/107567840\">Briefly</a></li>\n  <li><a href=\"http://vimeo.com/103554797\">A Brief Look at Texting and the Internet in Film</a></li>\n  <li><a href=\"http://en.bab.la/dictionary/german-english/warmduscher\">Warmduscher</a></li>\n</ul>","pubdate":"2014-10-24T00:00:00.000Z","link":"https://backtofrontshow.com/episode-31/","guid":"https://backtofrontshow.com/episode-31/","image":"https://backtofrontshow.com/img/itunes-3000x3000.png","podcast":{"title":"The Back to Front Show","description":"The Back to Front show was started in 2013 by web industry veterans Keir Whitaker and Kieran Masterton. Over the first 40 episodes they have discussed everything from web design and development to startups and dog related tech. Today the focus has shifted and includes topics including remote working, working in the web industry, productivity, hipster beards and much more. Released irregularly but always produced with passion The Back to Front Show runs for around 40 minutes per episode and comes to you from the beautiful West Country in the UK. Thanks for listening.","image":"https://backtofrontshow.com/img/itunes-3000x3000.png"}}