{"title":"Excuses, what Excuses","description":"<p>No it’s not a mirage, this really is #023 of our occasional podcast. We must do better! Excuses are in abundance after which we discuss a whole raft of topics – some even web related!</p>\n\n<ul>\n  <li><a href=\"http://2014.beyondtellerrand.com/\">Beyond Tellerrand</a></li>\n  <li><a href=\"http://webteachingday.wordpress.com/\">Web Teaching Day</a></li>\n  <li><a href=\"http://www.craiglockwood.co.uk/blog/the-web-is-responsive\">New pricing for The Web.IS</a></li>\n  <li><a href=\"http://mikekus.com/portfolio/shopify\">Mike Kus designed a t-shirt for Shopify</a></li>\n  <li><a href=\"https://www.cakebrew.com/\">Cakebrew</a></li>\n  <li><a href=\"http://fstoppers.com/bringing-pan-am-back-to-life-photographing-and-lighting-the-first-class-cabin-of-a-747\">Bringing Pan Am Back To Life</a></li>\n  <li><a href=\"http://css-tricks.com/video-screencasts/133-figuring-responsive-images\">Figuring Out Responsive Images</a></li>\n  <li><a href=\"http://oozled.com/\">Oozled</a></li>\n  <li><a href=\"https://www.youtube.com/watch?v=ldx4ZFxMEeo&amp;hd=1\">Normalising designs for better quality CSS</a></li>\n  <li><a href=\"http://www.mydogsvoyce.com/\">Dog Tech is back!</a></li>\n</ul>","pubdate":"2014-05-28T07:20:18.000Z","link":"https://backtofrontshow.com/episode-23/","guid":"https://backtofrontshow.com/episode-23/","image":"https://backtofrontshow.com/img/itunes-3000x3000.png","podcast":{"title":"The Back to Front Show","description":"The Back to Front show was started in 2013 by web industry veterans Keir Whitaker and Kieran Masterton. Over the first 40 episodes they have discussed everything from web design and development to startups and dog related tech. Today the focus has shifted and includes topics including remote working, working in the web industry, productivity, hipster beards and much more. Released irregularly but always produced with passion The Back to Front Show runs for around 40 minutes per episode and comes to you from the beautiful West Country in the UK. Thanks for listening.","image":"https://backtofrontshow.com/img/itunes-3000x3000.png"}}