{"title":"Free Content Forever?","description":"<p>In this week’s episode, we turn our gaze to the topic of ad-blockers and paid content. We discuss Vitaly from Smashing Magazine’s recent post looking at how they are funding their content strategy and discuss our own views on paying for digital content.</p>\n\n<p>As always we book end the show with some “bants” including heartfelt thanks to some of our favourite supporters and a nod to a Cornish brewing companies new site.</p>\n\n<ul>\n  <li><a href=\"https://fiveandlime.com/the-love-of-a-grilled-cheese-b965dde7c3c8\">Keir’s controversial “Grilled Cheese” post</a></li>\n  <li><a href=\"http://www.dallasnews.com/lifestyles/food-wine/food-wine-headlines/20150310-grilled-cheese-sandwiches-are-getting-their-hipster-revival.ece\">The Grilled Cheese Hipster Revival</a></li>\n  <li><a href=\"https://www.smashingmagazine.com/2016/03/never-ending-story-ad-blockers/\">Vitaly’s article on Ad-Blockers</a></li>\n  <li><a href=\"http://verdantbrewing.co\">Verdant Brewing Co</a></li>\n</ul>","pubdate":"2016-03-19T14:23:53.000Z","link":"https://backtofrontshow.com/episode-41/","guid":"https://backtofrontshow.com/episode-41/","image":"https://backtofrontshow.com/img/itunes-3000x3000.png","podcast":{"title":"The Back to Front Show","description":"The Back to Front show was started in 2013 by web industry veterans Keir Whitaker and Kieran Masterton. Over the first 40 episodes they have discussed everything from web design and development to startups and dog related tech. Today the focus has shifted and includes topics including remote working, working in the web industry, productivity, hipster beards and much more. Released irregularly but always produced with passion The Back to Front Show runs for around 40 minutes per episode and comes to you from the beautiful West Country in the UK. Thanks for listening.","image":"https://backtofrontshow.com/img/itunes-3000x3000.png"}}