{"title":"Frost on Speaking","description":"<p>This weeks episode is kindly supported by Squarespace, the all-in-one platform that makes it fast and easy to create your own professional website or online portfolio. For a free trial and a massive 10% off, go to squarespace.com and use offer code Backtofront10.</p>\n\n<p>In this episode we discuss Google’s foray into the IDE land, Brad Frost’s great post on speaking, Ace Hotel’s unique approach to web marketing and finish with the first use of the word p**n on the show. Rest assured it’s 100% SFW.</p>\n\n<ul>\n  <li><a href=\"http://hyperisland.se/\">Hyper Island</a></li>\n  <li><a href=\"http://instagram.com/p/e9y924Br2G/\">Kieran’s wood burner</a></li>\n  <li><a href=\"http://www.engadget.com/2013/09/22/overcast-podcast-app/\">Overcast</a></li>\n  <li><a href=\"https://www.google.com/webdesigner/\">Google Web Designer (Beta)</a></li>\n  <li><a href=\"http://store.steampowered.com/livingroom/\">Valve release Steam OS &amp; Steam Machines</a></li>\n  <li><a href=\"http://www.squarespace.com/stories\">Squarespace Stories</a></li>\n  <li><a href=\"http://bradfrostweb.com/blog/post/on-speaking/\">On Speaking by Brad Frost</a></li>\n  <li><a href=\"http://news.jam-factory.com/\">Jam Factory</a></li>\n  <li><a href=\"http://blog.mailchimp.com/ace-hotels-thoughtful-e-commerce-curation/\">Ace Hotel’s Thoughtful E-commerce Curation</a></li>\n  <li><a href=\"http://cabinporn.com/\">Cabin Porn</a></li>\n  <li><a href=\"http://supplies.cabinporn.com/\">Cabin Porn Supplies</a></li>\n  <li><a href=\"http://brooklynbeta.org/\">Brooklyn Beta</a></li>\n</ul>","pubdate":"2013-10-03T02:00:00.000Z","link":"https://backtofrontshow.com/episode-17/","guid":"https://backtofrontshow.com/episode-17/","image":"https://backtofrontshow.com/img/itunes-3000x3000.png","podcast":{"title":"The Back to Front Show","description":"The Back to Front show was started in 2013 by web industry veterans Keir Whitaker and Kieran Masterton. Over the first 40 episodes they have discussed everything from web design and development to startups and dog related tech. Today the focus has shifted and includes topics including remote working, working in the web industry, productivity, hipster beards and much more. Released irregularly but always produced with passion The Back to Front Show runs for around 40 minutes per episode and comes to you from the beautiful West Country in the UK. Thanks for listening.","image":"https://backtofrontshow.com/img/itunes-3000x3000.png"}}