{"title":"Getty goes Free","description":"<p>Six links and just under one hour of chat, what are we playing at? Variety is the name of the game this week. We discuss Kieran’s new event, Getty Images big news, magazine web sites, Netflix, coding standards, text editors and round off with the Mark Cuban’s best ever investment.</p>\n\n<ul>\n  <li><a href=\"http://theweb.is/\">The Web Is</a></li>\n  <li><a href=\"http://ind.ie/direct\">Indie Direct</a></li>\n  <li><a href=\"http://www.theverge.com/2014/3/5/5475202/getty-images-made-its-pictures-free-to-use\">Getty Images goes Free</a></li>\n  <li><a href=\"http://readdigest.com/\">Digest Magazine</a></li>\n  <li><a href=\"http://uppercasemagazine.com/\">Uppercase Magazine</a></li>\n  <li><a href=\"http://variety.com/2014/digital/news/netflix-makes-plans-to-move-into-europe-but-it-faces-fights-from-local-competitors-1201125910/\">Netflix 2014 European Expansion</a></li>\n  <li><a href=\"http://mdo.github.io/code-guide/\">Code Guide by @mdo</a></li>\n  <li><a href=\"https://atom.io/\">Atom</a></li>\n  <li><a href=\"http://huvrtech.com/\">Huvr</a></li>\n</ul>","pubdate":"2014-03-08T02:00:00.000Z","link":"https://backtofrontshow.com/episode-22/","guid":"https://backtofrontshow.com/episode-22/","image":"https://backtofrontshow.com/img/itunes-3000x3000.png","podcast":{"title":"The Back to Front Show","description":"The Back to Front show was started in 2013 by web industry veterans Keir Whitaker and Kieran Masterton. Over the first 40 episodes they have discussed everything from web design and development to startups and dog related tech. Today the focus has shifted and includes topics including remote working, working in the web industry, productivity, hipster beards and much more. Released irregularly but always produced with passion The Back to Front Show runs for around 40 minutes per episode and comes to you from the beautiful West Country in the UK. Thanks for listening.","image":"https://backtofrontshow.com/img/itunes-3000x3000.png"}}