{"title":"Hacker not Cracker","description":"<p>We are back once again (albeit a few <del>days</del> weeks late). Illness, travel and house moves put things on hold but we’ll be back in full force in the run up to the holiday season. This week we welcome in our new logo courtesy of Sean Johnson and pick out four links and topical stories we found of interest over the last few weeks.</p>\n\n<ul>\n  <li><a href=\"http://www.seanjohnson.net/\">Sean Johnson</a></li>\n  <li><a href=\"http://hashtagnomads.com/?ref=nomadlist.io\">Nomad Community</a></li>\n  <li><a href=\"http://browser.yandex.com/\">Yandex Browser</a></li>\n  <li><a href=\"http://nofilmschool.com/2015/11/creators-will-make-90-sales-bittorrent-bundles-paygates\">Bittorrent bundles</a></li>\n  <li><a href=\"http://fusion.net/story/31116/inside-sony-pictures-employees-are-panicking-about-their-hacked-personal-data%20&amp; http://www.wired.com/2014/12/sony-hack-what-we-know/\">Sony Hack</a></li>\n</ul>","pubdate":"2014-12-08T13:44:48.000Z","link":"https://backtofrontshow.com/episode-34/","guid":"https://backtofrontshow.com/episode-34/","image":"https://backtofrontshow.com/img/itunes-3000x3000.png","podcast":{"title":"The Back to Front Show","description":"The Back to Front show was started in 2013 by web industry veterans Keir Whitaker and Kieran Masterton. Over the first 40 episodes they have discussed everything from web design and development to startups and dog related tech. Today the focus has shifted and includes topics including remote working, working in the web industry, productivity, hipster beards and much more. Released irregularly but always produced with passion The Back to Front Show runs for around 40 minutes per episode and comes to you from the beautiful West Country in the UK. Thanks for listening.","image":"https://backtofrontshow.com/img/itunes-3000x3000.png"}}