{"title":"Happy New Year","description":"<p>Like the proverbial phoenix, we have risen! Kieran is back and we finally wish each other a happy new year. This episode we try and get to the bottom of why we weren’t nominated for a Net Award, this as you might imagine takes a while.</p>\n\n<p>We ask the other burning question of the week, that being is <a>Harry Roberts</a> (the one and only CSS Wizard) really under 25. We also manage to chat about some of the recent happenings in the web industry – no really we do. It’s good to be back.</p>\n\n<ul>\n  <li><a href=\"https://thenetawards.com/\">Net Awards</a></li>\n  <li><a href=\"http://stet.editorially.com/articles/goodbye/\">Goodbye Editorially</a></li>\n  <li><a href=\"https://37signals.com/\">37signals becomes Basecamp</a></li>\n  <li><a href=\"http://rachelandrew.co.uk/books/the-profitable-side-project\">The Profitable Side Project</a></li>\n  <li><a href=\"http://alldayer.mkgeeknight.co.uk/\">MK Geek Night All Dayer</a></li>\n  <li><a href=\"https://dweet.io/\">Twitter for Machines</a></li>\n  <li><a href=\"http://ownercamp.com/\">Ownercamp</a></li>\n  <li><a href=\"http://flapmmo.com/\">Flappy Birds MMO</a></li>\n</ul>","pubdate":"2014-02-20T09:00:00.000Z","link":"https://backtofrontshow.com/episode-21/","guid":"https://backtofrontshow.com/episode-21/","image":"https://backtofrontshow.com/img/itunes-3000x3000.png","podcast":{"title":"The Back to Front Show","description":"The Back to Front show was started in 2013 by web industry veterans Keir Whitaker and Kieran Masterton. Over the first 40 episodes they have discussed everything from web design and development to startups and dog related tech. Today the focus has shifted and includes topics including remote working, working in the web industry, productivity, hipster beards and much more. Released irregularly but always produced with passion The Back to Front Show runs for around 40 minutes per episode and comes to you from the beautiful West Country in the UK. Thanks for listening.","image":"https://backtofrontshow.com/img/itunes-3000x3000.png"}}