{"title":"He Who Dares Pays","description":"<p>Episode #004 is kindly supported by <a href=\"http://www.handheldconf.com/\">Handheld</a> – a conference focusing on “big ideas for small devices” taking place in Cardiff, UK on November 27th – 28th. Early bird tickets are a snip at £99 + VAT (regular price £139 + VAT). Read <a href=\"http://www.craiglockwood.co.uk/mobile/introducing-handheld-2013/\">Craig’s post</a> announcing the conference for more details. And yes, there’s a band!</p>\n\n<ul>\n  <li><a href=\"http://www.handheldconf.com/\">Handheld Conference</a></li>\n  <li><a href=\"http://niice.co/\">Niice</a></li>\n  <li><a href=\"http://www.jordanm.co.uk/members\">Jordan Moore Membership</a></li>\n  <li><a href=\"https://getmyo.com/\">Myo</a></li>\n  <li><a href=\"http://vhx.tv/\">VHX</a></li>\n  <li><a href=\"http://getharvest.com/\">Harvest</a></li>\n  <li><a href=\"http://xero.com/\">Xero</a></li>\n  <li><a href=\"https://basecamp.com/personal\">Basecamp Personal</a></li>\n  <li><a href=\"http://codebasehq.com/\">Codebase</a></li>\n  <li><a href=\"http://get.gaug.es/\">Gauges</a></li>\n  <li><a href=\"http://github.com/\">Github</a></li>\n  <li><a href=\"http://freeagent.com/\">FreeAgent</a></li>\n  <li><a href=\"http://www.google.com/intl/en_uk/enterprise/apps/business/\">Google Apps</a></li>\n  <li><a href=\"http://railscasts.com/\">Rails Casts</a></li>\n  <li><a href=\"http://plaidmaker.com/\">Plaid Maker</a></li>\n  <li><a href=\"http://stachist.com/\">Stachist</a></li>\n</ul>\n\n<p>Thanks again to <a href=\"http://www.handheldconf.com/\">Handheld Conf</a> for supporting this episode</p>","pubdate":"2013-02-26T06:30:00.000Z","link":"https://backtofrontshow.com/episode-4/","guid":"https://backtofrontshow.com/episode-4/","image":"https://backtofrontshow.com/img/itunes-3000x3000.png","podcast":{"title":"The Back to Front Show","description":"The Back to Front show was started in 2013 by web industry veterans Keir Whitaker and Kieran Masterton. Over the first 40 episodes they have discussed everything from web design and development to startups and dog related tech. Today the focus has shifted and includes topics including remote working, working in the web industry, productivity, hipster beards and much more. Released irregularly but always produced with passion The Back to Front Show runs for around 40 minutes per episode and comes to you from the beautiful West Country in the UK. Thanks for listening.","image":"https://backtofrontshow.com/img/itunes-3000x3000.png"}}