{"title":"How Not to Run a Competition","description":"<p>In the 11th instalment of our artisanal hand-crafted high-fidelity podcast we prove that despite being able to bring up a LAMP stack in under 12 minutes we are utterly incapable of running a competition. Listen in and find out who the two, yes two, winners of Keir’s lunchbox are! We also discuss Keir’s (and Elliot’s) latest publication called Digest, chat about a new design trend, shine a light on a new screencasting service and ask if online comments are dead.</p>\n\n<ul>\n  <li><a href=\"http://keirwhitaker.com/archive/print-is-dead-long-live-print\">Digest</a></li>\n  <li><a href=\"http://www.thefreelanceweb.com/\">The Freelance Web</a></li>\n  <li><a href=\"http://hired.fm/episode/10\">Hired podcast</a></li>\n  <li><a href=\"http://felttip.com/ss\">Sound Studio</a></li>\n  <li><a href=\"http://hindenburgsystems.com/\">Hindenburg Systems</a></li>\n  <li><a href=\"http://quickcast.io/\">Quickcast</a></li>\n  <li><a href=\"http://boagworld.com/dev/should-web-professionals-all-be-able-to-code\">Should all web professionals be able to code?</a></li>\n  <li><a href=\"http://www.cxpartners.co.uk/cxblog/appropriate-design\">Appropriate design</a></li>\n  <li><a href=\"http://disqus.com/\">Disqus</a></li>\n  <li><a href=\"http://hipsterlogo.com/\">Hipster logo</a></li>\n</ul>","pubdate":"2013-08-07T06:25:57.000Z","link":"https://backtofrontshow.com/episode-11/","guid":"https://backtofrontshow.com/episode-11/","image":"https://backtofrontshow.com/img/itunes-3000x3000.png","podcast":{"title":"The Back to Front Show","description":"The Back to Front show was started in 2013 by web industry veterans Keir Whitaker and Kieran Masterton. Over the first 40 episodes they have discussed everything from web design and development to startups and dog related tech. Today the focus has shifted and includes topics including remote working, working in the web industry, productivity, hipster beards and much more. Released irregularly but always produced with passion The Back to Front Show runs for around 40 minutes per episode and comes to you from the beautiful West Country in the UK. Thanks for listening.","image":"https://backtofrontshow.com/img/itunes-3000x3000.png"}}