{"title":"How to Work Remotely","description":"<p>We are back after a what can only be termed a travel enforced sabbatical. This week we chat about two new books focusing on remote working, Kieran regales us with more eco-living tales and we discuss why our industry seems obsessed on building businesses to flip.</p>\n\n<ul>\n  <li><a href=\"http://brooklynbeta.org/\">Brooklyn Beta</a></li>\n  <li><a href=\"http://2013.buildconf.com/\">Build</a></li>\n  <li><a href=\"http://handheldconf.com/\">Handheld</a></li>\n  <li><a href=\"http://imagehost.vendio.com/a/28304091/aview/grenade_2.jpg\">Wood Grenade</a></li>\n  <li><a href=\"http://mobile.smashingmagazine.com/2013/10/24/automate-your-responsive-images-with-mobify-js/#mobile-navigation\">Automate Your Responsive Images With Mobify.js</a></li>\n  <li><a href=\"http://37signals.com/remote/\">Remote by 37signals</a></li>\n  <li><a href=\"http://scottberkun.com/yearwithoutpants/\">Year Without Pants</a></li>\n  <li><a href=\"http://www.knocktounlock.com/\">Knock to Unlock</a></li>\n  <li><a href=\"http://nakedsecurity.sophos.com/2013/11/04/anatomy-of-a-password-disaster-adobes-giant-sized-cryptographic-blunder/\">Anatomy of a Password Disaster</a></li>\n  <li><a href=\"http://www.theverge.com/2013/11/5/5039216/everpix-life-and-death-inside-the-worlds-best-photo-startup\">The Death of Everpix</a></li>\n  <li><a href=\"http://warbybarker.com/\">Warby Barker</a></li>\n</ul>","pubdate":"2013-11-12T01:00:00.000Z","link":"https://backtofrontshow.com/episode-18/","guid":"https://backtofrontshow.com/episode-18/","image":"https://backtofrontshow.com/img/itunes-3000x3000.png","podcast":{"title":"The Back to Front Show","description":"The Back to Front show was started in 2013 by web industry veterans Keir Whitaker and Kieran Masterton. Over the first 40 episodes they have discussed everything from web design and development to startups and dog related tech. Today the focus has shifted and includes topics including remote working, working in the web industry, productivity, hipster beards and much more. Released irregularly but always produced with passion The Back to Front Show runs for around 40 minutes per episode and comes to you from the beautiful West Country in the UK. Thanks for listening.","image":"https://backtofrontshow.com/img/itunes-3000x3000.png"}}