{"title":"Mixed Bag","description":"<p>Episode #016 sees us discussing the recent Generate Conference in London, Shopify’s amazing Build a Business annual contest, faces for apps, Happy Cog giving us insights into their workflow and a couple of revisits including Editorially and Draft.</p>\n\n<ul>\n  <li><a href=\"http://www.generateconf.com/\">Generate Conf</a></li>\n  <li><a href=\"http://distrify.com/\">Distrify</a></li>\n  <li><a href=\"http://www.shopify.com/build-a-business\">Shopify: Build A Business</a></li>\n  <li><a href=\"http://insideintercom.io/the-dribbblisation-of-design/\">The Dribbblisation of Design</a></li>\n  <li><a href=\"http://facebox.io/\">Facebox.io</a></li>\n  <li><a href=\"http://uifaces.com/\">UI Faces</a></li>\n  <li><a href=\"http://mac.appstorm.net/how-to/internet-howto/turning-mail-app-into-the-best-mac-email-app/\">Pimping mail.app</a></li>\n  <li><a href=\"http://happycog.com/way/\">The Happy Cog Way</a></li>\n  <li><a href=\"http://content.box.com/?elqPURLPage=211\">Box Notes</a></li>\n  <li><a href=\"http://blog.editorially.com/post/60769345200/doors-are-open\">Editorially out of Beta</a></li>\n  <li><a href=\"http://ninjasandrobots.com/draft-announcements-hemingway-mode-wordgoogle-docs-support-kindle-exports-and-more\">Draft’s Hemingway mode</a></li>\n</ul>","pubdate":"2013-09-25T02:00:00.000Z","link":"https://backtofrontshow.com/episode-16/","guid":"https://backtofrontshow.com/episode-16/","image":"https://backtofrontshow.com/img/itunes-3000x3000.png","podcast":{"title":"The Back to Front Show","description":"The Back to Front show was started in 2013 by web industry veterans Keir Whitaker and Kieran Masterton. Over the first 40 episodes they have discussed everything from web design and development to startups and dog related tech. Today the focus has shifted and includes topics including remote working, working in the web industry, productivity, hipster beards and much more. Released irregularly but always produced with passion The Back to Front Show runs for around 40 minutes per episode and comes to you from the beautiful West Country in the UK. Thanks for listening.","image":"https://backtofrontshow.com/img/itunes-3000x3000.png"}}