{"title":"Moving Away from the Code Face","description":"<p>Like a phoenix from the flames, we have risen. Our year long retreat for slightly overweight tech men from the South West of England is officially over. We’ve eaten the kale, cleansed ourselves, got the glow and are now itching to get back behind the mics. It’s out with the Yeti’s and in with a spanking new steed for Kieran and a less than great “Madonna” mic for Keir.</p>\n\n<p>In this week’s episode, we discuss where on earth we’ve been for the last 13 months, chat about how we’ve moved away from the code face and share experiences of a life away from daily development.</p>\n\n<p>Finally, we announce the winner of the longest competition in Back to Front Show history!</p>\n\n<p>It’s good to be back.</p>","pubdate":"2016-02-24T10:05:26.000Z","link":"https://backtofrontshow.com/episode-39/","guid":"https://backtofrontshow.com/episode-39/","image":"https://backtofrontshow.com/img/itunes-3000x3000.png","podcast":{"title":"The Back to Front Show","description":"The Back to Front show was started in 2013 by web industry veterans Keir Whitaker and Kieran Masterton. Over the first 40 episodes they have discussed everything from web design and development to startups and dog related tech. Today the focus has shifted and includes topics including remote working, working in the web industry, productivity, hipster beards and much more. Released irregularly but always produced with passion The Back to Front Show runs for around 40 minutes per episode and comes to you from the beautiful West Country in the UK. Thanks for listening.","image":"https://backtofrontshow.com/img/itunes-3000x3000.png"}}