{"title":"New Flickr, New Digg!","description":"<p>We are back behind the Yeti’s to discuss Keir’s trip to Beyond Tellerrand, the new Flickr subscription model, Digg Reader, Prism and our recent Mac email client woes. We round out the show with quite possibly the best use of technology we have come across – intrigued? You should be!</p>\n\n<ul>\n  <li><a href=\"http://beyondtellerrand.com/\">Beyond Tellerrand</a></li>\n  <li><a href=\"http://marcthiele.com/\">Marc Thiele</a></li>\n  <li><a href=\"http://reasons.to/\">Jonny Belmont (Reasons to be Creative)</a></li>\n  <li><a href=\"https://vimeo.com/67897293\">Josh Brewer at Beyond Tellerrand</a></li>\n  <li><a href=\"http://www.jamesvictore.com/\">James Victore</a></li>\n  <li><a href=\"http://learnthesecrethandshake.com/\">The Secret Handshake</a></li>\n  <li><a href=\"http://flickr.com/\">Flickr</a></li>\n  <li><a href=\"https://medium.com/prism-truth/82a1791c94d3\">Mark Jaquith on Prism</a></li>\n  <li><a href=\"http://blog.digg.com/post/53203926175/digg-reader-update\">Digg Reader announcement</a></li>\n  <li><a href=\"http://sparrowmailapp.com/\">Sparrow</a></li>\n  <li><a href=\"http://www.postbox-inc.com/\">Postbox</a></li>\n  <li><a href=\"http://airmailapp.info/\">Airmail</a></li>\n  <li><a href=\"http://www.whistle.com/\">Whistle</a></li>\n</ul>","pubdate":"2013-06-22T05:00:00.000Z","link":"https://backtofrontshow.com/episode-9/","guid":"https://backtofrontshow.com/episode-9/","image":"https://backtofrontshow.com/img/itunes-3000x3000.png","podcast":{"title":"The Back to Front Show","description":"The Back to Front show was started in 2013 by web industry veterans Keir Whitaker and Kieran Masterton. Over the first 40 episodes they have discussed everything from web design and development to startups and dog related tech. Today the focus has shifted and includes topics including remote working, working in the web industry, productivity, hipster beards and much more. Released irregularly but always produced with passion The Back to Front Show runs for around 40 minutes per episode and comes to you from the beautiful West Country in the UK. Thanks for listening.","image":"https://backtofrontshow.com/img/itunes-3000x3000.png"}}