{"title":"Remote No More!","description":"<p>Thanks again to <a href=\"http://www.handheldconf.com/\">Handheld Conference</a> for supporting this week’s episode. It’s a conference focusing on “big ideas for small devices” taking place in Cardiff, UK on November 27th – 28th. Grab your ticket today.</p>\n\n<p>This week we focus on Yahoo!’s decision to ban remote working, executing ideas, deep dish pizza and automagical open source cocktails.</p>\n\n<ul>\n  <li><a href=\"http://www.handheldconf.com/\">Handheld Conference</a></li>\n  <li><a href=\"https://twitter.com/richardwiggins\">Richard Wiggins</a></li>\n  <li><a href=\"http://backtofrontshow.com/meetups.shopify.com\">Shopify workshops and meetups</a></li>\n  <li><a href=\"http://keirwhitaker.com/archive/responsive-day-out-2013/\">Keir’s Responsive Day Out roundup</a></li>\n  <li><a href=\"http://adactio.com/journal/6091/\">Responsive Day Out audio</a></li>\n  <li><a href=\"http://maigruen.netzkern.de/responsive-web-design-and-google-analytics-introducing-responsive-tracking\">Responsive GA</a></li>\n  <li><a href=\"http://wicky.nillia.ms/enquire.js/\">Enquire.js</a></li>\n  <li><a href=\"http://contentsmagazine.com/data/\">Contents data protection</a></li>\n  <li><a href=\"http://37signals.com/svn/posts/3453-no-more-remote-work-at-yahoo\">DHH on Yahoo! remote working</a></li>\n  <li><a href=\"http://howells.ws/posts/view/178/remote-working-and-corporate-culture\">Daniel Howells on Yahoo! remote working</a></li>\n  <li><a href=\"http://www.wavplanet.com/wavs.php?cat=2&amp;subcat=387\">The Yahoo! yodel</a></li>\n  <li><a href=\"http://executebook.com/\">Execute book</a></li>\n  <li><a href=\"http://drewwilson.com/\">Drew Wilson</a></li>\n  <li><a href=\"http://joshlong.me/\">Josh Long</a></li>\n  <li><a href=\"http://pictos.cc/\">Pictos</a></li>\n  <li><a href=\"https://spacebox.io/\">Spacebox</a></li>\n  <li><a href=\"http://www.sanebox.com/\">Sanebox</a></li>\n  <li><a href=\"http://www.patxispizza.com/\">Patxi’s San Francisco</a></li>\n  <li><a href=\"http://www.pabstblueribbon.com/\">Pabst Blue Ribbon</a></li>\n  <li><a href=\"http://www.aaronrobbs.com/\">Aaron Robbs</a> &amp; <a href=\"https://twitter.com/markdicristina\">Mark DiCristina</a>  – Pizza enthusiasts</li>\n  <li><a href=\"http://www.kickstarter.com/projects/partyrobotics/bartendro-a-cocktail-dispensing-robot?ref=category\">Bartendro</a></li>\n  <li><a href=\"http://www.diffordsguide.com/cocktails\">Diffords Guide to cocktails</a></li>\n</ul>","pubdate":"2013-03-08T05:00:00.000Z","link":"https://backtofrontshow.com/episode-5/","guid":"https://backtofrontshow.com/episode-5/","image":"https://backtofrontshow.com/img/itunes-3000x3000.png","podcast":{"title":"The Back to Front Show","description":"The Back to Front show was started in 2013 by web industry veterans Keir Whitaker and Kieran Masterton. Over the first 40 episodes they have discussed everything from web design and development to startups and dog related tech. Today the focus has shifted and includes topics including remote working, working in the web industry, productivity, hipster beards and much more. Released irregularly but always produced with passion The Back to Front Show runs for around 40 minutes per episode and comes to you from the beautiful West Country in the UK. Thanks for listening.","image":"https://backtofrontshow.com/img/itunes-3000x3000.png"}}