{"title":"Six Choice Cuts","description":"<p>Episode #013 is brought to you in association with <a href=\"http://squarespace.com/backtofront\">Squarespace</a>, the all-in-one platform that makes it fast and easy to create your own professional website or online portfolio. For a free trial and 10% off, go to <a href=\"http://squarespace.com/backtofront\">squarespace.com</a> and use offer code <strong>Backtofront8</strong>.</p>\n\n<p>This week there’s a change to our format as we strive to go weekly. In our new “8bit-minified-compressed” format we discuss six choice cuts found around the web including Google and Uber, Local Tunnel and the trend of coffee cups in web marketing.</p>\n\n<ul>\n  <li><a href=\"http://techcrunch.com/2013/08/22/google-ventures-puts-258m-into-uber-its-largest-deal-ever/\">Google invest in Uber</a></li>\n  <li><a href=\"http://us2.campaign-archive1.com/?u=b5af47765edbd2fc173dbf27a&amp;id=267bbb0346&amp;e=34c0101748\">Failed products</a></li>\n  <li><a href=\"http://namebox.io/\">Namebox.io</a></li>\n  <li><a href=\"http://blindbrowser.com/\">Blind Browser</a></li>\n  <li><a href=\"http://progrium.com/localtunnel/\">Local Tunnel</a></li>\n  <li><a href=\"http://usingitatcoffeeshops.tumblr.com/\">They’re Using it at Coffee Shops</a></li>\n</ul>\n\n<p>Thanks again to <a href=\"http://squarespace.com/backtofront\">Squarespace</a> for supporting the show</p>","pubdate":"2013-08-29T07:00:00.000Z","link":"https://backtofrontshow.com/episode-13/","guid":"https://backtofrontshow.com/episode-13/","image":"https://backtofrontshow.com/img/itunes-3000x3000.png","podcast":{"title":"The Back to Front Show","description":"The Back to Front show was started in 2013 by web industry veterans Keir Whitaker and Kieran Masterton. Over the first 40 episodes they have discussed everything from web design and development to startups and dog related tech. Today the focus has shifted and includes topics including remote working, working in the web industry, productivity, hipster beards and much more. Released irregularly but always produced with passion The Back to Front Show runs for around 40 minutes per episode and comes to you from the beautiful West Country in the UK. Thanks for listening.","image":"https://backtofrontshow.com/img/itunes-3000x3000.png"}}