{"title":"So Entitled?","description":"<p>As we reach the ripe old age of 30 we sit back and chat about a topic we often come back to over an artisinal flat white – why do people think everything on the web “should” be free? We discuss some possible causes, the backlash against app developers charging for previously free tools and ponder if the rise of big VC has played it’s part too.</p>\n\n<p>Oh and yes there’s yet more microphone drama. All will be explained next week. As always we do apologise for the disruption to the service.</p>\n\n<p>If you like our show please feel free to <a href=\"https://itunes.apple.com/gb/podcast/the-back-to-front-show/id594631752?mt=2\">leave us a review on iTunes</a>.</p>","pubdate":"2014-10-16T12:00:00.000Z","link":"https://backtofrontshow.com/episode-30/","guid":"https://backtofrontshow.com/episode-30/","image":"https://backtofrontshow.com/img/itunes-3000x3000.png","podcast":{"title":"The Back to Front Show","description":"The Back to Front show was started in 2013 by web industry veterans Keir Whitaker and Kieran Masterton. Over the first 40 episodes they have discussed everything from web design and development to startups and dog related tech. Today the focus has shifted and includes topics including remote working, working in the web industry, productivity, hipster beards and much more. Released irregularly but always produced with passion The Back to Front Show runs for around 40 minutes per episode and comes to you from the beautiful West Country in the UK. Thanks for listening.","image":"https://backtofrontshow.com/img/itunes-3000x3000.png"}}