{"title":"That VAT Thing","description":"<p>This week Keir tries to speak “Somerset” and no surprises for guessing the outcome of that one. Once that’s done and dusted we take a look at the rise in <a href=\"http://en.wikipedia.org/wiki/Markdown\">Markdown</a> based writing apps, examine a new ebook service from <a href=\"http://liber.io\">Liberio</a>, try and fail to work out the implications of the new <a href=\"https://www.gov.uk/government/publications/vat-supplying-digital-services-and-the-vat-mini-one-stop-shop/vat-supplying-digital-services-and-the-vat-mini-one-stop-shop\">EU VAT place of supply rule</a> for digital services and finally round it out with a chat about at a new comms tool.</p>\n\n<ul>\n  <li><a href=\"http://realmacsoftware.com/typed\">Typed</a></li>\n  <li><a href=\"http://usewhiskey.com/\">Whiskey</a></li>\n  <li><a href=\"http://liber.io/blog/introducing-the-ebooks-to-go\">Liberio -“eBooks to go”</a></li>\n  <li><a href=\"http://www.smashingmagazine.com/2014/10/10/interview-with-cat-noone/\">Cat Noone interview on Smashing Magazine</a></li>\n  <li><a href=\"https://www.sendowl.com/blog/np-eu-vat-2015-proof-of-address.html\">Sendowl and the VAT question</a></li>\n  <li><a href=\"http://rachelandrew.co.uk/archives/2014/11/30/how-the-eu-vat-rules-make-eu-startups-and-digital-businesses-uncompetitive-in-a-global-market/\">Rachel Andrew on the VAT rules</a></li>\n  <li><a href=\"https://www.wire.com/\">Wire</a></li>\n</ul>","pubdate":"2014-12-11T22:18:07.000Z","link":"https://backtofrontshow.com/episode-35/","guid":"https://backtofrontshow.com/episode-35/","image":"https://backtofrontshow.com/img/itunes-3000x3000.png","podcast":{"title":"The Back to Front Show","description":"The Back to Front show was started in 2013 by web industry veterans Keir Whitaker and Kieran Masterton. Over the first 40 episodes they have discussed everything from web design and development to startups and dog related tech. Today the focus has shifted and includes topics including remote working, working in the web industry, productivity, hipster beards and much more. Released irregularly but always produced with passion The Back to Front Show runs for around 40 minutes per episode and comes to you from the beautiful West Country in the UK. Thanks for listening.","image":"https://backtofrontshow.com/img/itunes-3000x3000.png"}}