{"title":"The Big 40!","description":"<p>Three years ago we started this little adventure called The Back to Front Show. Since then we’ve somehow managed to record 39 shows. Not the best of averages but who’s counting?</p>\n\n<p>In our milestone 40th show, we discuss the cake that never happened, Keir’s favourite new TV show, standing desks and end with a discussion that starts with Sarah Parmenter’s recent blog post and ends with thoughts on specialisation.</p>\n\n<p>You may also be pleased to hear that our “and finally” section returns this week and features a great satire on our industry.</p>\n\n<ul>\n  <li><span style=\"font-weight: 400;\"><a href=\"http://www.waitrose.com/shop/DisplayProductFlyout?productId=421411\">Waitrose Caterpillar Cake</a></span></li>\n  <li><span style=\"font-weight: 400;\"><a href=\"http://www.channel4.com/programmes/tattoo-fixers\">Tattoo Fixers</a></span></li>\n  <li><span style=\"font-weight: 400;\"><a href=\"http://oristand.co/\">The $25 Oristand Standing Desk</a></span></li>\n  <li><a href=\"http://www.sazzy.co.uk/the-elephant-in-the-room/\">The Elephant in the Room</a></li>\n  <li><a href=\"https://www.smashingmagazine.com/smashing-newsletter-issue-154\">Vitaly from Smashing Magazine’s response</a></li>\n  <li><a href=\"http://thepassabledesigner.com/\">The Passable Designer</a></li>\n</ul>","pubdate":"2016-03-02T11:55:37.000Z","link":"https://backtofrontshow.com/episode-40/","guid":"https://backtofrontshow.com/episode-40/","image":"https://backtofrontshow.com/img/itunes-3000x3000.png","podcast":{"title":"The Back to Front Show","description":"The Back to Front show was started in 2013 by web industry veterans Keir Whitaker and Kieran Masterton. Over the first 40 episodes they have discussed everything from web design and development to startups and dog related tech. Today the focus has shifted and includes topics including remote working, working in the web industry, productivity, hipster beards and much more. Released irregularly but always produced with passion The Back to Front Show runs for around 40 minutes per episode and comes to you from the beautiful West Country in the UK. Thanks for listening.","image":"https://backtofrontshow.com/img/itunes-3000x3000.png"}}