{"title":"The Problem of Overfunding on KickStarter","description":"<p>As the web appears to have gone on holiday we present a mixed bag of goodness on Episode 010. We lament the loss of one of our zero’s, Kieran brings forth the news and the funny and we engage in a almost academic level of discourse on the issues associated with overfunding on crowdfunding platforms. Also included – a bit of Startup talk, a new Mac code editor, the new Royal baby and our first ever competition.</p>\n\n<ul>\n  <li><a href=\"http://backtofrontshow.com/about\">Our new about page</a></li>\n  <li><a href=\"https://www.google.co.uk/search?q=an+event+apart+lunchbox&amp;source=lnms&amp;tbm=isch&amp;sa=X&amp;ei=od_wUZ_9C4ziO6j7gfgO&amp;ved=0CAkQ_AUoAQ&amp;biw=1920&amp;bih=909#tbm=isch&amp;sa=1&amp;q=an+event+apart+lunch+box&amp;oq=an+event+apart+lunch+box&amp;gs_l=img.3...0.0.5.454592.0.0.0.0.0.0.0.0..0.0....0.0..1c..20.img.yfgot5nbc8w&amp;bav=on.2,or.r_cp.r_qf.&amp;bvm=bv.49784469%2Cd.d2k%2Cpv.xjs.s.en_US.MpiVkF51mpA.O&amp;fp=9e894c3c56d64dbf&amp;biw=1920&amp;bih=865&amp;imgdii=_\">An Event Apart lunchboxes</a></li>\n  <li><a href=\"http://d.pr/i/NCyZ\">Keir on his Tom Cruise box</a></li>\n  <li><a href=\"http://viewportindustries.com/confshop\">Insites: ConfShop</a></li>\n  <li><a href=\"http://macaw.co/peek/\">Macaw</a></li>\n  <li><a href=\"http://www.pixeli.st/\">Pixeli.st</a></li>\n  <li><a href=\"http://www.kickstarter.com/projects/76065318/startupland-a-documentary-series\">Startupland</a></li>\n  <li><a href=\"http://filmmakermagazine.com/73126-should-crowdfunding-sites-ban-overfunding/\">Crowdfunding sites should ban over-funding</a></li>\n  <li><a href=\"https://www.youtube.com/watch?v=hHN-f6xTzsY\">Man Vs Raccoon</a></li>\n  <li><a href=\"http://royallydesperate.tumblr.com/\">Royally Desperate</a></li>\n</ul>\n\n<h3 id=\"lunchbox-competition\">Lunchbox Competition</h3>\n\n<p>To enter the Back to Front Show lunchbox giveaway simply <a href=\"https://twitter.com/intent/tweet?text=@backtofrontshow\">tweet</a> the answer to the following question before Friday 2nd August 2013. All correct answers will be entered into the draw. If nobody guesses correctly the closest response will win.</p>\n\n<p><strong>Question:</strong> What is the height difference in inches between Kieran and Keir?</p>","pubdate":"2013-07-25T05:00:00.000Z","link":"https://backtofrontshow.com/episode-10/","guid":"https://backtofrontshow.com/episode-10/","image":"https://backtofrontshow.com/img/itunes-3000x3000.png","podcast":{"title":"The Back to Front Show","description":"The Back to Front show was started in 2013 by web industry veterans Keir Whitaker and Kieran Masterton. Over the first 40 episodes they have discussed everything from web design and development to startups and dog related tech. Today the focus has shifted and includes topics including remote working, working in the web industry, productivity, hipster beards and much more. Released irregularly but always produced with passion The Back to Front Show runs for around 40 minutes per episode and comes to you from the beautiful West Country in the UK. Thanks for listening.","image":"https://backtofrontshow.com/img/itunes-3000x3000.png"}}