{"title":"The Club Sandwich Special","description":"<p>Due to logistical issues Kieran was unable to join the party today. Thankfully <a href=\"https://twitter.com/marcroberts\">Marc</a> and <a href=\"https://twitter.com/bbodien\">Ben</a> from <a href=\"http://neutroncreations.com/\">Neutron Creations</a> kindly joined Keir for a chat over lunch (literally). This week we discuss the recent <a href=\"theweb.is\">web.is</a> conference in Cardiff put together by our good friend <a href=\"http://www.craiglockwood.co.uk/\">Mr. Craig Lockwood</a>.</p>\n\n<ul>\n  <li><a href=\"http://backtofrontshow.com/theweb.is\">The Web Is</a></li>\n  <li><a href=\"http://christophermurphy.org/\">Christopher Murphy</a></li>\n  <li><a href=\"http://nothingrandom.com/\">Benjamin Hollway</a></li>\n  <li><a href=\"http://hiutdenim.co.uk/\">David Hieatt</a></li>\n  <li><a href=\"http://www.amazon.co.uk/Managing-Oneself-Harvard-Business-Classics/dp/142212312X\">Managing Oneself</a></li>\n</ul>","pubdate":"2014-10-31T12:00:00.000Z","link":"https://backtofrontshow.com/episode-32/","guid":"https://backtofrontshow.com/episode-32/","image":"https://backtofrontshow.com/img/itunes-3000x3000.png","podcast":{"title":"The Back to Front Show","description":"The Back to Front show was started in 2013 by web industry veterans Keir Whitaker and Kieran Masterton. Over the first 40 episodes they have discussed everything from web design and development to startups and dog related tech. Today the focus has shifted and includes topics including remote working, working in the web industry, productivity, hipster beards and much more. Released irregularly but always produced with passion The Back to Front Show runs for around 40 minutes per episode and comes to you from the beautiful West Country in the UK. Thanks for listening.","image":"https://backtofrontshow.com/img/itunes-3000x3000.png"}}