{"title":"The 2014 BAFTAS","description":"<p>It’s that time of the year when we look back on the past 12 months and dish out our (cough, cough) highly prized awards! This year in the 2014 BAFTAS we have eight categories and round off the show with a little bit of crystal ball gazing in which we both make our predictions for 2015.</p>\n\n<p>Without further ado here are the categories and winners:</p>\n\n<ol>\n  <li><strong>The award for not being a very good year in the industry:</strong> 2014</li>\n  <li><strong>Conference/event of the year:</strong> <a href=\"http://webteachingday.wordpress.com/\">Web Teaching Day</a> &amp; <a href=\"http://beyondtellerrand.com/berlin-2014/\">Beyond Tellerrand Berlin</a></li>\n  <li><strong>Podcast of the year:</strong> <a href=\"http://gimletmedia.com/show/startup/\">Startup</a></li>\n  <li><strong>Most hyped app of the year:</strong> <a href=\"https://slack.com/\">Slack</a></li>\n  <li><strong>Man of the year:</strong> <a href=\"http://seanwes.com/\">Sean McCabe</a></li>\n  <li><strong>Woman of the year:</strong> <a href=\"http://rachelandrew.co.uk/\">Rachel Andrew</a></li>\n  <li><strong>Trend of the year:</strong> Privacy &amp; Security</li>\n  <li><strong>Foo Bar of the year:</strong> <a href=\"https://twitter.com/hashtag/vatmoss\">#VATMOSS</a></li>\n</ol>\n\n<p>Happy holidays to our all listeners. We really do appreciate including us in your weekly audio listening. See you in 2015.</p>","pubdate":"2014-12-19T15:10:48.000Z","link":"https://backtofrontshow.com/episode-36/","guid":"https://backtofrontshow.com/episode-36/","image":"https://backtofrontshow.com/img/itunes-3000x3000.png","podcast":{"title":"The Back to Front Show","description":"The Back to Front show was started in 2013 by web industry veterans Keir Whitaker and Kieran Masterton. Over the first 40 episodes they have discussed everything from web design and development to startups and dog related tech. Today the focus has shifted and includes topics including remote working, working in the web industry, productivity, hipster beards and much more. Released irregularly but always produced with passion The Back to Front Show runs for around 40 minutes per episode and comes to you from the beautiful West Country in the UK. Thanks for listening.","image":"https://backtofrontshow.com/img/itunes-3000x3000.png"}}