{"title":"The Difficult First Episode","description":"<p>In our very first episode we discuss the difficulty of writing your own online biography, the pros and cons of co-working, the move towards flat file site generation, the upcoming New Adventures in Web Design conference, the shiny new Rode iXY microphone and end with bespoke fixed gear bikes.</p>\n\n<ul>\n  <li><a href=\"http://twitter.com/backtofrontshow\" title=\"http://twitter.com/backtofrontshow\">The Back to Front Show on Twitter</a></li>\n  <li><a href=\"http://www.site44.com/\" title=\"http://www.site44.com/\">Site44</a></li>\n  <li><a href=\"http://jekyllrb.com/\" title=\"http://jekyllrb.com/\">Jekyll</a></li>\n  <li><a href=\"http://getkirby.com/\">Kirby</a></li>\n  <li><a href=\"http://grabaperch.com/\">Perch</a></li>\n  <li><a href=\"http://wordpress.org/extend/plugins/wp-super-cache/\" title=\"http://wordpress.org/extend/plugins/wp-super-cache/\">WP Super Cache</a></li>\n  <li><a href=\"http://incident57.com/codekit/\" title=\"http://incident57.com/codekit/\">Codekit for Mac</a></li>\n  <li><a href=\"http://mixture.io/\" title=\"http://mixture.io/\">Mixture</a></li>\n  <li><a href=\"http://www.youtube.com/watch?v=ER-la4wunyo&amp;hd=1\" title=\"http://www.youtube.com/watch?v=ER-la4wunyo&amp;hd=1\">Mixture multiple device demo</a></li>\n  <li><a href=\"http://www.fastcompany.com/3004788/future-coworking-and-why-it-will-give-your-business-huge-edge\" title=\"http://www.fastcompany.com/3004788/future-coworking-and-why-it-will-give-your-business-huge-edge\">Fast Company article on co-working</a></li>\n  <li><a href=\"http://www.ixymic.com/\" title=\"http://www.ixymic.com\">The Rode iXY Mic</a></li>\n  <li><a href=\"http://2013.newadventuresconf.com/\" title=\"http://2013.newadventuresconf.com/\">New Adventures in Web Design</a></li>\n  <li><a href=\"http://www.boikzmoind.com/\">BÃ–IKZMÃ–IND</a></li>\n  <li><a href=\"http://www.mangobikes.co.uk/\" title=\"http://www.mangobikes.co.uk/\">Mango Bikes</a></li>\n  <li><a href=\"http://www.statebicycle.co.uk/product_p/zombiestomper.htm\">The Zombie Stomper</a></li>\n</ul>","pubdate":"2013-01-19T03:00:00.000Z","link":"https://backtofrontshow.com/episode-1/","guid":"https://backtofrontshow.com/episode-1/","image":"https://backtofrontshow.com/img/itunes-3000x3000.png","podcast":{"title":"The Back to Front Show","description":"The Back to Front show was started in 2013 by web industry veterans Keir Whitaker and Kieran Masterton. Over the first 40 episodes they have discussed everything from web design and development to startups and dog related tech. Today the focus has shifted and includes topics including remote working, working in the web industry, productivity, hipster beards and much more. Released irregularly but always produced with passion The Back to Front Show runs for around 40 minutes per episode and comes to you from the beautiful West Country in the UK. Thanks for listening.","image":"https://backtofrontshow.com/img/itunes-3000x3000.png"}}