{"title":"The Super Lit, Fam, Dope, En Flique Episode","description":"<p>It feels like only last week that the two “K Units” got behind the Samson <a href=\"http://amzn.to/2cR3aGW\">CO1UPRO</a>‘s and recorded episode <a href=\"http://backtofrontshow.com/episode-43/\">#43</a>. So close in fact, that we even manage to think we are still actually recording episode #43!</p>\n\n<p>In this short 53 minute episode, we catch up on recent life goings on, learn that Kieran has been “tamping hard” in his role as “Digital Guy” at the bespoke artisanal <a href=\"https://colonnacoffee.com/\">coffee roasting company</a>, discuss language used by people under the age of 30, announce our new <a href=\"http://backtofrontshow.com/club/\">club</a>, and round out with a chat about Kickstarter. There may even be a mention of earphones!</p>\n\n<ul>\n  <li><a href=\"https://colonnacoffee.com/\">Colonna Coffee</a></li>\n  <li><a href=\"http://gavinballard.com/\">Sir Gavin Ballard</a> (see also <a href=\"http://backtofrontshow.com/episode-42/\">Episode #42</a>)</li>\n  <li><a href=\"https://www.instagram.com/p/BJWMWuXjdpa/\">Yorkshire Fat Rascal</a></li>\n  <li><a href=\"https://en.wikipedia.org/wiki/The_Get_Along_Gang\">The Get Along Gang</a></li>\n  <li><a href=\"http://www.childofthe1980s.com/2008/10/06/sport-billy/\">Sport Billy</a></li>\n  <li><a href=\"https://twitter.com/oh_cat\">Super Lit Cat</a></li>\n  <li><a href=\"http://definithing.com/en-flique/\">En Flique</a></li>\n  <li><a href=\"https://www.kickstarter.com/projects/elliotjaystocks/8-faces-collected\">8 Faces Collected</a></li>\n  <li><a href=\"https://www.kickstarter.com/projects/neilmacqueen/origin-the-ultimate-coffee-brew-stand\">Origin – The Ultimate Coffee Brew Stand</a></li>\n  <li><a href=\"https://woodbuds.com/\">Woodbuds</a></li>\n</ul>","pubdate":"2016-09-23T12:24:26.000Z","link":"https://backtofrontshow.com/episode-44/","guid":"https://backtofrontshow.com/episode-44/","image":"https://backtofrontshow.com/img/itunes-3000x3000.png","podcast":{"title":"The Back to Front Show","description":"The Back to Front show was started in 2013 by web industry veterans Keir Whitaker and Kieran Masterton. Over the first 40 episodes they have discussed everything from web design and development to startups and dog related tech. Today the focus has shifted and includes topics including remote working, working in the web industry, productivity, hipster beards and much more. Released irregularly but always produced with passion The Back to Front Show runs for around 40 minutes per episode and comes to you from the beautiful West Country in the UK. Thanks for listening.","image":"https://backtofrontshow.com/img/itunes-3000x3000.png"}}