{"title":"The Future of Medium?","description":"<p>Happy New Year to you all! Rather unsurprisingly we missed our end of year review but the outline was probably one of our best. Maybe we’ll do it next year!</p>\n\n<p>This episode we catch up on Kieran’s move behind the camera, argue over what exactly constitutes a pair of Daps and delve into the future of Medium in light of Ev Williams recent announcement.</p>\n\n<ul>\n  <li><a href=\"https://vimeo.com/199295294\">Colonna Brewing Guide Video</a></li>\n  <li><a href=\"https://en.wikipedia.org/wiki/Plimsoll_shoe\">What are Daps?</a></li>\n  <li><a href=\"https://blog.medium.com/renewing-mediums-focus-98f374a960be#.5gjjn4z1l\">Renewing Medium’s Focus</a></li>\n  <li><a href=\"https://vimeo.com/144750828\">Joe Polastre at Canvas Conference 2015</a></li>\n  <li><a href=\"https://m.signalvnoise.com/venture-capital-is-going-to-murder-medium-656cbccf4829#.m3dcuepl2\">Venture Capital is going to Murder Medium</a></li>\n  <li><a href=\"https://m.signalvnoise.com/venture-capital-is-going-to-murder-medium-656cbccf4829#.m3dcuepl2\">Dear Medium … Why Didn’t You Ask Us?</a></li>\n  <li><a href=\"https://500ish.com/long-medium-b9ddfe2c3a0a#.t7eod0hle\">Long Medium</a></li>\n  <li><a href=\"http://caveweek.com/\">Drew Wilson’s Cave Week</a></li>\n</ul>\n\n<p>If you like the show don’t forget you can support our astronomical S3 costs by becoming an exclusive member of the <a href=\"http://backtofrontshow.com/club/\">Back to Front Show Club</a>!</p>","pubdate":"2017-01-20T10:20:26.000Z","link":"https://backtofrontshow.com/episode-46/","guid":"https://backtofrontshow.com/episode-46/","image":"https://backtofrontshow.com/img/itunes-3000x3000.png","podcast":{"title":"The Back to Front Show","description":"The Back to Front show was started in 2013 by web industry veterans Keir Whitaker and Kieran Masterton. Over the first 40 episodes they have discussed everything from web design and development to startups and dog related tech. Today the focus has shifted and includes topics including remote working, working in the web industry, productivity, hipster beards and much more. Released irregularly but always produced with passion The Back to Front Show runs for around 40 minutes per episode and comes to you from the beautiful West Country in the UK. Thanks for listening.","image":"https://backtofrontshow.com/img/itunes-3000x3000.png"}}