{"title":"The One with Marc","description":"<p>In our first episode of 2014 I am joined by new guest co-host Marc Roberts of Neutron Creations. After a lengthy chat about his rather special coat we moved onto more web related links and finished up with a discussion on node.js. Big thanks for Marc for taking the time to come on the show.</p>\n\n<ul>\n  <li><a href=\"http://alldayer.mkgeeknight.co.uk/\">MKGN All Dayer</a></li>\n  <li><a href=\"http://elliotjaystocks.com/blog/this-is-not-2013-in-review/\">EJS on being less social</a></li>\n  <li><a href=\"http://www.lukew.com/ff/entry.asp?1815\">I can smell your CMS</a></li>\n  <li><a href=\"https://medium.com/p/73b4257ac833\">Bitcoins explained in terms a 5 year old can understand</a></li>\n  <li><a href=\"http://letterboxd.com/2013/\">Letterboxd 2013 review</a></li>\n  <li><a href=\"http://www.kickstarter.com/projects/cameronmoll/the-brooklyn-bridge-in-letterpress-type/posts/704856\">Cameron Moll’s “typo”</a></li>\n  <li><a href=\"http://nodejs.org/\">node.js</a></li>\n  <li><a href=\"http://expressjs.com/\">Express web application framework for node</a></li>\n  <li><a href=\"http://www.theparticlelab.com/\">The Particle Lab</a></li>\n  <li><a href=\"http://showterm.io/\">showterm</a></li>\n</ul>","pubdate":"2013-12-19T09:00:01.000Z","link":"https://backtofrontshow.com/episode-20/","guid":"https://backtofrontshow.com/episode-20/","image":"https://backtofrontshow.com/img/itunes-3000x3000.png","podcast":{"title":"The Back to Front Show","description":"The Back to Front show was started in 2013 by web industry veterans Keir Whitaker and Kieran Masterton. Over the first 40 episodes they have discussed everything from web design and development to startups and dog related tech. Today the focus has shifted and includes topics including remote working, working in the web industry, productivity, hipster beards and much more. Released irregularly but always produced with passion The Back to Front Show runs for around 40 minutes per episode and comes to you from the beautiful West Country in the UK. Thanks for listening.","image":"https://backtofrontshow.com/img/itunes-3000x3000.png"}}