{"title":"We Don&#8217;t Need no Education","description":"<p>I’ll say this — time off between episodes certainly gives us plenty to talk about. In our 45th, almost hour–long, outing behind the mics we welcome new members to “<a href=\"http://backtofrontshow.com/club/\">the club</a>“, discuss Kieran’s move into the world of coffee capsule commerce, ponder on new forms of web education, and learn more what Kieran receives in the post!</p>\n\n<ul>\n  <li><a href=\"http://backtofrontshow.com/club/#david-mccann\">David McCann</a></li>\n  <li><a href=\"http://backtofrontshow.com/club/#matt-willmott\">Matt Wilmott</a></li>\n  <li><a href=\"https://colonnacoffee.com/\">Colonna Coffee</a></li>\n  <li><a href=\"https://oliverlindberg.com/\">Oliver Lindberg</a></li>\n  <li><a href=\"https://www.kickstarter.com/projects/1437234252/the-new-digital-school-an-alternative-to-design-ed\">The New Digital School</a></li>\n  <li><a href=\"http://lectureinprogress.com\">Lecture In Progress</a></li>\n  <li><a href=\"https://www.kickstarter.com/projects/hudsonbecgroup/lecture-in-progress\">Lecture In Progress Kickstarter</a></li>\n  <li><a href=\"http://webteaching.today/\">Web Teaching Day</a></li>\n  <li><a href=\"http://www.creativebloq.com/advice/how-to-survive-as-a-web-designer-beyond-2020\">How to Survive as a Web Designer Beyond 2020</a></li>\n</ul>","pubdate":"2016-11-17T09:54:01.000Z","link":"https://backtofrontshow.com/episode-45/","guid":"https://backtofrontshow.com/episode-45/","image":"https://backtofrontshow.com/img/itunes-3000x3000.png","podcast":{"title":"The Back to Front Show","description":"The Back to Front show was started in 2013 by web industry veterans Keir Whitaker and Kieran Masterton. Over the first 40 episodes they have discussed everything from web design and development to startups and dog related tech. Today the focus has shifted and includes topics including remote working, working in the web industry, productivity, hipster beards and much more. Released irregularly but always produced with passion The Back to Front Show runs for around 40 minutes per episode and comes to you from the beautiful West Country in the UK. Thanks for listening.","image":"https://backtofrontshow.com/img/itunes-3000x3000.png"}}