{"title":"WordPress 3.6","description":"<p>Schedules, who needs schedules! In this episode we chat about a few interesting stories and sites we have stumbled across and discuss some of the upcoming features destined to appear in WordPress 3.6. Now with added music!</p>\n\n<ul>\n  <li><a href=\"http://www.modern.ie/cross-browser-best-practices\">Modern IE</a></li>\n  <li><a href=\"https://vimeo.com/channels/thosewhomake\">Those Who Make</a></li>\n  <li><a href=\"http://2012.hd-live.co.uk/\">HD Live</a></li>\n  <li><a href=\"http://thisismadebyhand.com/\">Made by Hand</a></li>\n  <li><a href=\"https://vimeo.com/54647235\">Wooden Specs Studio</a></li>\n  <li><a href=\"https://gocardless.com/blog/unresponsive-design/\">Unresponsive Design</a></li>\n  <li><a href=\"http://csswizardry.com/2013/01/front-end-performance-for-web-designers-and-front-end-developers/\">Front-end Performance for Web Designers and Front-end Developers</a></li>\n  <li><a href=\"http://www.webdesignerdepot.com/2013/02/what-we-can-expect-from-wordpress-3-6/\">WordPress 3.6</a></li>\n  <li><a href=\"http://editflow.org/\">Edit Flow</a></li>\n  <li><a href=\"http://blog.priceonomics.com/post/16013457968/the-fixie-bike-index?a147bcb0\">Fixie Bike Index</a></li>\n</ul>","pubdate":"2013-02-15T11:09:34.000Z","link":"https://backtofrontshow.com/episode-3/","guid":"https://backtofrontshow.com/episode-3/","image":"https://backtofrontshow.com/img/itunes-3000x3000.png","podcast":{"title":"The Back to Front Show","description":"The Back to Front show was started in 2013 by web industry veterans Keir Whitaker and Kieran Masterton. Over the first 40 episodes they have discussed everything from web design and development to startups and dog related tech. Today the focus has shifted and includes topics including remote working, working in the web industry, productivity, hipster beards and much more. Released irregularly but always produced with passion The Back to Front Show runs for around 40 minutes per episode and comes to you from the beautiful West Country in the UK. Thanks for listening.","image":"https://backtofrontshow.com/img/itunes-3000x3000.png"}}