{"title":"006 Daniel Shaw (@dshaw) introduces NodeSource at JSConf 2014","description":"<div class=\"iframe-video\"><br><br></div>\n\n<p><a href=\"http://youtu.be/l7h69mJCzrI\">Watch video on YouTube</a></p>\n<div id=\"toc\"><ol><li><a href=\"#episode_info\">Episode Info</a></li><li><a href=\"#episode_notes\">Episode Notes</a><ol><li><a href=\"#nodesource_team_mentioned_in_interview_\">NodeSource Team (mentioned in interview)</a></li><li><a href=\"#social_media_links\">Social Media Links</a></li></ol></li></ol></div>\n\n<a name=\"episode_info\"></a><h2 id=\"episode-info\">Episode Info</h2>\n<ul>\n<li>Episode: CW 006</li>\n<li>Published: June 17th, 2014</li>\n<li>Tags: nodejs, jsconf</li>\n<li>Duration: 23:54</li>\n</ul>\n<a name=\"episode_notes\"></a><h2 id=\"episode-notes\">Episode Notes</h2>\n<p>NodeSource is a professional Node.js software company. NodeSource provides enterprise-grade software products and educational and professional consulting services to empower companies to be effective and productive with Node.js.</p>\n<ul>\n<li><a href=\"https://nodesource.com/\">https://nodesource.com/</a> - NodeSource website with team background</li>\n<li><a href=\"https://nodesource.com/products\">https://nodesource.com/products</a> - NodeSource products<ul>\n<li>npm Plus - NodeSource is the premier, certified reseller of on-premise, private npm instances. NodeSource has partnered with npm Inc. to deliver a secure, on-premise, private npm solution alongside managed services such as:<ul>\n<li>Bespoke npm Training</li>\n<li>24x7x365 Support</li>\n<li>Custom Integrations (LDAP, SSO, etc.)</li>\n</ul>\n</li>\n<li>N|Ship - NodeSource’s official Node.js deployment solution to make app deployments easy, secure and automated.</li>\n</ul>\n</li>\n<li><a href=\"http://2014.jsconf.us/\">http://2014.jsconf.us/</a> - JSConf 2014 - May 27-31, 2014 at Amelia Island, FL</li>\n</ul>\n<a name=\"nodesource_team_mentioned_in_interview_\"></a><h3 id=\"nodesource-team-mentioned-in-interview-\">NodeSource Team (mentioned in interview)</h3>\n<div class=\"float-images\"><br><img src=\"http://codewinds.com/assets/people/Dan_Shaw_bw.jpg\" alt=\"DanShaw\" title=\"Daniel Shaw, Co-founder\"> <img src=\"http://codewinds.com/assets/people/Joe_Mccann_bw.jpg\" alt=\"JoeMccann\" title=\"Joe McCann, Co-founder\"> <img src=\"http://codewinds.com/assets/people/Rod_Vagg_bw.jpg\" alt=\"RodVagg\" title=\"Rod Vagg, Director of Engineering\"> <img src=\"http://codewinds.com/assets/people/Chris_Williams_bw.jpg\" alt=\"ChrisWilliams\" title=\"Chris Williams, Director of Professional Services\"> <img src=\"http://codewinds.com/assets/people/Trevor_Norris_bw.jpg\" alt=\"TrevorNorris\" title=\"Trevor Norris, Node.js Maintainer\"><br></div><div class=\"clear-float\"></div>\n\n<a name=\"social_media_links\"></a><h3 id=\"social-media-links\">Social Media Links</h3>\n<h4 id=\"nodesource-team-partial-list-\">NodeSource Team (partial list)</h4>\n<ul>\n<li>NodeSource <a href=\"https://twitter.com/nodesource\">twitter</a></li>\n<li>Daniel Shaw, Co-founder <a href=\"https://twitter.com/dshaw\">twitter</a></li>\n<li>Joe McCann, Co-founder <a href=\"https://twitter.com/joemccann\">twitter</a></li>\n<li>Rod Vagg, Director of Engineering <a href=\"https://twitter.com/rvagg\">twitter</a></li>\n<li>Chris Williams, Director of Professional Services <a href=\"https://twitter.com/voodootikigod\">twitter</a></li>\n<li>Trevor Norris, Node.js Maintainer <a href=\"https://twitter.com/trevnorris\">twitter</a></li>\n</ul>\n<h4 id=\"codewinds\">CodeWinds</h4>\n<ul>\n<li>Jeff Barczewski, Founder <a href=\"https://twitter.com/jeffbski\">twitter</a></li>\n<li>CodeWinds <a href=\"https://twitter.com/codewinds\">twitter</a></li>\n</ul>","pubdate":"2014-06-18T01:00:00.000Z","link":"http://codewinds.com/podcast/006.html","guid":"http://codewinds.com/podcast/006.html","image":"http://codewinds.com/assets/codewinds/codewinds-podcast-300.png","podcast":{"title":"CodeWinds - Leading edge web developer news and training | javascript / React.js / Node.js / HTML5 / web development - Jeff Barczewski","description":"Keep up with the latest web developer technologies and news covering javascript, React.js, Node.js, HTML5. Learn the current best practices in web and mobile app development.","image":"http://codewinds.com/assets/codewinds/codewinds-podcast-1400.png"}}