{"title":"012 Reflections of JSConf 2014 - Part 1","description":"<p><img src=\"http://codewinds.com/assets/people/kevin-old.jpg\" alt=\"kevin-photo\" title=\"Kevin Old\"></p>\n<div id=\"toc\"><ol><li><a href=\"#episode_info\">Episode Info</a></li><li><a href=\"#episode_notes\">Episode Notes</a><ol><li><a href=\"#links\">Links</a></li><li><a href=\"#videos\">Videos</a></li></ol></li></ol></div>\n\n\n<a name=\"episode_info\"></a><h2 id=\"episode-info\">Episode Info</h2>\n<ul>\n<li>Episode: CW 012</li>\n<li>Published: September 5th, 2014</li>\n<li>Tags: nodejs, js,jsconf</li>\n<li>Duration: 57:34</li>\n</ul>\n<a name=\"episode_notes\"></a><h2 id=\"episode-notes\">Episode Notes</h2>\n<ul>\n<li>01:23 - <a href=\"http://nodevember.org/\">Nodevember Node.js and JavaScript Conference</a> coming November 15-16, Nashville, TN</li>\n<li>03:15 - JSConf 2014 Venue, Amelia Island, FL, Arriving</li>\n<li>09:00 - CSSConf, Welcome reception</li>\n<li>13:03 - Wednesday, first day of JSConf talks</li>\n<li>15:00 - Neil Green - custom DSL’s in JavaScript</li>\n<li>15:53 - Ron Evans, CylonJS - controlling hardware with JS, NodeBots, drones</li>\n<li>22:00 - Tessel - Hardware which runs JS</li>\n<li>24:45 - Spark Core kit</li>\n<li>26:30 - Travell Perkins - Battle Hardened Node.js for the Enterprise</li>\n<li>27:35 - Nico Bevacqua - Front End Ops Tooling, Grunt, Gulp, npm, browserify</li>\n<li>36:13 - Mark DiMarco - User Interface Alorithms</li>\n<li>40:25 - Nick Bray - Native Code on the Web</li>\n<li>41:15 - Ryan Paul - Composing frontend Web applications with MontagsJS</li>\n<li>45:45 - G. C. Marty - Play DVDs in JS for the sake of interoperability</li>\n<li>47:40 - James Long - Unshackling JavaScript with Macros, SweetJS, Implemnting some ES6 features with macros</li>\n<li>50:30 - Marco Rogers - Finding patterns across front-end frameworks</li>\n<li>53:00 - David Calhoun - Realtime satellite tracking in the browser</li>\n<li>54:10 - Jenn Schiffer - What’s the harm in sorting: sanitizing inputs for more optimized JavaScript</li>\n</ul>\n<a name=\"links\"></a><h3 id=\"links\">Links</h3>\n<ul>\n<li><a href=\"http://nodevember.org/\">Nodevember Node.js/JavaScript Conference</a> - Nov 15-16, 2014 - Nashville TN</li>\n<li><a href=\"http://2014.jsconf.us/\">JSConf 2014</a></li>\n<li><a href=\"http://2014.jsconf.us/schedule.html\">JSConf 2014 Schedule</a> - List of all talks</li>\n<li><a href=\"http://2014.cssconf.com/\">CSSConf 2014</a></li>\n<li><a href=\"https://tessel.io/\">Tessel</a> - Tessel is a microcontroller that runs JavaScript</li>\n<li><a href=\"https://www.spark.io/\">Spark</a> - Spark OS is a complete open source operating system for cloud-connected things</li>\n<li>Kevin Old - <a href=\"http://kevinold.com/\">website</a>, <a href=\"http://www.twitter.com/kevinold\">twitter</a>, <a href=\"http://www.linkedin.com/in/kevinold\">linkedin</a></li>\n<li>Jeff Barczewski, Founder, CodeWinds - <a href=\"http://jeff.barczewski.com/\">website</a>, <a href=\"https://twitter.com/jeffbski\">twitter</a>, <a href=\"http://www.linkedin.com/in/jeffbski\">linkedin</a></li>\n<li>CodeWinds - <a href=\"http://codewinds.com/\">website</a>, <a href=\"https://twitter.com/codewinds\">twitter</a></li>\n</ul>\n<a name=\"videos\"></a><h3 id=\"videos\">Videos</h3>\n<ul>\n<li><a href=\"https://www.youtube.com/playlist?list=PL37ZVnwpeshFXOP2lqCUykYPXYNsK_fgN\">JSConf 2014 videos on YouTube</a></li>\n<li><a href=\"https://www.youtube.com/watch?v=lm4jEcnWeKI\">Neil Green - Custom DSL’s in JavaScript video</a></li>\n<li><a href=\"https://www.youtube.com/watch?v=bnFWskconEg\">Ron Evans - CylonJS: The JavaScript Evolution of Open Source Robotics video</a></li>\n<li><a href=\"https://www.youtube.com/watch?v=6QAzmJ4lm3I\">Travel Perkins - Battle Harnened Node.js for the Enterprise video</a></li>\n<li><a href=\"https://www.youtube.com/watch?v=Y0DCZdAruvo\">Nico Bevacqua - Front End Ops Tooling video</a></li>\n<li><a href=\"http://codewinds.com/10\">CodeWinds Podcast Episode# 10 w/Nico Bevacqua</a> - Audio Interview</li>\n<li><a href=\"https://www.youtube.com/watch?v=90NsjKvz9Ns\">Mark DiMarco - User interface algorithms video</a></li>\n<li><a href=\"https://www.youtube.com/watch?v=-xNZYr40QOk\">Nick Bray - Native code on the web video</a></li>\n<li><a href=\"https://www.youtube.com/watch?v=8-Vyus9TPZ0\">Ryan Paul - Composing frontend Web applications with MontagsJS video</a></li>\n<li><a href=\"https://www.youtube.com/watch?v=lb-8euLqfRg\">G. C. Marty - Play DVDs in JS for the sake of interoperability video</a></li>\n<li><a href=\"https://www.youtube.com/watch?v=Bp3Jy177NvU\">Marco Rogers - Finding patterns across front-end frameworks video</a></li>\n<li><a href=\"https://www.youtube.com/watch?v=vtvHOn9mIB4\">David Calhoun - Realtime satellite tracking in the browser video</a></li>\n<li><a href=\"https://www.youtube.com/watch?v=pj4U_W0OFoE\">Jenn Schiffer - What’s the harm in sorting: sanitizing inputs for more optimized JavaScript video</a></li>\n</ul>\n<p></p>\n<p></p>\n<p></p>\n<p></p>\n<p></p>\n<p></p>\n<p></p>\n<p></p>\n<p></p>\n<p></p>\n<p></p>","pubdate":"2014-09-06T01:00:00.000Z","link":"http://codewinds.com/podcast/012.html","guid":"http://codewinds.com/podcast/012.html","image":"http://codewinds.com/assets/codewinds/codewinds-podcast-300.png","podcast":{"title":"CodeWinds - Leading edge web developer news and training | javascript / React.js / Node.js / HTML5 / web development - Jeff Barczewski","description":"Keep up with the latest web developer technologies and news covering javascript, React.js, Node.js, HTML5. Learn the current best practices in web and mobile app development.","image":"http://codewinds.com/assets/codewinds/codewinds-podcast-1400.png"}}