{"title":"013 Reflections of JSConf 2014 - Part 2","description":"<p><img src=\"http://codewinds.com/assets/people/kevin-old.jpg\" alt=\"kevin-photo\" title=\"Kevin Old\"></p>\n<div id=\"toc\"><ol><li><a href=\"#episode_info\">Episode Info</a></li><li><a href=\"#episode_notes\">Episode Notes</a><ol><li><a href=\"#links\">Links</a></li><li><a href=\"#videos\">Videos</a></li></ol></li></ol></div>\n\n\n<a name=\"episode_info\"></a><h2 id=\"episode-info\">Episode Info</h2>\n<ul>\n<li>Episode: CW 013</li>\n<li>Published: September 21st, 2014</li>\n<li>Tags: nodejs, js,jsconf</li>\n<li>Duration: 42:54</li>\n</ul>\n<a name=\"episode_notes\"></a><h2 id=\"episode-notes\">Episode Notes</h2>\n<ul>\n<li>01:42 - <a href=\"http://nodevember.org/\">Nodevember Node.js and JavaScript Conference</a> coming November 15-16, Nashville, TN</li>\n<li>04:40 - Day of Activities at JSConf 2014</li>\n<li>05:07 - NodeBots, NodeCopters, NodeRockets, NodeBoats</li>\n<li>11:43 - Golf Tournament sponsored by NodeSource</li>\n<li>13:04 - Kayaking, Scavenger Hunt, Segway tour of Amelia Island</li>\n<li>13:46 - Guy Bedford - Package Management for ES6 Modules (SystemJS, jspm.io)</li>\n<li>19:43 - Jordan Matthiesen - Modern mobile app tool-chains</li>\n<li>23:08 - Ryan Florence - Embularactymerbone</li>\n<li>27:30 - Forrest Norvell - Learning ES6 as a Community</li>\n<li>30:35 - Spike Brehm - Building Isomorphic Apps</li>\n<li>33:00 - Bodil Stokke - Reactive Game Development for the Discerning Hipster</li>\n<li>34:00 - Kassandra Perch - Modular Application Architecture in Javascript</li>\n<li>34:40 - Kawandeep Virdee - Open Web Art: JavaScript for Interactive, Collaborative, and Hackable Art</li>\n<li>36:24 - Brian Brennan - Being Human</li>\n<li>38:30 - JS Family pic via drone</li>\n<li>38:50 - Final thoughts about JSConf 2014</li>\n</ul>\n<a name=\"links\"></a><h3 id=\"links\">Links</h3>\n<ul>\n<li><a href=\"http://nodevember.org/\">Nodevember Node.js/JavaScript Conference</a> - Nov 15-16, 2014 - Nashville TN</li>\n<li><a href=\"http://2014.jsconf.us/\">JSConf 2014</a></li>\n<li><a href=\"http://2014.jsconf.us/schedule.html\">JSConf 2014 Schedule</a> - List of all talks</li>\n<li>Kevin Old - <a href=\"http://kevinold.com/\">website</a>, <a href=\"http://www.twitter.com/kevinold\">twitter</a>, <a href=\"http://www.linkedin.com/in/kevinold\">linkedin</a></li>\n<li>Jeff Barczewski, Founder, CodeWinds - <a href=\"http://jeff.barczewski.com/\">website</a>, <a href=\"https://twitter.com/jeffbski\">twitter</a>, <a href=\"http://www.linkedin.com/in/jeffbski\">linkedin</a></li>\n<li>CodeWinds - <a href=\"http://codewinds.com/\">website</a>, <a href=\"https://twitter.com/codewinds\">twitter</a></li>\n</ul>\n<a name=\"videos\"></a><h3 id=\"videos\">Videos</h3>\n<ul>\n<li><a href=\"https://www.youtube.com/playlist?list=PL37ZVnwpeshFXOP2lqCUykYPXYNsK_fgN\">JSConf 2014 videos on YouTube</a></li>\n<li><a href=\"https://www.youtube.com/watch?v=szJjsduHBQQ\">Guy Bedford - Package Management for ES6 Modules video</a></li>\n<li><a href=\"http://codewinds.com/8\">CodeWinds Episode# 8 w/Guy Bedford</a> - Audio Interview discussing SystemJS and jspm.io</li>\n<li><a href=\"https://www.youtube.com/watch?v=adLlCFbz49w\">Jordan Matthiesen - Modern mobile app tool-chains video</a></li>\n<li><a href=\"https://www.youtube.com/watch?v=CBhDdWY1uv8\">Ryan Florence - Embularactymerbone video</a></li>\n<li><a href=\"http://codewinds.com/7\">CodeWinds Episode #7 w/Forrest Norvell</a> - Video and Audio Interview</li>\n<li><a href=\"https://www.youtube.com/watch?v=MjrP-P6Pv4I\">Forrest Norvell - Learning ES6 as a Community video</a></li>\n<li><a href=\"https://www.youtube.com/watch?v=CH6icJbLhlI\">Spike Brehm - Building Isomorphic Apps video</a></li>\n<li><a href=\"http://codewinds.com/9\">CodeWinds Episode# 9 w/Spike Brehm</a> - Audio Interview</li>\n<li><a href=\"https://www.youtube.com/watch?v=x8mmAu7ZR9Y\">Bodil Stokke - Reactive Game Development for the Discerning Hipster video</a></li>\n<li><a href=\"https://www.youtube.com/watch?v=cTcdtfUjflI\">Kassandra Perch - Modular Application Architecture in Javascript video</a></li>\n<li><a href=\"http://codewinds.com/11\">CodeWinds Episode# 11 w/Kassandra Perch</a></li>\n<li><a href=\"https://www.youtube.com/watch?v=NHs5t1l3qzo\">Kawandeep Virdee - Open Web Art: JavaScript for Interactive, Collaborative, and Hackable Art video</a></li>\n<li><a href=\"https://www.youtube.com/watch?v=LlO2_GecWo8\">Brian Brennan - Being Human video</a></li>\n</ul>\n<p></p>\n<p></p>\n<p></p>\n<p></p>\n<p></p>\n<p></p>\n<p></p>\n<p></p>\n<p></p>\n<p></p>","pubdate":"2014-09-22T01:00:00.000Z","link":"http://codewinds.com/podcast/013.html","guid":"http://codewinds.com/podcast/013.html","image":"http://codewinds.com/assets/codewinds/codewinds-podcast-300.png","podcast":{"title":"CodeWinds - Leading edge web developer news and training | javascript / React.js / Node.js / HTML5 / web development - Jeff Barczewski","description":"Keep up with the latest web developer technologies and news covering javascript, React.js, Node.js, HTML5. Learn the current best practices in web and mobile app development.","image":"http://codewinds.com/assets/codewinds/codewinds-podcast-1400.png"}}