{"Name":"Podstr","LongName":"Podstr","lowerAppName":"Podstr","slug":"006-daniel-shaw-dshaw-introduces-nodesource-at-jsconf-2014","title":"006 Daniel Shaw (@dshaw) introduces NodeSource at JSConf 2014","description":"<div class=\"iframe-video\"><br><br></div>\n\n<p><a href=\"http://youtu.be/l7h69mJCzrI\">Watch video on YouTube</a></p>\n<div id=\"toc\"><ol><li><a href=\"#episode_info\">Episode Info</a></li><li><a href=\"#episode_notes\">Episode Notes</a><ol><li><a href=\"#nodesource_team_mentioned_in_interview_\">NodeSource Team (mentioned in interview)</a></li><li><a href=\"#social_media_links\">Social Media Links</a></li></ol></li></ol></div>\n\n<a name=\"episode_info\"></a><h2 id=\"episode-info\">Episode Info</h2>\n<ul>\n<li>Episode: CW 006</li>\n<li>Published: June 17th, 2014</li>\n<li>Tags: nodejs, jsconf</li>\n<li>Duration: 23:54</li>\n</ul>\n<a name=\"episode_notes\"></a><h2 id=\"episode-notes\">Episode Notes</h2>\n<p>NodeSource is a professional Node.js software company. NodeSource provides enterprise-grade software products and educational and professional consulting services to empower companies to be effective and productive with Node.js.</p>\n<ul>\n<li><a href=\"https://nodesource.com/\">https://nodesource.com/</a> - NodeSource website with team background</li>\n<li><a href=\"https://nodesource.com/products\">https://nodesource.com/products</a> - NodeSource products<ul>\n<li>npm Plus - NodeSource is the premier, certified reseller of on-premise, private npm instances. NodeSource has partnered with npm Inc. to deliver a secure, on-premise, private npm solution alongside managed services such as:<ul>\n<li>Bespoke npm Training</li>\n<li>24x7x365 Support</li>\n<li>Custom Integrations (LDAP, SSO, etc.)</li>\n</ul>\n</li>\n<li>N|Ship - NodeSource’s official Node.js deployment solution to make app deployments easy, secure and automated.</li>\n</ul>\n</li>\n<li><a href=\"http://2014.jsconf.us/\">http://2014.jsconf.us/</a> - JSConf 2014 - May 27-31, 2014 at Amelia Island, FL</li>\n</ul>\n<a name=\"nodesource_team_mentioned_in_interview_\"></a><h3 id=\"nodesource-team-mentioned-in-interview-\">NodeSource Team (mentioned in interview)</h3>\n<div class=\"float-images\"><br><img src=\"http://codewinds.com/assets/people/Dan_Shaw_bw.jpg\" alt=\"DanShaw\" title=\"Daniel Shaw, Co-founder\"> <img src=\"http://codewinds.com/assets/people/Joe_Mccann_bw.jpg\" alt=\"JoeMccann\" title=\"Joe McCann, Co-founder\"> <img src=\"http://codewinds.com/assets/people/Rod_Vagg_bw.jpg\" alt=\"RodVagg\" title=\"Rod Vagg, Director of Engineering\"> <img src=\"http://codewinds.com/assets/people/Chris_Williams_bw.jpg\" alt=\"ChrisWilliams\" title=\"Chris Williams, Director of Professional Services\"> <img src=\"http://codewinds.com/assets/people/Trevor_Norris_bw.jpg\" alt=\"TrevorNorris\" title=\"Trevor Norris, Node.js Maintainer\"><br></div><div class=\"clear-float\"></div>\n\n<a name=\"social_media_links\"></a><h3 id=\"social-media-links\">Social Media Links</h3>\n<h4 id=\"nodesource-team-partial-list-\">NodeSource Team (partial list)</h4>\n<ul>\n<li>NodeSource <a href=\"https://twitter.com/nodesource\">twitter</a></li>\n<li>Daniel Shaw, Co-founder <a href=\"https://twitter.com/dshaw\">twitter</a></li>\n<li>Joe McCann, Co-founder <a href=\"https://twitter.com/joemccann\">twitter</a></li>\n<li>Rod Vagg, Director of Engineering <a href=\"https://twitter.com/rvagg\">twitter</a></li>\n<li>Chris Williams, Director of Professional Services <a href=\"https://twitter.com/voodootikigod\">twitter</a></li>\n<li>Trevor Norris, Node.js Maintainer <a href=\"https://twitter.com/trevnorris\">twitter</a></li>\n</ul>\n<h4 id=\"codewinds\">CodeWinds</h4>\n<ul>\n<li>Jeff Barczewski, Founder <a href=\"https://twitter.com/jeffbski\">twitter</a></li>\n<li>CodeWinds <a href=\"https://twitter.com/codewinds\">twitter</a></li>\n</ul>","layout":"default","app-shell":"app","body":"<div class=\"container\">  <div class=\"row\">\r\n    <div class=\"card\">\r\n      <img src=\"[object Object]\" alt=\"006 Daniel Shaw (@dshaw) introduces NodeSource at JSConf 2014\" class=\"card-img-top\">\r\n      <div class=\"card-body\">\r\n        <h3 class=\"card-title\">006 Daniel Shaw (@dshaw) introduces NodeSource at JSConf 2014</h3>\r\n      </div>\r\n      <i class=\"fa fa-plus\" aria-hidden=\"true\"></i>\r\n    </div>\r\n  </div>\r\n  <div class=\"row\">\r\n    <audio src=\"https://api.spreaker.com/download/episode/8734727/ep105_mixdown.mp3\" controls=\"controls\"></audio>\r\n  </div>\r\n  <div class=\"row\">\r\n    <p><div class=\"iframe-video\"><br><br></div>\n\n<p><a href=\"http://youtu.be/l7h69mJCzrI\">Watch video on YouTube</a></p>\n<div id=\"toc\"><ol><li><a href=\"#episode_info\">Episode Info</a></li><li><a href=\"#episode_notes\">Episode Notes</a><ol><li><a href=\"#nodesource_team_mentioned_in_interview_\">NodeSource Team (mentioned in interview)</a></li><li><a href=\"#social_media_links\">Social Media Links</a></li></ol></li></ol></div>\n\n<a name=\"episode_info\"></a><h2 id=\"episode-info\">Episode Info</h2>\n<ul>\n<li>Episode: CW 006</li>\n<li>Published: June 17th, 2014</li>\n<li>Tags: nodejs, jsconf</li>\n<li>Duration: 23:54</li>\n</ul>\n<a name=\"episode_notes\"></a><h2 id=\"episode-notes\">Episode Notes</h2>\n<p>NodeSource is a professional Node.js software company. NodeSource provides enterprise-grade software products and educational and professional consulting services to empower companies to be effective and productive with Node.js.</p>\n<ul>\n<li><a href=\"https://nodesource.com/\">https://nodesource.com/</a> - NodeSource website with team background</li>\n<li><a href=\"https://nodesource.com/products\">https://nodesource.com/products</a> - NodeSource products<ul>\n<li>npm Plus - NodeSource is the premier, certified reseller of on-premise, private npm instances. NodeSource has partnered with npm Inc. to deliver a secure, on-premise, private npm solution alongside managed services such as:<ul>\n<li>Bespoke npm Training</li>\n<li>24x7x365 Support</li>\n<li>Custom Integrations (LDAP, SSO, etc.)</li>\n</ul>\n</li>\n<li>N|Ship - NodeSource’s official Node.js deployment solution to make app deployments easy, secure and automated.</li>\n</ul>\n</li>\n<li><a href=\"http://2014.jsconf.us/\">http://2014.jsconf.us/</a> - JSConf 2014 - May 27-31, 2014 at Amelia Island, FL</li>\n</ul>\n<a name=\"nodesource_team_mentioned_in_interview_\"></a><h3 id=\"nodesource-team-mentioned-in-interview-\">NodeSource Team (mentioned in interview)</h3>\n<div class=\"float-images\"><br><img src=\"http://codewinds.com/assets/people/Dan_Shaw_bw.jpg\" alt=\"DanShaw\" title=\"Daniel Shaw, Co-founder\"> <img src=\"http://codewinds.com/assets/people/Joe_Mccann_bw.jpg\" alt=\"JoeMccann\" title=\"Joe McCann, Co-founder\"> <img src=\"http://codewinds.com/assets/people/Rod_Vagg_bw.jpg\" alt=\"RodVagg\" title=\"Rod Vagg, Director of Engineering\"> <img src=\"http://codewinds.com/assets/people/Chris_Williams_bw.jpg\" alt=\"ChrisWilliams\" title=\"Chris Williams, Director of Professional Services\"> <img src=\"http://codewinds.com/assets/people/Trevor_Norris_bw.jpg\" alt=\"TrevorNorris\" title=\"Trevor Norris, Node.js Maintainer\"><br></div><div class=\"clear-float\"></div>\n\n<a name=\"social_media_links\"></a><h3 id=\"social-media-links\">Social Media Links</h3>\n<h4 id=\"nodesource-team-partial-list-\">NodeSource Team (partial list)</h4>\n<ul>\n<li>NodeSource <a href=\"https://twitter.com/nodesource\">twitter</a></li>\n<li>Daniel Shaw, Co-founder <a href=\"https://twitter.com/dshaw\">twitter</a></li>\n<li>Joe McCann, Co-founder <a href=\"https://twitter.com/joemccann\">twitter</a></li>\n<li>Rod Vagg, Director of Engineering <a href=\"https://twitter.com/rvagg\">twitter</a></li>\n<li>Chris Williams, Director of Professional Services <a href=\"https://twitter.com/voodootikigod\">twitter</a></li>\n<li>Trevor Norris, Node.js Maintainer <a href=\"https://twitter.com/trevnorris\">twitter</a></li>\n</ul>\n<h4 id=\"codewinds\">CodeWinds</h4>\n<ul>\n<li>Jeff Barczewski, Founder <a href=\"https://twitter.com/jeffbski\">twitter</a></li>\n<li>CodeWinds <a href=\"https://twitter.com/codewinds\">twitter</a></li>\n</ul></p>\r\n  </div>\r\n</div>","author":"Chris Love","facebook-publisher":"https://www.facebook.com/Love2Dev/","twitter":"ChrisLove","google-plus":"https://plus.google.com/b/110904107389779237581/?pageId=110904107389779237581","linkedin":"https://www.linkedin.com/in/Love2Dev/","pinterest":"https://www.pinterest.com/docluv/","youtube":"https://www.youtube.com/channel/UC3mfh2MN-5D-zOyiRLp9H6g","bing-user-key":"7EDAB92AF63E3B35E57195D810D64C57","image":{"url":"http://codewinds.com/assets/codewinds/codewinds-podcast-300.png","width":300,"height":300},"cache":{},"headers":{"Cache-Control":"public, max-age=30240, s-max-age=1200"},"meta":{"type":"article","og:type":"article","section":"progressive web apps","url":"https://podstr.love2dev.com/","route":"/"},"subtitle":null,"featured-image":"img/pwa-podstr-logo-600x310.png","abstract":"<img align='left' src='img/pwa-podstr-logo-600x310.png' style='margin: 18px 18px 18px 6px; float: left; display: inline' lazyload='1' lazyload='1' />Two years, it&#39;s hard to comprehend how fast the time has flown and how much my life has changed. November 2 marked my two year anniversary with Tellago and I thought I would try to express what these past two years have been like today, Thanksgiving. Back in July 2010, after about 8 months after joining Tellago I wrote about my experiences and thankfulness at the time. ","approved":true,"published":"2014-06-18T01:00:00.000Z","active":true,"tags":[],"publishedDay":20,"publishedMonth":10,"publishedYear":2117,"pubdate":"2014-06-18T01:00:00.000Z","link":"https://api.spreaker.com/download/episode/8734727/ep105_mixdown.mp3","guid":"http://codewinds.com/podcast/006.html","podcast":{"title":"CodeWinds - Leading edge web developer news and training | javascript / React.js / Node.js / HTML5 / web development - Jeff Barczewski","description":"Keep up with the latest web developer technologies and news covering javascript, React.js, Node.js, HTML5. Learn the current best practices in web and mobile app development.","image":"http://codewinds.com/assets/codewinds/codewinds-podcast-1400.png"}}