{"Name":"Podstr","LongName":"Podstr","lowerAppName":"Podstr","slug":"012-reflections-of-jsconf-2014-part-1","title":"012 Reflections of JSConf 2014 - Part 1","description":"<p><img src=\"http://codewinds.com/assets/people/kevin-old.jpg\" alt=\"kevin-photo\" title=\"Kevin Old\"></p>\n<div id=\"toc\"><ol><li><a href=\"#episode_info\">Episode Info</a></li><li><a href=\"#episode_notes\">Episode Notes</a><ol><li><a href=\"#links\">Links</a></li><li><a href=\"#videos\">Videos</a></li></ol></li></ol></div>\n\n\n<a name=\"episode_info\"></a><h2 id=\"episode-info\">Episode Info</h2>\n<ul>\n<li>Episode: CW 012</li>\n<li>Published: September 5th, 2014</li>\n<li>Tags: nodejs, js,jsconf</li>\n<li>Duration: 57:34</li>\n</ul>\n<a name=\"episode_notes\"></a><h2 id=\"episode-notes\">Episode Notes</h2>\n<ul>\n<li>01:23 - <a href=\"http://nodevember.org/\">Nodevember Node.js and JavaScript Conference</a> coming November 15-16, Nashville, TN</li>\n<li>03:15 - JSConf 2014 Venue, Amelia Island, FL, Arriving</li>\n<li>09:00 - CSSConf, Welcome reception</li>\n<li>13:03 - Wednesday, first day of JSConf talks</li>\n<li>15:00 - Neil Green - custom DSL’s in JavaScript</li>\n<li>15:53 - Ron Evans, CylonJS - controlling hardware with JS, NodeBots, drones</li>\n<li>22:00 - Tessel - Hardware which runs JS</li>\n<li>24:45 - Spark Core kit</li>\n<li>26:30 - Travell Perkins - Battle Hardened Node.js for the Enterprise</li>\n<li>27:35 - Nico Bevacqua - Front End Ops Tooling, Grunt, Gulp, npm, browserify</li>\n<li>36:13 - Mark DiMarco - User Interface Alorithms</li>\n<li>40:25 - Nick Bray - Native Code on the Web</li>\n<li>41:15 - Ryan Paul - Composing frontend Web applications with MontagsJS</li>\n<li>45:45 - G. C. Marty - Play DVDs in JS for the sake of interoperability</li>\n<li>47:40 - James Long - Unshackling JavaScript with Macros, SweetJS, Implemnting some ES6 features with macros</li>\n<li>50:30 - Marco Rogers - Finding patterns across front-end frameworks</li>\n<li>53:00 - David Calhoun - Realtime satellite tracking in the browser</li>\n<li>54:10 - Jenn Schiffer - What’s the harm in sorting: sanitizing inputs for more optimized JavaScript</li>\n</ul>\n<a name=\"links\"></a><h3 id=\"links\">Links</h3>\n<ul>\n<li><a href=\"http://nodevember.org/\">Nodevember Node.js/JavaScript Conference</a> - Nov 15-16, 2014 - Nashville TN</li>\n<li><a href=\"http://2014.jsconf.us/\">JSConf 2014</a></li>\n<li><a href=\"http://2014.jsconf.us/schedule.html\">JSConf 2014 Schedule</a> - List of all talks</li>\n<li><a href=\"http://2014.cssconf.com/\">CSSConf 2014</a></li>\n<li><a href=\"https://tessel.io/\">Tessel</a> - Tessel is a microcontroller that runs JavaScript</li>\n<li><a href=\"https://www.spark.io/\">Spark</a> - Spark OS is a complete open source operating system for cloud-connected things</li>\n<li>Kevin Old - <a href=\"http://kevinold.com/\">website</a>, <a href=\"http://www.twitter.com/kevinold\">twitter</a>, <a href=\"http://www.linkedin.com/in/kevinold\">linkedin</a></li>\n<li>Jeff Barczewski, Founder, CodeWinds - <a href=\"http://jeff.barczewski.com/\">website</a>, <a href=\"https://twitter.com/jeffbski\">twitter</a>, <a href=\"http://www.linkedin.com/in/jeffbski\">linkedin</a></li>\n<li>CodeWinds - <a href=\"http://codewinds.com/\">website</a>, <a href=\"https://twitter.com/codewinds\">twitter</a></li>\n</ul>\n<a name=\"videos\"></a><h3 id=\"videos\">Videos</h3>\n<ul>\n<li><a href=\"https://www.youtube.com/playlist?list=PL37ZVnwpeshFXOP2lqCUykYPXYNsK_fgN\">JSConf 2014 videos on YouTube</a></li>\n<li><a href=\"https://www.youtube.com/watch?v=lm4jEcnWeKI\">Neil Green - Custom DSL’s in JavaScript video</a></li>\n<li><a href=\"https://www.youtube.com/watch?v=bnFWskconEg\">Ron Evans - CylonJS: The JavaScript Evolution of Open Source Robotics video</a></li>\n<li><a href=\"https://www.youtube.com/watch?v=6QAzmJ4lm3I\">Travel Perkins - Battle Harnened Node.js for the Enterprise video</a></li>\n<li><a href=\"https://www.youtube.com/watch?v=Y0DCZdAruvo\">Nico Bevacqua - Front End Ops Tooling video</a></li>\n<li><a href=\"http://codewinds.com/10\">CodeWinds Podcast Episode# 10 w/Nico Bevacqua</a> - Audio Interview</li>\n<li><a href=\"https://www.youtube.com/watch?v=90NsjKvz9Ns\">Mark DiMarco - User interface algorithms video</a></li>\n<li><a href=\"https://www.youtube.com/watch?v=-xNZYr40QOk\">Nick Bray - Native code on the web video</a></li>\n<li><a href=\"https://www.youtube.com/watch?v=8-Vyus9TPZ0\">Ryan Paul - Composing frontend Web applications with MontagsJS video</a></li>\n<li><a href=\"https://www.youtube.com/watch?v=lb-8euLqfRg\">G. C. Marty - Play DVDs in JS for the sake of interoperability video</a></li>\n<li><a href=\"https://www.youtube.com/watch?v=Bp3Jy177NvU\">Marco Rogers - Finding patterns across front-end frameworks video</a></li>\n<li><a href=\"https://www.youtube.com/watch?v=vtvHOn9mIB4\">David Calhoun - Realtime satellite tracking in the browser video</a></li>\n<li><a href=\"https://www.youtube.com/watch?v=pj4U_W0OFoE\">Jenn Schiffer - What’s the harm in sorting: sanitizing inputs for more optimized JavaScript video</a></li>\n</ul>\n<p></p>\n<p></p>\n<p></p>\n<p></p>\n<p></p>\n<p></p>\n<p></p>\n<p></p>\n<p></p>\n<p></p>\n<p></p>","layout":"default","app-shell":"app","body":"<div class=\"container\">  <div class=\"row\">\r\n    <div class=\"card\">\r\n      <img src=\"http://codewinds.com/assets/codewinds/codewinds-podcast-300.png\" alt=\"012 Reflections of JSConf 2014 - Part 1\" class=\"card-img-top\">\r\n      <div class=\"card-body\">\r\n        <h3 class=\"card-title\">012 Reflections of JSConf 2014 - Part 1</h3>\r\n      </div>\r\n      <i class=\"fa fa-plus\" aria-hidden=\"true\"></i>\r\n    </div>\r\n  </div>\r\n  <div class=\"row\">\r\n    <audio src=\"https://api.spreaker.com/download/episode/8734727/ep105_mixdown.mp3\" controls=\"controls\"></audio>\r\n  </div>\r\n  <div class=\"row\">\r\n    <p><p><img src=\"http://codewinds.com/assets/people/kevin-old.jpg\" alt=\"kevin-photo\" title=\"Kevin Old\"></p>\n<div id=\"toc\"><ol><li><a href=\"#episode_info\">Episode Info</a></li><li><a href=\"#episode_notes\">Episode Notes</a><ol><li><a href=\"#links\">Links</a></li><li><a href=\"#videos\">Videos</a></li></ol></li></ol></div>\n\n\n<a name=\"episode_info\"></a><h2 id=\"episode-info\">Episode Info</h2>\n<ul>\n<li>Episode: CW 012</li>\n<li>Published: September 5th, 2014</li>\n<li>Tags: nodejs, js,jsconf</li>\n<li>Duration: 57:34</li>\n</ul>\n<a name=\"episode_notes\"></a><h2 id=\"episode-notes\">Episode Notes</h2>\n<ul>\n<li>01:23 - <a href=\"http://nodevember.org/\">Nodevember Node.js and JavaScript Conference</a> coming November 15-16, Nashville, TN</li>\n<li>03:15 - JSConf 2014 Venue, Amelia Island, FL, Arriving</li>\n<li>09:00 - CSSConf, Welcome reception</li>\n<li>13:03 - Wednesday, first day of JSConf talks</li>\n<li>15:00 - Neil Green - custom DSL’s in JavaScript</li>\n<li>15:53 - Ron Evans, CylonJS - controlling hardware with JS, NodeBots, drones</li>\n<li>22:00 - Tessel - Hardware which runs JS</li>\n<li>24:45 - Spark Core kit</li>\n<li>26:30 - Travell Perkins - Battle Hardened Node.js for the Enterprise</li>\n<li>27:35 - Nico Bevacqua - Front End Ops Tooling, Grunt, Gulp, npm, browserify</li>\n<li>36:13 - Mark DiMarco - User Interface Alorithms</li>\n<li>40:25 - Nick Bray - Native Code on the Web</li>\n<li>41:15 - Ryan Paul - Composing frontend Web applications with MontagsJS</li>\n<li>45:45 - G. C. Marty - Play DVDs in JS for the sake of interoperability</li>\n<li>47:40 - James Long - Unshackling JavaScript with Macros, SweetJS, Implemnting some ES6 features with macros</li>\n<li>50:30 - Marco Rogers - Finding patterns across front-end frameworks</li>\n<li>53:00 - David Calhoun - Realtime satellite tracking in the browser</li>\n<li>54:10 - Jenn Schiffer - What’s the harm in sorting: sanitizing inputs for more optimized JavaScript</li>\n</ul>\n<a name=\"links\"></a><h3 id=\"links\">Links</h3>\n<ul>\n<li><a href=\"http://nodevember.org/\">Nodevember Node.js/JavaScript Conference</a> - Nov 15-16, 2014 - Nashville TN</li>\n<li><a href=\"http://2014.jsconf.us/\">JSConf 2014</a></li>\n<li><a href=\"http://2014.jsconf.us/schedule.html\">JSConf 2014 Schedule</a> - List of all talks</li>\n<li><a href=\"http://2014.cssconf.com/\">CSSConf 2014</a></li>\n<li><a href=\"https://tessel.io/\">Tessel</a> - Tessel is a microcontroller that runs JavaScript</li>\n<li><a href=\"https://www.spark.io/\">Spark</a> - Spark OS is a complete open source operating system for cloud-connected things</li>\n<li>Kevin Old - <a href=\"http://kevinold.com/\">website</a>, <a href=\"http://www.twitter.com/kevinold\">twitter</a>, <a href=\"http://www.linkedin.com/in/kevinold\">linkedin</a></li>\n<li>Jeff Barczewski, Founder, CodeWinds - <a href=\"http://jeff.barczewski.com/\">website</a>, <a href=\"https://twitter.com/jeffbski\">twitter</a>, <a href=\"http://www.linkedin.com/in/jeffbski\">linkedin</a></li>\n<li>CodeWinds - <a href=\"http://codewinds.com/\">website</a>, <a href=\"https://twitter.com/codewinds\">twitter</a></li>\n</ul>\n<a name=\"videos\"></a><h3 id=\"videos\">Videos</h3>\n<ul>\n<li><a href=\"https://www.youtube.com/playlist?list=PL37ZVnwpeshFXOP2lqCUykYPXYNsK_fgN\">JSConf 2014 videos on YouTube</a></li>\n<li><a href=\"https://www.youtube.com/watch?v=lm4jEcnWeKI\">Neil Green - Custom DSL’s in JavaScript video</a></li>\n<li><a href=\"https://www.youtube.com/watch?v=bnFWskconEg\">Ron Evans - CylonJS: The JavaScript Evolution of Open Source Robotics video</a></li>\n<li><a href=\"https://www.youtube.com/watch?v=6QAzmJ4lm3I\">Travel Perkins - Battle Harnened Node.js for the Enterprise video</a></li>\n<li><a href=\"https://www.youtube.com/watch?v=Y0DCZdAruvo\">Nico Bevacqua - Front End Ops Tooling video</a></li>\n<li><a href=\"http://codewinds.com/10\">CodeWinds Podcast Episode# 10 w/Nico Bevacqua</a> - Audio Interview</li>\n<li><a href=\"https://www.youtube.com/watch?v=90NsjKvz9Ns\">Mark DiMarco - User interface algorithms video</a></li>\n<li><a href=\"https://www.youtube.com/watch?v=-xNZYr40QOk\">Nick Bray - Native code on the web video</a></li>\n<li><a href=\"https://www.youtube.com/watch?v=8-Vyus9TPZ0\">Ryan Paul - Composing frontend Web applications with MontagsJS video</a></li>\n<li><a href=\"https://www.youtube.com/watch?v=lb-8euLqfRg\">G. C. Marty - Play DVDs in JS for the sake of interoperability video</a></li>\n<li><a href=\"https://www.youtube.com/watch?v=Bp3Jy177NvU\">Marco Rogers - Finding patterns across front-end frameworks video</a></li>\n<li><a href=\"https://www.youtube.com/watch?v=vtvHOn9mIB4\">David Calhoun - Realtime satellite tracking in the browser video</a></li>\n<li><a href=\"https://www.youtube.com/watch?v=pj4U_W0OFoE\">Jenn Schiffer - What’s the harm in sorting: sanitizing inputs for more optimized JavaScript video</a></li>\n</ul>\n<p></p>\n<p></p>\n<p></p>\n<p></p>\n<p></p>\n<p></p>\n<p></p>\n<p></p>\n<p></p>\n<p></p>\n<p></p></p>\r\n  </div>\r\n</div>","author":"Chris Love","facebook-publisher":"https://www.facebook.com/Love2Dev/","twitter":"ChrisLove","google-plus":"https://plus.google.com/b/110904107389779237581/?pageId=110904107389779237581","linkedin":"https://www.linkedin.com/in/Love2Dev/","pinterest":"https://www.pinterest.com/docluv/","youtube":"https://www.youtube.com/channel/UC3mfh2MN-5D-zOyiRLp9H6g","bing-user-key":"7EDAB92AF63E3B35E57195D810D64C57","image":{"url":"http://codewinds.com/assets/codewinds/codewinds-podcast-300.png","width":300,"height":300},"cache":{},"headers":{"Cache-Control":"public, max-age=30240, s-max-age=1200"},"meta":{"type":"article","og:type":"article","section":"progressive web apps","url":"https://podstr.love2dev.com/","route":"/"},"subtitle":null,"featured-image":"img/pwa-podstr-logo-600x310.png","abstract":"<img align='left' src='img/pwa-podstr-logo-600x310.png' style='margin: 18px 18px 18px 6px; float: left; display: inline' lazyload='1' lazyload='1' />Two years, it&#39;s hard to comprehend how fast the time has flown and how much my life has changed. November 2 marked my two year anniversary with Tellago and I thought I would try to express what these past two years have been like today, Thanksgiving. Back in July 2010, after about 8 months after joining Tellago I wrote about my experiences and thankfulness at the time. ","approved":true,"published":"2014-09-06T01:00:00.000Z","active":true,"tags":[],"publishedDay":20,"publishedMonth":10,"publishedYear":2117,"pubdate":"2014-09-06T01:00:00.000Z","link":"https://api.spreaker.com/download/episode/8734727/ep105_mixdown.mp3","guid":"http://codewinds.com/podcast/012.html","podcast":{"title":"CodeWinds - Leading edge web developer news and training | javascript / React.js / Node.js / HTML5 / web development - Jeff Barczewski","description":"Keep up with the latest web developer technologies and news covering javascript, React.js, Node.js, HTML5. Learn the current best practices in web and mobile app development.","image":"http://codewinds.com/assets/codewinds/codewinds-podcast-1400.png"}}