{
    "Name": "Podstr",
    "LongName": "Podstr",
    "lowerAppName": "Podstr",
    "slug": "1-start-here-to-build-a-career-in-web-development",
    "title": "1. Start Here to Build a Career in Web Development",
    "description": "http://advancedbeginnerchallenge.com – I built a course to get your first job in web development, or upgrade from Junior to mid-level. All done over email for your convenience.\n\nTasks\n\n- Read Steps 1 & 2 from DevelopAJob.com\n\nThis site is a good overview of web development. The author provides additional resources some of which you can purchase. We don't believe you need to pay for an education in web development so bypass those resources. In step 2 we'd ask you to skip the Build Your First Website section. Our second resource provides a more thorough lesson.\n\n- Work through Lesson 1, Building Your First Web Page, from learn.shayhowe.com\n\nShay's lesson is a crash course and a fantastic introduction to HTML and CSS. Technically, it's a lesson about building for the front-end but we think every web developer should know these things.\n\n- Talk to Us\n\nPlease tell us why you want to be a web developer. What are your reasons and what job are you switching from? Leave us a comment below. If you have questions about web dev please ask away. You can also Contact us directly.",
    "layout": "default",
    "app-shell": "app",
    "body": "<div class=\"container\">  <div class=\"row\">\r\n    <div class=\"card\">\r\n      <img src=\"http://i1.sndcdn.com/avatars-000227802710-27eerh-original.jpg\" alt=\"1. Start Here to Build a Career in Web Development\" class=\"card-img-top\">\r\n      <div class=\"card-body\">\r\n        <h3 class=\"card-title\">1. Start Here to Build a Career in Web Development</h3>\r\n      </div>\r\n      <i class=\"fa fa-plus\" aria-hidden=\"true\"></i>\r\n    </div>\r\n  </div>\r\n  <div class=\"row\">\r\n    <audio src=\"https://api.spreaker.com/download/episode/8734727/ep105_mixdown.mp3\" controls=\"controls\"></audio>\r\n  </div>\r\n  <div class=\"row\">\r\n    <p>http://advancedbeginnerchallenge.com – I built a course to get your first job in web development, or upgrade from Junior to mid-level. All done over email for your convenience.\n\nTasks\n\n- Read Steps 1 & 2 from DevelopAJob.com\n\nThis site is a good overview of web development. The author provides additional resources some of which you can purchase. We don't believe you need to pay for an education in web development so bypass those resources. In step 2 we'd ask you to skip the Build Your First Website section. Our second resource provides a more thorough lesson.\n\n- Work through Lesson 1, Building Your First Web Page, from learn.shayhowe.com\n\nShay's lesson is a crash course and a fantastic introduction to HTML and CSS. Technically, it's a lesson about building for the front-end but we think every web developer should know these things.\n\n- Talk to Us\n\nPlease tell us why you want to be a web developer. What are your reasons and what job are you switching from? Leave us a comment below. If you have questions about web dev please ask away. You can also Contact us directly.</p>\r\n  </div>\r\n</div>",
    "author": "Chris Love",
    "facebook-publisher": "https://www.facebook.com/Love2Dev/",
    "twitter": "ChrisLove",
    "google-plus": "https://plus.google.com/b/110904107389779237581/?pageId=110904107389779237581",
    "linkedin": "https://www.linkedin.com/in/Love2Dev/",
    "pinterest": "https://www.pinterest.com/docluv/",
    "youtube": "https://www.youtube.com/channel/UC3mfh2MN-5D-zOyiRLp9H6g",
    "bing-user-key": "7EDAB92AF63E3B35E57195D810D64C57",
    "image": {
        "url": "http://i1.sndcdn.com/avatars-000227802710-27eerh-original.jpg",
        "width": 3000,
        "height": 3000
    },
    "cache": {},
    "headers": {
        "Cache-Control": "public, max-age=30240, s-max-age=1200"
    },
    "meta": {
        "type": "article",
        "og:type": "article",
        "section": "progressive web apps",
        "url": "https://podstr.love2dev.com/",
        "route": "/"
    },
    "subtitle": null,
    "featured-image": "img/pwa-podstr-logo-600x310.png",
    "abstract": "<img align='left' src='img/pwa-podstr-logo-600x310.png' style='margin: 18px 18px 18px 6px; float: left; display: inline' lazyload='1' lazyload='1' />Two years, it&#39;s hard to comprehend how fast the time has flown and how much my life has changed. November 2 marked my two year anniversary with Tellago and I thought I would try to express what these past two years have been like today, Thanksgiving. Back in July 2010, after about 8 months after joining Tellago I wrote about my experiences and thankfulness at the time. ",
    "approved": true,
    "published": "2014-05-20T00:00:00.000Z",
    "active": true,
    "tags": [],
    "publishedDay": 20,
    "publishedMonth": 10,
    "publishedYear": 2117,
    "pubdate": "2014-05-20T00:00:00.000Z",
    "link": "https://api.spreaker.com/download/episode/8734727/ep105_mixdown.mp3",
    "guid": "tag:soundcloud,2010:tracks/234714498",
    "podcast": {
        "title": "Start Here: Web Development",
        "description": "Do you want to get your first job as a web developer, or level up in your web dev career?? Well, StartHere: Web Development is the show for you! Dain Miller is your new mentor as he shares his industry experience, insight, and resources to help get you from knowing nothing to becoming a full-time web developer. Everyone starts somewhere and you’re starting here.",
        "image": "http://i1.sndcdn.com/avatars-000227802710-27eerh-original.jpg"
    }
}