{"Name":"Podstr","LongName":"Podstr","lowerAppName":"Podstr","slug":"23-the-motivation-episode-and-becoming-a-programming-super-learner","title":"23. The Motivation Episode and Becoming a Programming Super Learner","description":"http://advancedbeginnerchallenge.com – I built a course to get your first job in web development, or upgrade from Junior to mid-level. All done over email for your convenience.\n\nCheck out Team Treehouse to grow as a programmer! http://starthere.fm/treehouse\n\nOn this episode we discuss the fixed mindset vs. the growth mindset, what you should focus on for developer success, and how to overcome the challenges associated with procrastination and fear of failure. \n\nResources mentioned:\n- Mindset: The New Psychology of Success (Book) (Non-affiliate amazon link)http://www.amazon.com/Mindset-Psychology-Success-Carol-Dweck/dp/0345472322\n- Aaron Patterson's commit history https://github.com/tenderlove?tab=activity\n\nResources not mentioned, but that I think you'd like:\n- The Art of Thinking Big (Book) (Non-affiliate amazon link)http://www.amazon.com/The-Magic-Thinking-David-Schwartz/dp/0671646788/ref=cm_cr_arp_d_product_top?ie=UTF8","layout":"default","app-shell":"app","body":"<div class=\"container\">  <div class=\"row\">\r\n    <div class=\"card\">\r\n      <img src=\"http://i1.sndcdn.com/artworks-000159748269-5za4d8-original.jpg\" alt=\"23. The Motivation Episode and Becoming a Programming Super Learner\" class=\"card-img-top\">\r\n      <div class=\"card-body\">\r\n        <h3 class=\"card-title\">23. The Motivation Episode and Becoming a Programming Super Learner</h3>\r\n      </div>\r\n      <i class=\"fa fa-plus\" aria-hidden=\"true\"></i>\r\n    </div>\r\n  </div>\r\n  <div class=\"row\">\r\n    <audio src=\"https://api.spreaker.com/download/episode/8734727/ep105_mixdown.mp3\" controls=\"controls\"></audio>\r\n  </div>\r\n  <div class=\"row\">\r\n    <p>http://advancedbeginnerchallenge.com – I built a course to get your first job in web development, or upgrade from Junior to mid-level. All done over email for your convenience.\n\nCheck out Team Treehouse to grow as a programmer! http://starthere.fm/treehouse\n\nOn this episode we discuss the fixed mindset vs. the growth mindset, what you should focus on for developer success, and how to overcome the challenges associated with procrastination and fear of failure. \n\nResources mentioned:\n- Mindset: The New Psychology of Success (Book) (Non-affiliate amazon link)http://www.amazon.com/Mindset-Psychology-Success-Carol-Dweck/dp/0345472322\n- Aaron Patterson's commit history https://github.com/tenderlove?tab=activity\n\nResources not mentioned, but that I think you'd like:\n- The Art of Thinking Big (Book) (Non-affiliate amazon link)http://www.amazon.com/The-Magic-Thinking-David-Schwartz/dp/0671646788/ref=cm_cr_arp_d_product_top?ie=UTF8</p>\r\n  </div>\r\n</div>","author":"Chris Love","facebook-publisher":"https://www.facebook.com/Love2Dev/","twitter":"ChrisLove","google-plus":"https://plus.google.com/b/110904107389779237581/?pageId=110904107389779237581","linkedin":"https://www.linkedin.com/in/Love2Dev/","pinterest":"https://www.pinterest.com/docluv/","youtube":"https://www.youtube.com/channel/UC3mfh2MN-5D-zOyiRLp9H6g","bing-user-key":"7EDAB92AF63E3B35E57195D810D64C57","image":{"url":"http://i1.sndcdn.com/artworks-000159748269-5za4d8-original.jpg","width":1400,"height":1400},"cache":{},"headers":{"Cache-Control":"public, max-age=30240, s-max-age=1200"},"meta":{"type":"article","og:type":"article","section":"progressive web apps","url":"https://podstr.love2dev.com/","route":"/"},"subtitle":null,"featured-image":"img/pwa-podstr-logo-600x310.png","abstract":"<img align='left' src='img/pwa-podstr-logo-600x310.png' style='margin: 18px 18px 18px 6px; float: left; display: inline' lazyload='1' lazyload='1' />Two years, it&#39;s hard to comprehend how fast the time has flown and how much my life has changed. November 2 marked my two year anniversary with Tellago and I thought I would try to express what these past two years have been like today, Thanksgiving. Back in July 2010, after about 8 months after joining Tellago I wrote about my experiences and thankfulness at the time. ","approved":true,"published":"2016-04-25T06:42:42.000Z","active":true,"tags":[],"publishedDay":20,"publishedMonth":10,"publishedYear":2117,"pubdate":"2016-04-25T06:42:42.000Z","link":"https://api.spreaker.com/download/episode/8734727/ep105_mixdown.mp3","guid":"tag:soundcloud,2010:tracks/260758677","podcast":{"title":"Start Here: Web Development","description":"Do you want to get your first job as a web developer, or level up in your web dev career?? Well, StartHere: Web Development is the show for you! Dain Miller is your new mentor as he shares his industry experience, insight, and resources to help get you from knowing nothing to becoming a full-time web developer. Everyone starts somewhere and you’re starting here.","image":"http://i1.sndcdn.com/avatars-000227802710-27eerh-original.jpg"}}