{"Name":"Podstr","LongName":"Podstr","lowerAppName":"Podstr","slug":"29-how-to-eat-and-exercise-for-better-programming-my-latest-experiments","title":"29. How to Eat and Exercise for Better Programming (& My Latest Experiments)","description":"http://advancedbeginnerchallenge.com – I built a course to get your first job in web development, or upgrade from Junior to mid-level. All done over email for your convenience.\n\nHey everyone,\n\nThanks for being a listener and subscriber. Trying something incredibly different for this episode, just trying to have fun with the podcast and add music and other things I enjoy. \n\nLet me know what you think. miller.dain@gmail.com \n\nI'll be back next time with some hardcore technical content for ya. But for now, eating and exercise. I know it's a touchy subject, but we gotta' talk about it. It will change everything. \n\nPS – Join our 1-on-1 web dev coaching program! Apply here https://beachangeagent.typeform.com/to/WiOh5g!\n\nThanks to DJ Shadow for the audio. You can find the song here https://www.youtube.com/watch?v=dcxsheROd3Em. He's incredible.","layout":"default","app-shell":"app","body":"<div class=\"container\">  <div class=\"row\">\r\n    <div class=\"card\">\r\n      <img src=\"http://i1.sndcdn.com/avatars-000227802710-27eerh-original.jpg\" alt=\"29. How to Eat and Exercise for Better Programming (&amp; My Latest Experiments)\" class=\"card-img-top\">\r\n      <div class=\"card-body\">\r\n        <h3 class=\"card-title\">29. How to Eat and Exercise for Better Programming (&amp; My Latest Experiments)</h3>\r\n      </div>\r\n      <i class=\"fa fa-plus\" aria-hidden=\"true\"></i>\r\n    </div>\r\n  </div>\r\n  <div class=\"row\">\r\n    <audio src=\"https://api.spreaker.com/download/episode/8734727/ep105_mixdown.mp3\" controls=\"controls\"></audio>\r\n  </div>\r\n  <div class=\"row\">\r\n    <p>http://advancedbeginnerchallenge.com – I built a course to get your first job in web development, or upgrade from Junior to mid-level. All done over email for your convenience.\n\nHey everyone,\n\nThanks for being a listener and subscriber. Trying something incredibly different for this episode, just trying to have fun with the podcast and add music and other things I enjoy. \n\nLet me know what you think. miller.dain@gmail.com \n\nI'll be back next time with some hardcore technical content for ya. But for now, eating and exercise. I know it's a touchy subject, but we gotta' talk about it. It will change everything. \n\nPS – Join our 1-on-1 web dev coaching program! Apply here https://beachangeagent.typeform.com/to/WiOh5g!\n\nThanks to DJ Shadow for the audio. You can find the song here https://www.youtube.com/watch?v=dcxsheROd3Em. He's incredible.</p>\r\n  </div>\r\n</div>","author":"Chris Love","facebook-publisher":"https://www.facebook.com/Love2Dev/","twitter":"ChrisLove","google-plus":"https://plus.google.com/b/110904107389779237581/?pageId=110904107389779237581","linkedin":"https://www.linkedin.com/in/Love2Dev/","pinterest":"https://www.pinterest.com/docluv/","youtube":"https://www.youtube.com/channel/UC3mfh2MN-5D-zOyiRLp9H6g","bing-user-key":"7EDAB92AF63E3B35E57195D810D64C57","image":{"url":"http://i1.sndcdn.com/avatars-000227802710-27eerh-original.jpg","width":3000,"height":3000},"cache":{},"headers":{"Cache-Control":"public, max-age=30240, s-max-age=1200"},"meta":{"type":"article","og:type":"article","section":"progressive web apps","url":"https://podstr.love2dev.com/","route":"/"},"subtitle":null,"featured-image":"img/pwa-podstr-logo-600x310.png","abstract":"<img align='left' src='img/pwa-podstr-logo-600x310.png' style='margin: 18px 18px 18px 6px; float: left; display: inline' lazyload='1' lazyload='1' />Two years, it&#39;s hard to comprehend how fast the time has flown and how much my life has changed. November 2 marked my two year anniversary with Tellago and I thought I would try to express what these past two years have been like today, Thanksgiving. Back in July 2010, after about 8 months after joining Tellago I wrote about my experiences and thankfulness at the time. ","approved":true,"published":"2016-09-22T02:17:11.000Z","active":true,"tags":[],"publishedDay":20,"publishedMonth":10,"publishedYear":2117,"pubdate":"2016-09-22T02:17:11.000Z","link":"https://api.spreaker.com/download/episode/8734727/ep105_mixdown.mp3","guid":"tag:soundcloud,2010:tracks/284047138","podcast":{"title":"Start Here: Web Development","description":"Do you want to get your first job as a web developer, or level up in your web dev career?? Well, StartHere: Web Development is the show for you! Dain Miller is your new mentor as he shares his industry experience, insight, and resources to help get you from knowing nothing to becoming a full-time web developer. Everyone starts somewhere and you’re starting here.","image":"http://i1.sndcdn.com/avatars-000227802710-27eerh-original.jpg"}}