{"Name":"Podstr","LongName":"Podstr","lowerAppName":"Podstr","slug":"3-introduction-to-css","title":"3. Introduction to CSS","description":"http://advancedbeginnerchallenge.com – I built a course to get your first job in web development, or upgrade from Junior to mid-level. All done over email for your convenience.\n\n\nCheck out Team Treehouse to grow as a programmer! http://starthere.fm/treehouse\n\nIn episode 3 Dain & Keith talk about areas of CSS that you should take time to understand. \n\nResources\n\nhttp://learn.shayhowe.com/html-css/getting-to-know-css/ with Shay Howe\n\nAfter doing this lesson you'll understand more about the CSS cascade, specificity, selectors, common values and lengths.\n\nhttp://meyerweb.com/eric/tools/css/reset/ by Eric Meyer\n\nCSS Frameworks\n\nhttp://getbootstrap.com/\nhttp://foundation.zurb.com/\nhttp://getuikit.com/\n\n\nTalk to Us\n\nWhat do you think are the most difficult CSS concepts to understand? miller.dain@gmail.com","layout":"default","app-shell":"app","body":"<div class=\"container\">  <div class=\"row\">\r\n    <div class=\"card\">\r\n      <img src=\"http://i1.sndcdn.com/avatars-000227802710-27eerh-original.jpg\" alt=\"3. Introduction to CSS\" class=\"card-img-top\">\r\n      <div class=\"card-body\">\r\n        <h3 class=\"card-title\">3. Introduction to CSS</h3>\r\n      </div>\r\n      <i class=\"fa fa-plus\" aria-hidden=\"true\"></i>\r\n    </div>\r\n  </div>\r\n  <div class=\"row\">\r\n    <audio src=\"https://api.spreaker.com/download/episode/8734727/ep105_mixdown.mp3\" controls=\"controls\"></audio>\r\n  </div>\r\n  <div class=\"row\">\r\n    <p>http://advancedbeginnerchallenge.com – I built a course to get your first job in web development, or upgrade from Junior to mid-level. All done over email for your convenience.\n\n\nCheck out Team Treehouse to grow as a programmer! http://starthere.fm/treehouse\n\nIn episode 3 Dain & Keith talk about areas of CSS that you should take time to understand. \n\nResources\n\nhttp://learn.shayhowe.com/html-css/getting-to-know-css/ with Shay Howe\n\nAfter doing this lesson you'll understand more about the CSS cascade, specificity, selectors, common values and lengths.\n\nhttp://meyerweb.com/eric/tools/css/reset/ by Eric Meyer\n\nCSS Frameworks\n\nhttp://getbootstrap.com/\nhttp://foundation.zurb.com/\nhttp://getuikit.com/\n\n\nTalk to Us\n\nWhat do you think are the most difficult CSS concepts to understand? miller.dain@gmail.com</p>\r\n  </div>\r\n</div>","author":"Chris Love","facebook-publisher":"https://www.facebook.com/Love2Dev/","twitter":"ChrisLove","google-plus":"https://plus.google.com/b/110904107389779237581/?pageId=110904107389779237581","linkedin":"https://www.linkedin.com/in/Love2Dev/","pinterest":"https://www.pinterest.com/docluv/","youtube":"https://www.youtube.com/channel/UC3mfh2MN-5D-zOyiRLp9H6g","bing-user-key":"7EDAB92AF63E3B35E57195D810D64C57","image":{"url":"http://i1.sndcdn.com/avatars-000227802710-27eerh-original.jpg","width":3000,"height":3000},"cache":{},"headers":{"Cache-Control":"public, max-age=30240, s-max-age=1200"},"meta":{"type":"article","og:type":"article","section":"progressive web apps","url":"https://podstr.love2dev.com/","route":"/"},"subtitle":null,"featured-image":"img/pwa-podstr-logo-600x310.png","abstract":"<img align='left' src='img/pwa-podstr-logo-600x310.png' style='margin: 18px 18px 18px 6px; float: left; display: inline' lazyload='1' lazyload='1' />Two years, it&#39;s hard to comprehend how fast the time has flown and how much my life has changed. November 2 marked my two year anniversary with Tellago and I thought I would try to express what these past two years have been like today, Thanksgiving. Back in July 2010, after about 8 months after joining Tellago I wrote about my experiences and thankfulness at the time. ","approved":true,"published":"2014-08-04T00:00:00.000Z","active":true,"tags":[],"publishedDay":20,"publishedMonth":10,"publishedYear":2117,"pubdate":"2014-08-04T00:00:00.000Z","link":"https://api.spreaker.com/download/episode/8734727/ep105_mixdown.mp3","guid":"tag:soundcloud,2010:tracks/234714701","podcast":{"title":"Start Here: Web Development","description":"Do you want to get your first job as a web developer, or level up in your web dev career?? Well, StartHere: Web Development is the show for you! Dain Miller is your new mentor as he shares his industry experience, insight, and resources to help get you from knowing nothing to becoming a full-time web developer. Everyone starts somewhere and you’re starting here.","image":"http://i1.sndcdn.com/avatars-000227802710-27eerh-original.jpg"}}