{"Name":"Podstr","LongName":"Podstr","lowerAppName":"Podstr","slug":"accepting-money-on-the-internet-","title":"Accepting Money on the Internet 💰💸","description":"<p>In this episode we talk about how to accept money on the internet including the ups of Stripe, the downs of PayPal.</p> Sponsor <ul> <li><a href=\"https://freshbooks.com/syntax\">Freshbooks</a> - Get 30 days free. Make sure to enter SYNTAX into the \"How did you hear about us\" section.</li> </ul> Show Notes <ul> <li><a href=\"http://www.apollodata.com/\">Apollo</a></li> <li><a href=\"http://dev.apollodata.com/react/\">React Apollo</a></li> <li><a href=\"https://graph.cool/\">GraphCool</a></li> <li><a href=\"http://stripe.com/\">Stripe</a></li> <li><a href=\"http://paypal.com/\">PayPal</a></li> <li><a href=\"https://www.braintreepayments.com/\">Braintree</a></li> <li><a href=\"https://stripe.com/docs\">Stripe Docs</a></li> <li><a href=\"https://wiki.whatwg.org/wiki/Autocomplete_Types\">HTML5 Autocomplete Types</a></li> <li><a href=\"https://stripe.com/docs/radar\">Stripe Radar</a></li> <li><a href= \"http://travelblogbreakthrough.com/canadian-paypal-users-transfer-usd-bank/\"> Royal Bank PayPal WorkAround</a></li> <li><a href=\"https://stripe.com/atlas\">Stripe Atlas</a></li> <li><a href= \"https://transferwise.com/u/wesleyb22\">Transferwise</a></li> <li><a href=\"https://stripe.com/bitcoin\">Stripe Bitcoin</a></li> </ul> Sick Picks <ul> <li><a href= \"https://www.youtube.com/user/chefsteps\">ChefSteps</a></li> <li><a href=\"http://what-cha.com/\">What Cha Tea</a></li> </ul> Shameless Plugs <ul> <li><a href=\"https://wesbos.com/courses\">Wes' Courses</a></li> <li><a href=\"https://www.youtube.com/user/LevelUpTuts\">Level UP Tutorials Youtube</a></li> <li><a href=\"https://www.howtographql.com/\">How to GraphQL</a></li> </ul> Twitter <ul> <li><a href=\"https://twitter.com/wesbos\">Wes Bos</a></li> <li><a href=\"https://twitter.com/stolinski\">Scott Tolinski</a></li> <li><a href=\"https://twitter.com/SyntaxFM\">Syntax</a></li> </ul>","layout":"default","app-shell":"app","body":"<div class=\"container\">  <div class=\"row\">\r\n    <div class=\"card\">\r\n      <img src=\"http://static.libsyn.com/p/assets/7/9/0/7/790703531a3c8eca/iTunes_Artwork.png\" alt=\"Accepting Money on the Internet 💰💸\" class=\"card-img-top\">\r\n      <div class=\"card-body\">\r\n        <h3 class=\"card-title\">Accepting Money on the Internet 💰💸</h3>\r\n      </div>\r\n      <i class=\"fa fa-plus\" aria-hidden=\"true\"></i>\r\n    </div>\r\n  </div>\r\n  <div class=\"row\">\r\n    <audio src=\"https://api.spreaker.com/download/episode/8734727/ep105_mixdown.mp3\" controls=\"controls\"></audio>\r\n  </div>\r\n  <div class=\"row\">\r\n    <p><p>In this episode we talk about how to accept money on the internet including the ups of Stripe, the downs of PayPal.</p> Sponsor <ul> <li><a href=\"https://freshbooks.com/syntax\">Freshbooks</a> - Get 30 days free. Make sure to enter SYNTAX into the \"How did you hear about us\" section.</li> </ul> Show Notes <ul> <li><a href=\"http://www.apollodata.com/\">Apollo</a></li> <li><a href=\"http://dev.apollodata.com/react/\">React Apollo</a></li> <li><a href=\"https://graph.cool/\">GraphCool</a></li> <li><a href=\"http://stripe.com/\">Stripe</a></li> <li><a href=\"http://paypal.com/\">PayPal</a></li> <li><a href=\"https://www.braintreepayments.com/\">Braintree</a></li> <li><a href=\"https://stripe.com/docs\">Stripe Docs</a></li> <li><a href=\"https://wiki.whatwg.org/wiki/Autocomplete_Types\">HTML5 Autocomplete Types</a></li> <li><a href=\"https://stripe.com/docs/radar\">Stripe Radar</a></li> <li><a href= \"http://travelblogbreakthrough.com/canadian-paypal-users-transfer-usd-bank/\"> Royal Bank PayPal WorkAround</a></li> <li><a href=\"https://stripe.com/atlas\">Stripe Atlas</a></li> <li><a href= \"https://transferwise.com/u/wesleyb22\">Transferwise</a></li> <li><a href=\"https://stripe.com/bitcoin\">Stripe Bitcoin</a></li> </ul> Sick Picks <ul> <li><a href= \"https://www.youtube.com/user/chefsteps\">ChefSteps</a></li> <li><a href=\"http://what-cha.com/\">What Cha Tea</a></li> </ul> Shameless Plugs <ul> <li><a href=\"https://wesbos.com/courses\">Wes' Courses</a></li> <li><a href=\"https://www.youtube.com/user/LevelUpTuts\">Level UP Tutorials Youtube</a></li> <li><a href=\"https://www.howtographql.com/\">How to GraphQL</a></li> </ul> Twitter <ul> <li><a href=\"https://twitter.com/wesbos\">Wes Bos</a></li> <li><a href=\"https://twitter.com/stolinski\">Scott Tolinski</a></li> <li><a href=\"https://twitter.com/SyntaxFM\">Syntax</a></li> </ul></p>\r\n  </div>\r\n</div>","author":"Chris Love","facebook-publisher":"https://www.facebook.com/Love2Dev/","twitter":"ChrisLove","google-plus":"https://plus.google.com/b/110904107389779237581/?pageId=110904107389779237581","linkedin":"https://www.linkedin.com/in/Love2Dev/","pinterest":"https://www.pinterest.com/docluv/","youtube":"https://www.youtube.com/channel/UC3mfh2MN-5D-zOyiRLp9H6g","bing-user-key":"7EDAB92AF63E3B35E57195D810D64C57","image":{"url":"http://static.libsyn.com/p/assets/7/9/0/7/790703531a3c8eca/iTunes_Artwork.png","width":1800,"height":1800},"cache":{},"headers":{"Cache-Control":"public, max-age=30240, s-max-age=1200"},"meta":{"type":"article","og:type":"article","section":"progressive web apps","url":"https://podstr.love2dev.com/","route":"/"},"subtitle":null,"featured-image":"img/pwa-podstr-logo-600x310.png","abstract":"<img align='left' src='img/pwa-podstr-logo-600x310.png' style='margin: 18px 18px 18px 6px; float: left; display: inline' lazyload='1' lazyload='1' />Two years, it&#39;s hard to comprehend how fast the time has flown and how much my life has changed. November 2 marked my two year anniversary with Tellago and I thought I would try to express what these past two years have been like today, Thanksgiving. Back in July 2010, after about 8 months after joining Tellago I wrote about my experiences and thankfulness at the time. ","approved":true,"published":"2017-08-09T15:30:00.000Z","active":true,"tags":[],"publishedDay":20,"publishedMonth":10,"publishedYear":2117,"pubdate":"2017-08-09T15:30:00.000Z","link":"https://api.spreaker.com/download/episode/8734727/ep105_mixdown.mp3","guid":"c47fbf6911463017dbc81fc2a90e5ebc","podcast":{"title":"Syntax - Tasty Web Development Treats","description":"Wes Bos and Scott Tolinski are two full stack web developers who like to break down complex topics and make them easy to understand.","image":"http://static.libsyn.com/p/assets/7/9/0/7/790703531a3c8eca/iTunes_Artwork.png"}}