{"Name":"Advanced Topics in Web Development - Fall 2009","LongName":"Advanced Topics in Web Development - Fall 2009","lowerAppName":"Advanced Topics in Web Development - Fall 2009","slug":"advanced-topics-in-web-development-fall-2009","title":"Advanced Topics in Web Development - Fall 2009","description":"Dr. Tony Pittarese, Computer and Information Sciences, http://einstein.etsu.edu/~pittares","layout":"default","app-shell":"app","body":"<div class=\"container\">  <div class=\"row\">\r\n    <div class=\"card\">\r\n      <img src=\"[object Object]\" alt=\"Advanced Topics in Web Development - Fall 2009\" class=\"card-img-top\">\r\n      <div class=\"card-body\">\r\n        <h3 class=\"card-title\">Advanced Topics in Web Development - Fall 2009</h3>\r\n      </div>\r\n      <i class=\"fa fa-plus\" aria-hidden=\"true\"></i>\r\n    </div>\r\n  </div>\r\n  <div class=\"row\">\r\n    <audio src=\"https://api.spreaker.com/download/episode/8734727/ep105_mixdown.mp3\" controls=\"controls\"></audio>\r\n  </div>\r\n  <div class=\"row\">\r\n    <p>Dr. Tony Pittarese, Computer and Information Sciences, http://einstein.etsu.edu/~pittares</p>\r\n  </div>\r\n</div>","author":"Chris Love","facebook-publisher":"https://www.facebook.com/Love2Dev/","twitter":"ChrisLove","google-plus":"https://plus.google.com/b/110904107389779237581/?pageId=110904107389779237581","linkedin":"https://www.linkedin.com/in/Love2Dev/","pinterest":"https://www.pinterest.com/docluv/","youtube":"https://www.youtube.com/channel/UC3mfh2MN-5D-zOyiRLp9H6g","bing-user-key":"7EDAB92AF63E3B35E57195D810D64C57","image":{"url":"http://is5.mzstatic.com/image/thumb/Music/v4/37/22/d7/3722d7c8-c65c-a8b0-4e2a-0f170e3df190/source/600x600bb.jpg","width":300,"height":300},"cache":{},"headers":{"Cache-Control":"public, max-age=30240, s-max-age=1200"},"meta":{"type":"article","og:type":"article","section":"progressive web apps","url":"https://podstr.love2dev.com/","route":"/"},"subtitle":null,"featured-image":"img/pwa-podstr-logo-600x310.png","abstract":"Dr. Tony Pittarese, Computer and Information Sciences, http://einstein.etsu.edu/~pittares","approved":true,"published":"2017-08-09T15:30:00.000Z","active":true,"tags":[],"publishedDay":20,"publishedMonth":10,"publishedYear":2117,"pubdate":"2017-08-09T15:30:00.000Z","link":"https://api.spreaker.com/download/episode/8734727/ep105_mixdown.mp3","guid":"c47fbf6911463017dbc81fc2a90e5ebc","podcast":{"title":"Podcast Title","description":"podcast description.","image":"img/pwa-podstr-logo-310x310.png"},"collectionId":384930768,"artwork":{"30":"http://is5.mzstatic.com/image/thumb/Music/v4/37/22/d7/3722d7c8-c65c-a8b0-4e2a-0f170e3df190/source/30x30bb.jpg","60":"http://is5.mzstatic.com/image/thumb/Music/v4/37/22/d7/3722d7c8-c65c-a8b0-4e2a-0f170e3df190/source/60x60bb.jpg","100":"http://is5.mzstatic.com/image/thumb/Music/v4/37/22/d7/3722d7c8-c65c-a8b0-4e2a-0f170e3df190/source/100x100bb.jpg","600":"http://is5.mzstatic.com/image/thumb/Music/v4/37/22/d7/3722d7c8-c65c-a8b0-4e2a-0f170e3df190/source/600x600bb.jpg"},"genres":["Technology","Podcasts"]}