{"Name":"Podstr","LongName":"Podstr","lowerAppName":"Podstr","slug":"advice-for-new-developers-imposter-syndrome-and-interviewing-at-google","title":"Advice for New Developers, Imposter Syndrome and Interviewing at Google","description":"<p>Scott and Wes dish out some tasty advice to developers who are new to web development. How do you get better? How do you deal with imposter syndrome?</p> Sponsor <ul> <li><a href=\"https://freshbooks.com/syntax\" target=\"_blank\" rel= \"noopener\">Freshbooks</a> - Get 30 days free. Make sure to enter SYNTAX into the \"How did you hear about us\" section.</li> </ul> Shameless Plugs <ul> <li><a href=\"https://es6.io/\" target=\"_blank\" rel=\"noopener\">Wes just updated his ES6 course!</a></li> <li><a href= \"https://www.leveluptutorials.com/store/products/tutorials/lut-dd015\" target=\"_blank\" rel=\"noopener\">Mastering Figma is now Launched!</a></li> </ul> Show Notes <p>This show is light on links :)</p> <ul> <li><a href=\"https://vimeo.com/85040589\" target=\"_blank\" rel= \"noopener\">The Gap by Ira Glass</a></li> <li><a href=\"https://github.com/sahat/hackathon-starter\" target= \"_blank\" rel=\"noopener\">Hackathon Stater</a></li> </ul> Sick Picks <ul> <li><a href=\"https://www.nintendo.com/switch/\" target=\"_blank\" rel= \"noopener\">Nintendo Switch</a></li> <li><a href=\"https://creativemarket.com/fonts\" target=\"_blank\" rel= \"noopener\">Creative Market Fonts</a></li> </ul> Tweet us your tips! <ul> <li><a href=\"https://twitter.com/wesbos\" target=\"_blank\" rel= \"noopener\">Wes Bos</a></li> <li><a href=\"https://twitter.com/stolinski\" target=\"_blank\" rel= \"noopener\">Scott Tolinski</a></li> <li>Make sure to include <a href= \"https://twitter.com/SyntaxFM\" target=\"_blank\" rel= \"noopener\">@SyntaxFM</a></li> </ul>","layout":"default","app-shell":"app","body":"<div class=\"container\">  <div class=\"row\">\r\n    <div class=\"card\">\r\n      <img src=\"http://static.libsyn.com/p/assets/7/9/0/7/790703531a3c8eca/iTunes_Artwork.png\" alt=\"Advice for New Developers, Imposter Syndrome and Interviewing at Google\" class=\"card-img-top\">\r\n      <div class=\"card-body\">\r\n        <h3 class=\"card-title\">Advice for New Developers, Imposter Syndrome and Interviewing at Google</h3>\r\n      </div>\r\n      <i class=\"fa fa-plus\" aria-hidden=\"true\"></i>\r\n    </div>\r\n  </div>\r\n  <div class=\"row\">\r\n    <audio src=\"https://api.spreaker.com/download/episode/8734727/ep105_mixdown.mp3\" controls=\"controls\"></audio>\r\n  </div>\r\n  <div class=\"row\">\r\n    <p><p>Scott and Wes dish out some tasty advice to developers who are new to web development. How do you get better? How do you deal with imposter syndrome?</p> Sponsor <ul> <li><a href=\"https://freshbooks.com/syntax\" target=\"_blank\" rel= \"noopener\">Freshbooks</a> - Get 30 days free. Make sure to enter SYNTAX into the \"How did you hear about us\" section.</li> </ul> Shameless Plugs <ul> <li><a href=\"https://es6.io/\" target=\"_blank\" rel=\"noopener\">Wes just updated his ES6 course!</a></li> <li><a href= \"https://www.leveluptutorials.com/store/products/tutorials/lut-dd015\" target=\"_blank\" rel=\"noopener\">Mastering Figma is now Launched!</a></li> </ul> Show Notes <p>This show is light on links :)</p> <ul> <li><a href=\"https://vimeo.com/85040589\" target=\"_blank\" rel= \"noopener\">The Gap by Ira Glass</a></li> <li><a href=\"https://github.com/sahat/hackathon-starter\" target= \"_blank\" rel=\"noopener\">Hackathon Stater</a></li> </ul> Sick Picks <ul> <li><a href=\"https://www.nintendo.com/switch/\" target=\"_blank\" rel= \"noopener\">Nintendo Switch</a></li> <li><a href=\"https://creativemarket.com/fonts\" target=\"_blank\" rel= \"noopener\">Creative Market Fonts</a></li> </ul> Tweet us your tips! <ul> <li><a href=\"https://twitter.com/wesbos\" target=\"_blank\" rel= \"noopener\">Wes Bos</a></li> <li><a href=\"https://twitter.com/stolinski\" target=\"_blank\" rel= \"noopener\">Scott Tolinski</a></li> <li>Make sure to include <a href= \"https://twitter.com/SyntaxFM\" target=\"_blank\" rel= \"noopener\">@SyntaxFM</a></li> </ul></p>\r\n  </div>\r\n</div>","author":"Chris Love","facebook-publisher":"https://www.facebook.com/Love2Dev/","twitter":"ChrisLove","google-plus":"https://plus.google.com/b/110904107389779237581/?pageId=110904107389779237581","linkedin":"https://www.linkedin.com/in/Love2Dev/","pinterest":"https://www.pinterest.com/docluv/","youtube":"https://www.youtube.com/channel/UC3mfh2MN-5D-zOyiRLp9H6g","bing-user-key":"7EDAB92AF63E3B35E57195D810D64C57","image":{"url":"http://static.libsyn.com/p/assets/7/9/0/7/790703531a3c8eca/iTunes_Artwork.png","width":1800,"height":1800},"cache":{},"headers":{"Cache-Control":"public, max-age=30240, s-max-age=1200"},"meta":{"type":"article","og:type":"article","section":"progressive web apps","url":"https://podstr.love2dev.com/","route":"/"},"subtitle":null,"featured-image":"img/pwa-podstr-logo-600x310.png","abstract":"<img align='left' src='img/pwa-podstr-logo-600x310.png' style='margin: 18px 18px 18px 6px; float: left; display: inline' lazyload='1' lazyload='1' />Two years, it&#39;s hard to comprehend how fast the time has flown and how much my life has changed. November 2 marked my two year anniversary with Tellago and I thought I would try to express what these past two years have been like today, Thanksgiving. Back in July 2010, after about 8 months after joining Tellago I wrote about my experiences and thankfulness at the time. ","approved":true,"published":"2017-10-11T12:00:00.000Z","active":true,"tags":[],"publishedDay":20,"publishedMonth":10,"publishedYear":2117,"pubdate":"2017-10-11T12:00:00.000Z","link":"https://api.spreaker.com/download/episode/8734727/ep105_mixdown.mp3","guid":"9a570de6416c74f7c882396552b59dd0","podcast":{"title":"Syntax - Tasty Web Development Treats","description":"Wes Bos and Scott Tolinski are two full stack web developers who like to break down complex topics and make them easy to understand.","image":"http://static.libsyn.com/p/assets/7/9/0/7/790703531a3c8eca/iTunes_Artwork.png"}}