{"Name":"Podstr","LongName":"Podstr","lowerAppName":"Podstr","slug":"all-things-startup","title":"All Things Startup","description":"<p>Skype wasn’t kind to us this week so sincere apologies for the sound quality. We are instigating new audio fiedlity procedure moving forward! This week we discuss Teux Deux moving to a payment model, the demise of Google Reader, startup media icons and Kieran manages to top all previous “and finally” items.</p>\n\n<ul>\n  <li><a href=\"http://mkgeeknight.co.uk/\">MK Geek Night</a></li>\n  <li><a href=\"http://thestartuplegitimizer.com/\">The Startup Legitimizer</a></li>\n  <li><a href=\"http://www.inc.com/ss/francesca-fenzi/where-7-web-companies-got-started\">Where 7 web companies started</a></li>\n  <li><a href=\"https://clarity.fm/\">Clarity</a></li>\n  <li><a href=\"http://www.swiss-miss.com/2013/03/an-all-new-teuxdeux.html\">Neux Teux Deux</a></li>\n  <li><a href=\"http://elliotjaystocks.com/blog/beware-the-free-invisible-service/\">Beware the free, invisible service</a></li>\n  <li><a href=\"http://techcrunch.com/2013/03/17/good-riddance-google-reader/\">Good riddance Google Reader</a></li>\n  <li><a href=\"http://laurakalbag.com/\">Laura Kalbag</a></li>\n  <li><a href=\"http://packlove.com/\">Pack</a></li>\n</ul>","layout":"default","app-shell":"app","body":"<div class=\"container\">  <div class=\"row\">\r\n    <div class=\"card\">\r\n      <img src=\"https://backtofrontshow.com/img/itunes-3000x3000.png\" alt=\"All Things Startup\" class=\"card-img-top\">\r\n      <div class=\"card-body\">\r\n        <h3 class=\"card-title\">All Things Startup</h3>\r\n      </div>\r\n      <i class=\"fa fa-plus\" aria-hidden=\"true\"></i>\r\n    </div>\r\n  </div>\r\n  <div class=\"row\">\r\n    <audio src=\"https://api.spreaker.com/download/episode/8734727/ep105_mixdown.mp3\" controls=\"controls\"></audio>\r\n  </div>\r\n  <div class=\"row\">\r\n    <p><p>Skype wasn’t kind to us this week so sincere apologies for the sound quality. We are instigating new audio fiedlity procedure moving forward! This week we discuss Teux Deux moving to a payment model, the demise of Google Reader, startup media icons and Kieran manages to top all previous “and finally” items.</p>\n\n<ul>\n <li><a href=\"http://mkgeeknight.co.uk/\">MK Geek Night</a></li>\n <li><a href=\"http://thestartuplegitimizer.com/\">The Startup Legitimizer</a></li>\n <li><a href=\"http://www.inc.com/ss/francesca-fenzi/where-7-web-companies-got-started\">Where 7 web companies started</a></li>\n <li><a href=\"https://clarity.fm/\">Clarity</a></li>\n <li><a href=\"http://www.swiss-miss.com/2013/03/an-all-new-teuxdeux.html\">Neux Teux Deux</a></li>\n <li><a href=\"http://elliotjaystocks.com/blog/beware-the-free-invisible-service/\">Beware the free, invisible service</a></li>\n <li><a href=\"http://techcrunch.com/2013/03/17/good-riddance-google-reader/\">Good riddance Google Reader</a></li>\n <li><a href=\"http://laurakalbag.com/\">Laura Kalbag</a></li>\n <li><a href=\"http://packlove.com/\">Pack</a></li>\n</ul></p>\r\n  </div>\r\n</div>","author":"Chris Love","facebook-publisher":"https://www.facebook.com/Love2Dev/","twitter":"ChrisLove","google-plus":"https://plus.google.com/b/110904107389779237581/?pageId=110904107389779237581","linkedin":"https://www.linkedin.com/in/Love2Dev/","pinterest":"https://www.pinterest.com/docluv/","youtube":"https://www.youtube.com/channel/UC3mfh2MN-5D-zOyiRLp9H6g","bing-user-key":"7EDAB92AF63E3B35E57195D810D64C57","image":{"url":"https://backtofrontshow.com/img/itunes-3000x3000.png","width":3000,"height":3000},"cache":{},"headers":{"Cache-Control":"public, max-age=30240, s-max-age=1200"},"meta":{"type":"article","og:type":"article","section":"progressive web apps","url":"https://podstr.love2dev.com/","route":"/"},"subtitle":null,"featured-image":"img/pwa-podstr-logo-600x310.png","abstract":"<img align='left' src='img/pwa-podstr-logo-600x310.png' style='margin: 18px 18px 18px 6px; float: left; display: inline' lazyload='1' lazyload='1' />Two years, it&#39;s hard to comprehend how fast the time has flown and how much my life has changed. November 2 marked my two year anniversary with Tellago and I thought I would try to express what these past two years have been like today, Thanksgiving. Back in July 2010, after about 8 months after joining Tellago I wrote about my experiences and thankfulness at the time. ","approved":true,"published":"2013-03-22T05:00:00.000Z","active":true,"tags":[],"publishedDay":20,"publishedMonth":10,"publishedYear":2117,"pubdate":"2013-03-22T05:00:00.000Z","link":"https://api.spreaker.com/download/episode/8734727/ep105_mixdown.mp3","guid":"https://backtofrontshow.com/episode-6/","podcast":{"title":"The Back to Front Show","description":"The Back to Front show was started in 2013 by web industry veterans Keir Whitaker and Kieran Masterton. Over the first 40 episodes they have discussed everything from web design and development to startups and dog related tech. Today the focus has shifted and includes topics including remote working, working in the web industry, productivity, hipster beards and much more. Released irregularly but always produced with passion The Back to Front Show runs for around 40 minutes per episode and comes to you from the beautiful West Country in the UK. Thanks for listening.","image":"https://backtofrontshow.com/img/itunes-3000x3000.png"}}