{"Name":"Podstr","LongName":"Podstr","lowerAppName":"Podstr","slug":"back-to-the-code-face","title":"Back to the Code Face","description":"<p>Episode #012 goes back to the code face with a good chat about some new online services, the hard topic of what to call yourself and an in-depth discussion about the often contentious idea of charging for software and online services.</p>\n\n<ul>\n  <li><a href=\"http://onelastscare.com/\">One Last Scare</a></li>\n  <li><a href=\"http://readdigest.com/\">Digest</a></li>\n  <li><a href=\"http://webbypodcasts.co.uk/\">Webby Podcasts</a></li>\n  <li><a href=\"http://www.coffitivity.com/\">Coffitivity</a></li>\n  <li><a href=\"http://clippingmagic.com/\">Clipping Magic</a></li>\n  <li><a href=\"https://kraken.io/\">Kraken</a></li>\n  <li><a href=\"http://wearemakers.org/\">We are Makers</a></li>\n  <li><a href=\"http://css-tricks.com/job-titles-in-the-web-industry/\">Web industry job titles</a></li>\n  <li><a href=\"https://blog.twitter.com/2013/twitter-university-building-a-world-class-engineering-organization\">Twitter Uni</a></li>\n  <li><a href=\"http://www.indiegogo.com/projects/petzila-connect-interact-and-reward-your-dog-from-anywhere-at-anytime\">Petzila</a></li>\n</ul>","layout":"default","app-shell":"app","body":"<div class=\"container\">  <div class=\"row\">\r\n    <div class=\"card\">\r\n      <img src=\"https://backtofrontshow.com/img/itunes-3000x3000.png\" alt=\"Back to the Code Face\" class=\"card-img-top\">\r\n      <div class=\"card-body\">\r\n        <h3 class=\"card-title\">Back to the Code Face</h3>\r\n      </div>\r\n      <i class=\"fa fa-plus\" aria-hidden=\"true\"></i>\r\n    </div>\r\n  </div>\r\n  <div class=\"row\">\r\n    <audio src=\"https://api.spreaker.com/download/episode/8734727/ep105_mixdown.mp3\" controls=\"controls\"></audio>\r\n  </div>\r\n  <div class=\"row\">\r\n    <p><p>Episode #012 goes back to the code face with a good chat about some new online services, the hard topic of what to call yourself and an in-depth discussion about the often contentious idea of charging for software and online services.</p>\n\n<ul>\n <li><a href=\"http://onelastscare.com/\">One Last Scare</a></li>\n <li><a href=\"http://readdigest.com/\">Digest</a></li>\n <li><a href=\"http://webbypodcasts.co.uk/\">Webby Podcasts</a></li>\n <li><a href=\"http://www.coffitivity.com/\">Coffitivity</a></li>\n <li><a href=\"http://clippingmagic.com/\">Clipping Magic</a></li>\n <li><a href=\"https://kraken.io/\">Kraken</a></li>\n <li><a href=\"http://wearemakers.org/\">We are Makers</a></li>\n <li><a href=\"http://css-tricks.com/job-titles-in-the-web-industry/\">Web industry job titles</a></li>\n <li><a href=\"https://blog.twitter.com/2013/twitter-university-building-a-world-class-engineering-organization\">Twitter Uni</a></li>\n <li><a href=\"http://www.indiegogo.com/projects/petzila-connect-interact-and-reward-your-dog-from-anywhere-at-anytime\">Petzila</a></li>\n</ul></p>\r\n  </div>\r\n</div>","author":"Chris Love","facebook-publisher":"https://www.facebook.com/Love2Dev/","twitter":"ChrisLove","google-plus":"https://plus.google.com/b/110904107389779237581/?pageId=110904107389779237581","linkedin":"https://www.linkedin.com/in/Love2Dev/","pinterest":"https://www.pinterest.com/docluv/","youtube":"https://www.youtube.com/channel/UC3mfh2MN-5D-zOyiRLp9H6g","bing-user-key":"7EDAB92AF63E3B35E57195D810D64C57","image":{"url":"https://backtofrontshow.com/img/itunes-3000x3000.png","width":3000,"height":3000},"cache":{},"headers":{"Cache-Control":"public, max-age=30240, s-max-age=1200"},"meta":{"type":"article","og:type":"article","section":"progressive web apps","url":"https://podstr.love2dev.com/","route":"/"},"subtitle":null,"featured-image":"img/pwa-podstr-logo-600x310.png","abstract":"<img align='left' src='img/pwa-podstr-logo-600x310.png' style='margin: 18px 18px 18px 6px; float: left; display: inline' lazyload='1' lazyload='1' />Two years, it&#39;s hard to comprehend how fast the time has flown and how much my life has changed. November 2 marked my two year anniversary with Tellago and I thought I would try to express what these past two years have been like today, Thanksgiving. Back in July 2010, after about 8 months after joining Tellago I wrote about my experiences and thankfulness at the time. ","approved":true,"published":"2013-08-22T05:00:00.000Z","active":true,"tags":[],"publishedDay":20,"publishedMonth":10,"publishedYear":2117,"pubdate":"2013-08-22T05:00:00.000Z","link":"https://api.spreaker.com/download/episode/8734727/ep105_mixdown.mp3","guid":"https://backtofrontshow.com/episode-12/","podcast":{"title":"The Back to Front Show","description":"The Back to Front show was started in 2013 by web industry veterans Keir Whitaker and Kieran Masterton. Over the first 40 episodes they have discussed everything from web design and development to startups and dog related tech. Today the focus has shifted and includes topics including remote working, working in the web industry, productivity, hipster beards and much more. Released irregularly but always produced with passion The Back to Front Show runs for around 40 minutes per episode and comes to you from the beautiful West Country in the UK. Thanks for listening.","image":"https://backtofrontshow.com/img/itunes-3000x3000.png"}}