{"Name":"Podstr","LongName":"Podstr","lowerAppName":"Podstr","slug":"css-in-js-drama-free","title":"CSS in JS 💅👩‍🎤💁🚒 (Drama Free!)","description":"<p>The most requested syntax episode ever! We break down CSS in JavaScript. Pros/Cons? What is it? What problems does it solve? What libraries should you use? Is it stupid or amazing?</p> Sponsor <ul> <li><a href=\"https://freshbooks.com/syntax\" target=\"_blank\" rel= \"noopener\">Freshbooks</a> - Get 30 days free. Make sure to enter SYNTAX into the \"How did you hear about us\" section.</li> </ul> Follow us on twitter! <ul> <li><a href=\"https://twitter.com/wesbos\" target=\"_blank\" rel= \"noopener\">Wes Bos</a></li> <li><a href=\"https://twitter.com/stolinski\" target=\"_blank\" rel= \"noopener\">Scott Tolinski</a></li> <li><a href=\"https://twitter.com/SyntaxFM\" target=\"_blank\" rel= \"noopener\">Syntax</a></li> </ul> Show Notes <ul> <li><a href=\"http://getbem.com/\" target=\"_blank\" rel= \"noopener\">BEM</a></li> <li><a href=\"https://www.styled-components.com/\" target=\"_blank\" rel=\"noopener\">Styled Components</a></li> <li><a href=\"https://github.com/tkh44/emotion\" target=\"_blank\" rel= \"noopener\">Emotion</a></li> <li><a href=\"https://github.com/FormidableLabs/radium\" target= \"_blank\" rel=\"noopener\">Radium</a></li> <li><a href=\"https://github.com/paypal/glamorous\" target=\"_blank\" rel=\"noopener\">Glamorous</a></li> <li><a href=\"https://github.com/zeit/styled-jsx\" target=\"_blank\" rel=\"noopener\">Styled JSX</a></li> </ul> Sick Picks <ul> <li><a href=\"http://www.boxyapp.co/\" target=\"_blank\" rel= \"noopener\">Boxyapp Mail Client</a></li> <li><a href=\"http://amzn.to/2wFYNpc\" target=\"_blank\" rel= \"noopener\">Airpods</a></li> </ul> Shameless Plugs <ul> <li><a href=\"https://www.leveluptutorials.com/\" target=\"_blank\" rel=\"noopener\">Grab Level Up Tuts before the price goes up!</a></li> <li><a href=\"https://moderndevtools.com/\" target=\"_blank\" rel= \"noopener\">Modern Dev Tools</a></li> </ul>","layout":"default","app-shell":"app","body":"<div class=\"container\">  <div class=\"row\">\r\n    <div class=\"card\">\r\n      <img src=\"http://static.libsyn.com/p/assets/7/9/0/7/790703531a3c8eca/iTunes_Artwork.png\" alt=\"CSS in JS 💅👩‍🎤💁🚒 (Drama Free!)\" class=\"card-img-top\">\r\n      <div class=\"card-body\">\r\n        <h3 class=\"card-title\">CSS in JS 💅👩‍🎤💁🚒 (Drama Free!)</h3>\r\n      </div>\r\n      <i class=\"fa fa-plus\" aria-hidden=\"true\"></i>\r\n    </div>\r\n  </div>\r\n  <div class=\"row\">\r\n    <audio src=\"https://api.spreaker.com/download/episode/8734727/ep105_mixdown.mp3\" controls=\"controls\"></audio>\r\n  </div>\r\n  <div class=\"row\">\r\n    <p><p>The most requested syntax episode ever! We break down CSS in JavaScript. Pros/Cons? What is it? What problems does it solve? What libraries should you use? Is it stupid or amazing?</p> Sponsor <ul> <li><a href=\"https://freshbooks.com/syntax\" target=\"_blank\" rel= \"noopener\">Freshbooks</a> - Get 30 days free. Make sure to enter SYNTAX into the \"How did you hear about us\" section.</li> </ul> Follow us on twitter! <ul> <li><a href=\"https://twitter.com/wesbos\" target=\"_blank\" rel= \"noopener\">Wes Bos</a></li> <li><a href=\"https://twitter.com/stolinski\" target=\"_blank\" rel= \"noopener\">Scott Tolinski</a></li> <li><a href=\"https://twitter.com/SyntaxFM\" target=\"_blank\" rel= \"noopener\">Syntax</a></li> </ul> Show Notes <ul> <li><a href=\"http://getbem.com/\" target=\"_blank\" rel= \"noopener\">BEM</a></li> <li><a href=\"https://www.styled-components.com/\" target=\"_blank\" rel=\"noopener\">Styled Components</a></li> <li><a href=\"https://github.com/tkh44/emotion\" target=\"_blank\" rel= \"noopener\">Emotion</a></li> <li><a href=\"https://github.com/FormidableLabs/radium\" target= \"_blank\" rel=\"noopener\">Radium</a></li> <li><a href=\"https://github.com/paypal/glamorous\" target=\"_blank\" rel=\"noopener\">Glamorous</a></li> <li><a href=\"https://github.com/zeit/styled-jsx\" target=\"_blank\" rel=\"noopener\">Styled JSX</a></li> </ul> Sick Picks <ul> <li><a href=\"http://www.boxyapp.co/\" target=\"_blank\" rel= \"noopener\">Boxyapp Mail Client</a></li> <li><a href=\"http://amzn.to/2wFYNpc\" target=\"_blank\" rel= \"noopener\">Airpods</a></li> </ul> Shameless Plugs <ul> <li><a href=\"https://www.leveluptutorials.com/\" target=\"_blank\" rel=\"noopener\">Grab Level Up Tuts before the price goes up!</a></li> <li><a href=\"https://moderndevtools.com/\" target=\"_blank\" rel= \"noopener\">Modern Dev Tools</a></li> </ul></p>\r\n  </div>\r\n</div>","author":"Chris Love","facebook-publisher":"https://www.facebook.com/Love2Dev/","twitter":"ChrisLove","google-plus":"https://plus.google.com/b/110904107389779237581/?pageId=110904107389779237581","linkedin":"https://www.linkedin.com/in/Love2Dev/","pinterest":"https://www.pinterest.com/docluv/","youtube":"https://www.youtube.com/channel/UC3mfh2MN-5D-zOyiRLp9H6g","bing-user-key":"7EDAB92AF63E3B35E57195D810D64C57","image":{"url":"http://static.libsyn.com/p/assets/7/9/0/7/790703531a3c8eca/iTunes_Artwork.png","width":1800,"height":1800},"cache":{},"headers":{"Cache-Control":"public, max-age=30240, s-max-age=1200"},"meta":{"type":"article","og:type":"article","section":"progressive web apps","url":"https://podstr.love2dev.com/","route":"/"},"subtitle":null,"featured-image":"img/pwa-podstr-logo-600x310.png","abstract":"<img align='left' src='img/pwa-podstr-logo-600x310.png' style='margin: 18px 18px 18px 6px; float: left; display: inline' lazyload='1' lazyload='1' />Two years, it&#39;s hard to comprehend how fast the time has flown and how much my life has changed. November 2 marked my two year anniversary with Tellago and I thought I would try to express what these past two years have been like today, Thanksgiving. Back in July 2010, after about 8 months after joining Tellago I wrote about my experiences and thankfulness at the time. ","approved":true,"published":"2017-09-06T14:02:47.000Z","active":true,"tags":[],"publishedDay":20,"publishedMonth":10,"publishedYear":2117,"pubdate":"2017-09-06T14:02:47.000Z","link":"https://api.spreaker.com/download/episode/8734727/ep105_mixdown.mp3","guid":"b5c0b4cc7e36fdd3fb8daf141480ceb8","podcast":{"title":"Syntax - Tasty Web Development Treats","description":"Wes Bos and Scott Tolinski are two full stack web developers who like to break down complex topics and make them easy to understand.","image":"http://static.libsyn.com/p/assets/7/9/0/7/790703531a3c8eca/iTunes_Artwork.png"}}