{"Name":"Podstr","LongName":"Podstr","lowerAppName":"Podstr","slug":"dang-thats-handy-javascript-utility-libraries-","title":"Dang, that's handy! JavaScript Utility Libraries 🛠️","description":"<p>Scott and talk all about different JavaScript utility libraries that make you say \"Dang, that's handy!\"</p> Sponsor <ul> <li><a href=\"https://freshbooks.com/syntax\" target=\"_blank\" rel= \"noopener\">Freshbooks</a> - Get 30 days free. Make sure to enter SYNTAX into the \"How did you hear about us\" section.</li> </ul> Show Notes <ul> <li><a href=\"https://lodash.com/docs/4.17.4\" target=\"_blank\" rel= \"noopener\">Lodash</a></li> <li><a href=\"http://underscorejs.org/\" target=\"_blank\" rel= \"noopener\">Underscore</a></li> <li>You should follow <a href=\"https://twitter.com/jdalton\" target=\"_blank\" rel=\"noopener\">John David Dalton</a> on twitter</li> <li><a href=\"https://momentjs.com/\" target=\"_blank\" rel= \"noopener\">Moment.js</a></li> <li><a href= \"https://medium.com/@timrwood/moment-endof-term-522d8965689\" target=\"_blank\" rel=\"noopener\">moment().endOf(‘term’)</a></li> <li><a href=\"https://date-fns.org/\" target=\"_blank\" rel= \"noopener\">date-fns</a></li> <li><a href=\"https://www.npmjs.com/package/slugify\" target=\"_blank\" rel=\"noopener\">Slugify</a></li> <li><a href=\"https://github.com/pid/speakingurl\" target=\"_blank\" rel=\"noopener\">speakingurl</a></li> <li><a href= \"https://developer.mozilla.org/en/docs/Web/API/Fetch_API\" target= \"_blank\" rel=\"noopener\">Fetch API</a></li> <li><a href=\"https://github.com/mzabriskie/axios\" target=\"_blank\" rel=\"noopener\">Axios</a></li> <li><a href=\"https://www.npmjs.com/package/cookiejar\" target= \"_blank\" rel=\"noopener\">Cookie Jar</a></li> <li><a href=\"https://github.com/marcuswestin/store.js\" target= \"_blank\" rel=\"noopener\">store.js</a></li> <li><a href=\"https://github.com/zendesk/cross-storage\" target= \"_blank\" rel=\"noopener\">Cross Storage</a></li> <li><a href=\"https://github.com/marak/Faker.js/\" target=\"_blank\" rel=\"noopener\">Faker.js</a></li> <li><a href= \"https://developer.mozilla.org/en-US/docs/Web/API/URL/searchParams\" target=\"_blank\" rel=\"noopener\">Woah URL.searchParams() is a thing</a></li> <li><a href=\"https://www.npmjs.com/package/parseuri\" target= \"_blank\" rel=\"noopener\">Parse URI</a></li> <li><a href= \"https://www.npmjs.com/package/url-search-params-polyfill\" target= \"_blank\" rel=\"noopener\">url-search-params-polyfill</a></li> <li><a href=\"https://ngrok.com/\" target=\"_blank\" rel= \"noopener\">ngrok</a></li> <li><a href=\"https://www.browsersync.io/\" target=\"_blank\" rel= \"noopener\">Browsesync</a></li> <li><a href=\"https://caolan.github.io/async/\" target=\"_blank\" rel= \"noopener\">Async</a></li> <li><a href= \"https://gist.github.com/paulirish/12fb951a8b893a454b32\" target= \"_blank\" rel=\"noopener\">Bling.js</a></li> </ul> Sick Picks <ul> <li><a href=\"http://amzn.to/2vqp77J\" target=\"_blank\" rel= \"noopener\">Essentialism Book</a></li> <li><a href=\"http://amzn.to/2xLolPn\" target=\"_blank\" rel= \"noopener\">Essentialism Audiobook</a></li> <li><a href=\"http://amzn.to/2xwiy0W\" target=\"_blank\" rel= \"noopener\">Satechi Aluminum Multi-Port Adapter</a></li> <li><a href=\"http://amzn.to/2xwuGPm\" target=\"_blank\" rel= \"noopener\">Satechi all Docks</a></li> </ul> Shameless Plugs <ul> <li><a href=\"https://www.instagram.com/dhanishgajjar/\" target= \"_blank\" rel=\"noopener\">Dhanish Gajjar's Instagram</a></li> <li><a href=\"https://pawelgrzybek.com/snippet-generator/\" target= \"_blank\" rel=\"noopener\">Paweł Grzybek's Snippet Generator</a></li> </ul> Twitter <ul> <li><a href=\"https://twitter.com/wesbos\" target=\"_blank\" rel= \"noopener\">Wes Bos</a></li> <li><a href=\"https://twitter.com/stolinski\" target=\"_blank\" rel= \"noopener\">Scott Tolinski</a></li> <li><a href=\"https://twitter.com/SyntaxFM\" target=\"_blank\" rel= \"noopener\">Syntax</a></li> </ul>","layout":"default","app-shell":"app","body":"<div class=\"container\">  <div class=\"row\">\r\n    <div class=\"card\">\r\n      <img src=\"http://static.libsyn.com/p/assets/7/9/0/7/790703531a3c8eca/iTunes_Artwork.png\" alt=\"Dang, that&#39;s handy! JavaScript Utility Libraries 🛠️\" class=\"card-img-top\">\r\n      <div class=\"card-body\">\r\n        <h3 class=\"card-title\">Dang, that&#39;s handy! JavaScript Utility Libraries 🛠️</h3>\r\n      </div>\r\n      <i class=\"fa fa-plus\" aria-hidden=\"true\"></i>\r\n    </div>\r\n  </div>\r\n  <div class=\"row\">\r\n    <audio src=\"https://api.spreaker.com/download/episode/8734727/ep105_mixdown.mp3\" controls=\"controls\"></audio>\r\n  </div>\r\n  <div class=\"row\">\r\n    <p><p>Scott and talk all about different JavaScript utility libraries that make you say \"Dang, that's handy!\"</p> Sponsor <ul> <li><a href=\"https://freshbooks.com/syntax\" target=\"_blank\" rel= \"noopener\">Freshbooks</a> - Get 30 days free. Make sure to enter SYNTAX into the \"How did you hear about us\" section.</li> </ul> Show Notes <ul> <li><a href=\"https://lodash.com/docs/4.17.4\" target=\"_blank\" rel= \"noopener\">Lodash</a></li> <li><a href=\"http://underscorejs.org/\" target=\"_blank\" rel= \"noopener\">Underscore</a></li> <li>You should follow <a href=\"https://twitter.com/jdalton\" target=\"_blank\" rel=\"noopener\">John David Dalton</a> on twitter</li> <li><a href=\"https://momentjs.com/\" target=\"_blank\" rel= \"noopener\">Moment.js</a></li> <li><a href= \"https://medium.com/@timrwood/moment-endof-term-522d8965689\" target=\"_blank\" rel=\"noopener\">moment().endOf(‘term’)</a></li> <li><a href=\"https://date-fns.org/\" target=\"_blank\" rel= \"noopener\">date-fns</a></li> <li><a href=\"https://www.npmjs.com/package/slugify\" target=\"_blank\" rel=\"noopener\">Slugify</a></li> <li><a href=\"https://github.com/pid/speakingurl\" target=\"_blank\" rel=\"noopener\">speakingurl</a></li> <li><a href= \"https://developer.mozilla.org/en/docs/Web/API/Fetch_API\" target= \"_blank\" rel=\"noopener\">Fetch API</a></li> <li><a href=\"https://github.com/mzabriskie/axios\" target=\"_blank\" rel=\"noopener\">Axios</a></li> <li><a href=\"https://www.npmjs.com/package/cookiejar\" target= \"_blank\" rel=\"noopener\">Cookie Jar</a></li> <li><a href=\"https://github.com/marcuswestin/store.js\" target= \"_blank\" rel=\"noopener\">store.js</a></li> <li><a href=\"https://github.com/zendesk/cross-storage\" target= \"_blank\" rel=\"noopener\">Cross Storage</a></li> <li><a href=\"https://github.com/marak/Faker.js/\" target=\"_blank\" rel=\"noopener\">Faker.js</a></li> <li><a href= \"https://developer.mozilla.org/en-US/docs/Web/API/URL/searchParams\" target=\"_blank\" rel=\"noopener\">Woah URL.searchParams() is a thing</a></li> <li><a href=\"https://www.npmjs.com/package/parseuri\" target= \"_blank\" rel=\"noopener\">Parse URI</a></li> <li><a href= \"https://www.npmjs.com/package/url-search-params-polyfill\" target= \"_blank\" rel=\"noopener\">url-search-params-polyfill</a></li> <li><a href=\"https://ngrok.com/\" target=\"_blank\" rel= \"noopener\">ngrok</a></li> <li><a href=\"https://www.browsersync.io/\" target=\"_blank\" rel= \"noopener\">Browsesync</a></li> <li><a href=\"https://caolan.github.io/async/\" target=\"_blank\" rel= \"noopener\">Async</a></li> <li><a href= \"https://gist.github.com/paulirish/12fb951a8b893a454b32\" target= \"_blank\" rel=\"noopener\">Bling.js</a></li> </ul> Sick Picks <ul> <li><a href=\"http://amzn.to/2vqp77J\" target=\"_blank\" rel= \"noopener\">Essentialism Book</a></li> <li><a href=\"http://amzn.to/2xLolPn\" target=\"_blank\" rel= \"noopener\">Essentialism Audiobook</a></li> <li><a href=\"http://amzn.to/2xwiy0W\" target=\"_blank\" rel= \"noopener\">Satechi Aluminum Multi-Port Adapter</a></li> <li><a href=\"http://amzn.to/2xwuGPm\" target=\"_blank\" rel= \"noopener\">Satechi all Docks</a></li> </ul> Shameless Plugs <ul> <li><a href=\"https://www.instagram.com/dhanishgajjar/\" target= \"_blank\" rel=\"noopener\">Dhanish Gajjar's Instagram</a></li> <li><a href=\"https://pawelgrzybek.com/snippet-generator/\" target= \"_blank\" rel=\"noopener\">Paweł Grzybek's Snippet Generator</a></li> </ul> Twitter <ul> <li><a href=\"https://twitter.com/wesbos\" target=\"_blank\" rel= \"noopener\">Wes Bos</a></li> <li><a href=\"https://twitter.com/stolinski\" target=\"_blank\" rel= \"noopener\">Scott Tolinski</a></li> <li><a href=\"https://twitter.com/SyntaxFM\" target=\"_blank\" rel= \"noopener\">Syntax</a></li> </ul></p>\r\n  </div>\r\n</div>","author":"Chris Love","facebook-publisher":"https://www.facebook.com/Love2Dev/","twitter":"ChrisLove","google-plus":"https://plus.google.com/b/110904107389779237581/?pageId=110904107389779237581","linkedin":"https://www.linkedin.com/in/Love2Dev/","pinterest":"https://www.pinterest.com/docluv/","youtube":"https://www.youtube.com/channel/UC3mfh2MN-5D-zOyiRLp9H6g","bing-user-key":"7EDAB92AF63E3B35E57195D810D64C57","image":{"url":"http://static.libsyn.com/p/assets/7/9/0/7/790703531a3c8eca/iTunes_Artwork.png","width":1800,"height":1800},"cache":{},"headers":{"Cache-Control":"public, max-age=30240, s-max-age=1200"},"meta":{"type":"article","og:type":"article","section":"progressive web apps","url":"https://podstr.love2dev.com/","route":"/"},"subtitle":null,"featured-image":"img/pwa-podstr-logo-600x310.png","abstract":"<img align='left' src='img/pwa-podstr-logo-600x310.png' style='margin: 18px 18px 18px 6px; float: left; display: inline' lazyload='1' lazyload='1' />Two years, it&#39;s hard to comprehend how fast the time has flown and how much my life has changed. November 2 marked my two year anniversary with Tellago and I thought I would try to express what these past two years have been like today, Thanksgiving. Back in July 2010, after about 8 months after joining Tellago I wrote about my experiences and thankfulness at the time. ","approved":true,"published":"2017-08-30T13:30:00.000Z","active":true,"tags":[],"publishedDay":20,"publishedMonth":10,"publishedYear":2117,"pubdate":"2017-08-30T13:30:00.000Z","link":"https://api.spreaker.com/download/episode/8734727/ep105_mixdown.mp3","guid":"cae7752a19684f6afa2147106c69f010","podcast":{"title":"Syntax - Tasty Web Development Treats","description":"Wes Bos and Scott Tolinski are two full stack web developers who like to break down complex topics and make them easy to understand.","image":"http://static.libsyn.com/p/assets/7/9/0/7/790703531a3c8eca/iTunes_Artwork.png"}}