{"Name":"Podstr","LongName":"Podstr","lowerAppName":"Podstr","slug":"development-tools","title":"Development Tools","description":"<p>Better late than never. We are back with a full packed episode discussing a wide range of development tools we use on a daily basis. Also featured are Graham Smith and his baked goods, our micro review of New Adventures and the delights of a Premier Inn continental breakfast.</p>\n\n<ul>\n  <li><a href=\"http://www.colonnaandsmalls.co.uk/\">Colonna and Smalls speciality coffee</a></li>\n  <li><a href=\"http://www.aeropresscoffee.co.uk/\">Aeropress coffee maker</a></li>\n  <li><a href=\"http://2013.newadventuresconf.com/\">New Adventures</a></li>\n  <li><a href=\"http://www.premierinn.com/en/hotel/NOTMTI/nottingham-city-centre-goldsmith-street\">Premier Inn Nottingham</a></li>\n  <li><a href=\"http://www.hemingwaydesign.co.uk/\">Wayne Hemingway</a></li>\n  <li><a href=\"http://seb.ly/\">Seb Lee-Delisle</a></li>\n  <li><a href=\"http://icecoder.net/\">ICE Code</a></li>\n  <li><a href=\"http://www.sublimetext.com/2\">Sublime Text 2</a></li>\n  <li><a href=\"http://net.tutsplus.com/articles/news/sublime-text-3-beta-released\">Sublime Text 3 Preview on NetTuts+</a></li>\n  <li><a href=\"http://blog.macromates.com/2011/textmate-2-0-alpha/\">Text Mate 2</a></li>\n  <li><a href=\"http://net.tutsplus.com/articles/news/perfect-workflow-in-sublime-text-free-course/\">Sublime Text 2 NetTuts+ Tutorial</a></li>\n  <li><a href=\"http://docs.emmet.io/\">Emmet</a></li>\n  <li><a href=\"http://smilesoftware.com/TextExpander/index.html\">Text Expander for Mac</a></li>\n  <li><a href=\"http://en.wikipedia.org/wiki/Vi\">VI</a></li>\n  <li><a href=\"http://www.vim.org/\">VIM</a></li>\n  <li><a href=\"https://twitter.com/adamcooke\">Adam Cooke</a></li>\n  <li><a href=\"http://www.howtogeek.com/howto/42980/the-beginners-guide-to-nano-the-linux-command-line-text-editor/\">Nano</a></li>\n  <li><a href=\"http://selectorapp.net/\">Selector</a></li>\n  <li><a href=\"http://en.wikipedia.org/wiki/Secure_Shell\">Secure Shell AKA SSH</a></li>\n  <li><a href=\"http://git-scm.com/\">Git</a></li>\n  <li><a href=\"https://github.com/\">GitHub</a></li>\n  <li><a href=\"http://sass-lang.com/\">Sass</a></li>\n  <li><a href=\"http://openindie.com/\">Open Indie</a></li>\n  <li><a href=\"http://www.flickr.com/photos/miekd/6736257305/\">Graham Smith and the best beard in web</a></li>\n  <li><a href=\"http://www.flickr.com/photos/hellogeri/6138709730/\">The legendary Graham Smith baked goods</a></li>\n  <li><a href=\"http://twitter.com/greg_a\">Greg A on Twitter</a></li>\n  <li><a href=\"http://mixture.io/\">Mixture</a></li>\n  <li><a href=\"http://incident57.com/codekit/\">Codekit for Mac</a></li>\n  <li><a href=\"http://hammerformac.com/\">Hammer for Mac</a></li>\n  <li><a href=\"http://compass-style.org/\">Compass</a></li>\n  <li><a href=\"http://bourbon.io/\">Bourbon</a></li>\n  <li><a href=\"http://www.mamp.info/en/mamp-pro/index.html\">MAMP Pro</a></li>\n  <li><a href=\"http://php.net/manual/en/features.commandline.webserver.php\">PHP local server in 5.4+</a></li>\n  <li><a href=\"http://php.net/manual/en/features.commandline.interactive.php\">PHP interactive shell</a></li>\n  <li><a href=\"http://en.wikipedia.org/wiki/Interactive_Ruby_Shell\">Ruby IRB</a></li>\n  <li><a href=\"http://rubyonrails.org/\">Ruby on Rails</a></li>\n  <li><a href=\"http://en.wikipedia.org/wiki/WEBrick\">WEBrick</a></li>\n  <li><a href=\"http://pow.cx/\">Pow</a></li>\n  <li><a href=\"https://rvm.io/\">Ruby Version Manager AKA RVM</a></li>\n  <li><a href=\"http://anvilformac.com/\">Anvil for Mac</a></li>\n  <li><a href=\"http://gembundler.com/\">Bundler</a></li>\n  <li><a href=\"http://www.heroku.com/\">Heroku</a></li>\n  <li><a href=\"http://www.slimframework.com/\">Slim Framework for PHP</a></li>\n  <li><a href=\"https://github.com/codeguy/Slim-Skeleton\">Skeleton for Slim</a></li>\n  <li><a href=\"http://www.sinatrarb.com/\">Sinatra</a></li>\n  <li><a href=\"http://getcomposer.org/\">Composer for PHP</a></li>\n  <li><a href=\"http://imageoptim.com/\">ImageOptim</a></li>\n  <li><a href=\"http://phpshell.sourceforge.net/\">PHP Shell</a></li>\n  <li><a href=\"http://elliotjaystocks.com/blog/the-cloud-centric-mac-set-up-8-months-on/\">Elliot Jay Stocks’ cloud centric Mac setup</a></li>\n</ul>","layout":"default","app-shell":"app","body":"<div class=\"container\">  <div class=\"row\">\r\n    <div class=\"card\">\r\n      <img src=\"https://backtofrontshow.com/img/itunes-3000x3000.png\" alt=\"Development Tools\" class=\"card-img-top\">\r\n      <div class=\"card-body\">\r\n        <h3 class=\"card-title\">Development Tools</h3>\r\n      </div>\r\n      <i class=\"fa fa-plus\" aria-hidden=\"true\"></i>\r\n    </div>\r\n  </div>\r\n  <div class=\"row\">\r\n    <audio src=\"https://api.spreaker.com/download/episode/8734727/ep105_mixdown.mp3\" controls=\"controls\"></audio>\r\n  </div>\r\n  <div class=\"row\">\r\n    <p><p>Better late than never. We are back with a full packed episode discussing a wide range of development tools we use on a daily basis. Also featured are Graham Smith and his baked goods, our micro review of New Adventures and the delights of a Premier Inn continental breakfast.</p>\n\n<ul>\n <li><a href=\"http://www.colonnaandsmalls.co.uk/\">Colonna and Smalls speciality coffee</a></li>\n <li><a href=\"http://www.aeropresscoffee.co.uk/\">Aeropress coffee maker</a></li>\n <li><a href=\"http://2013.newadventuresconf.com/\">New Adventures</a></li>\n <li><a href=\"http://www.premierinn.com/en/hotel/NOTMTI/nottingham-city-centre-goldsmith-street\">Premier Inn Nottingham</a></li>\n <li><a href=\"http://www.hemingwaydesign.co.uk/\">Wayne Hemingway</a></li>\n <li><a href=\"http://seb.ly/\">Seb Lee-Delisle</a></li>\n <li><a href=\"http://icecoder.net/\">ICE Code</a></li>\n <li><a href=\"http://www.sublimetext.com/2\">Sublime Text 2</a></li>\n <li><a href=\"http://net.tutsplus.com/articles/news/sublime-text-3-beta-released\">Sublime Text 3 Preview on NetTuts+</a></li>\n <li><a href=\"http://blog.macromates.com/2011/textmate-2-0-alpha/\">Text Mate 2</a></li>\n <li><a href=\"http://net.tutsplus.com/articles/news/perfect-workflow-in-sublime-text-free-course/\">Sublime Text 2 NetTuts+ Tutorial</a></li>\n <li><a href=\"http://docs.emmet.io/\">Emmet</a></li>\n <li><a href=\"http://smilesoftware.com/TextExpander/index.html\">Text Expander for Mac</a></li>\n <li><a href=\"http://en.wikipedia.org/wiki/Vi\">VI</a></li>\n <li><a href=\"http://www.vim.org/\">VIM</a></li>\n <li><a href=\"https://twitter.com/adamcooke\">Adam Cooke</a></li>\n <li><a href=\"http://www.howtogeek.com/howto/42980/the-beginners-guide-to-nano-the-linux-command-line-text-editor/\">Nano</a></li>\n <li><a href=\"http://selectorapp.net/\">Selector</a></li>\n <li><a href=\"http://en.wikipedia.org/wiki/Secure_Shell\">Secure Shell AKA SSH</a></li>\n <li><a href=\"http://git-scm.com/\">Git</a></li>\n <li><a href=\"https://github.com/\">GitHub</a></li>\n <li><a href=\"http://sass-lang.com/\">Sass</a></li>\n <li><a href=\"http://openindie.com/\">Open Indie</a></li>\n <li><a href=\"http://www.flickr.com/photos/miekd/6736257305/\">Graham Smith and the best beard in web</a></li>\n <li><a href=\"http://www.flickr.com/photos/hellogeri/6138709730/\">The legendary Graham Smith baked goods</a></li>\n <li><a href=\"http://twitter.com/greg_a\">Greg A on Twitter</a></li>\n <li><a href=\"http://mixture.io/\">Mixture</a></li>\n <li><a href=\"http://incident57.com/codekit/\">Codekit for Mac</a></li>\n <li><a href=\"http://hammerformac.com/\">Hammer for Mac</a></li>\n <li><a href=\"http://compass-style.org/\">Compass</a></li>\n <li><a href=\"http://bourbon.io/\">Bourbon</a></li>\n <li><a href=\"http://www.mamp.info/en/mamp-pro/index.html\">MAMP Pro</a></li>\n <li><a href=\"http://php.net/manual/en/features.commandline.webserver.php\">PHP local server in 5.4+</a></li>\n <li><a href=\"http://php.net/manual/en/features.commandline.interactive.php\">PHP interactive shell</a></li>\n <li><a href=\"http://en.wikipedia.org/wiki/Interactive_Ruby_Shell\">Ruby IRB</a></li>\n <li><a href=\"http://rubyonrails.org/\">Ruby on Rails</a></li>\n <li><a href=\"http://en.wikipedia.org/wiki/WEBrick\">WEBrick</a></li>\n <li><a href=\"http://pow.cx/\">Pow</a></li>\n <li><a href=\"https://rvm.io/\">Ruby Version Manager AKA RVM</a></li>\n <li><a href=\"http://anvilformac.com/\">Anvil for Mac</a></li>\n <li><a href=\"http://gembundler.com/\">Bundler</a></li>\n <li><a href=\"http://www.heroku.com/\">Heroku</a></li>\n <li><a href=\"http://www.slimframework.com/\">Slim Framework for PHP</a></li>\n <li><a href=\"https://github.com/codeguy/Slim-Skeleton\">Skeleton for Slim</a></li>\n <li><a href=\"http://www.sinatrarb.com/\">Sinatra</a></li>\n <li><a href=\"http://getcomposer.org/\">Composer for PHP</a></li>\n <li><a href=\"http://imageoptim.com/\">ImageOptim</a></li>\n <li><a href=\"http://phpshell.sourceforge.net/\">PHP Shell</a></li>\n <li><a href=\"http://elliotjaystocks.com/blog/the-cloud-centric-mac-set-up-8-months-on/\">Elliot Jay Stocks’ cloud centric Mac setup</a></li>\n</ul></p>\r\n  </div>\r\n</div>","author":"Chris Love","facebook-publisher":"https://www.facebook.com/Love2Dev/","twitter":"ChrisLove","google-plus":"https://plus.google.com/b/110904107389779237581/?pageId=110904107389779237581","linkedin":"https://www.linkedin.com/in/Love2Dev/","pinterest":"https://www.pinterest.com/docluv/","youtube":"https://www.youtube.com/channel/UC3mfh2MN-5D-zOyiRLp9H6g","bing-user-key":"7EDAB92AF63E3B35E57195D810D64C57","image":{"url":"https://backtofrontshow.com/img/itunes-3000x3000.png","width":3000,"height":3000},"cache":{},"headers":{"Cache-Control":"public, max-age=30240, s-max-age=1200"},"meta":{"type":"article","og:type":"article","section":"progressive web apps","url":"https://podstr.love2dev.com/","route":"/"},"subtitle":null,"featured-image":"img/pwa-podstr-logo-600x310.png","abstract":"<img align='left' src='img/pwa-podstr-logo-600x310.png' style='margin: 18px 18px 18px 6px; float: left; display: inline' lazyload='1' lazyload='1' />Two years, it&#39;s hard to comprehend how fast the time has flown and how much my life has changed. November 2 marked my two year anniversary with Tellago and I thought I would try to express what these past two years have been like today, Thanksgiving. Back in July 2010, after about 8 months after joining Tellago I wrote about my experiences and thankfulness at the time. ","approved":true,"published":"2013-01-30T06:00:00.000Z","active":true,"tags":[],"publishedDay":20,"publishedMonth":10,"publishedYear":2117,"pubdate":"2013-01-30T06:00:00.000Z","link":"https://api.spreaker.com/download/episode/8734727/ep105_mixdown.mp3","guid":"https://backtofrontshow.com/episode-2/","podcast":{"title":"The Back to Front Show","description":"The Back to Front show was started in 2013 by web industry veterans Keir Whitaker and Kieran Masterton. Over the first 40 episodes they have discussed everything from web design and development to startups and dog related tech. Today the focus has shifted and includes topics including remote working, working in the web industry, productivity, hipster beards and much more. Released irregularly but always produced with passion The Back to Front Show runs for around 40 minutes per episode and comes to you from the beautiful West Country in the UK. Thanks for listening.","image":"https://backtofrontshow.com/img/itunes-3000x3000.png"}}