{"Name":"Podstr","LongName":"Podstr","lowerAppName":"Podstr","slug":"domains","title":"Domains","description":"<p>Behind every great idea lies a great domain, or is it the other way round? This week we discuss the domains we keep renewing in the hope of one day using, the original ideas behind them and whether or not they will ever see the light of day.</p>\n\n<ul>\n  <li><a href=\"https://www.youtube.com/watch?v=h-3pJCVFIkk\">80’s Weetabix adverts</a></li>\n  <li><a href=\"http://comediansincarsgettingcoffee.com/\">Comedians in cars getting coffee</a></li>\n  <li><a href=\"http://mkgeeknight.co.uk/\">MK Geek Night</a></li>\n  <li><a href=\"http://breakconf.org/\">Break Conf</a></li>\n  <li><a href=\"http://wiw.org/~jess/wp-content/uploads/2006/09/fonzgang.jpg\">Mr.Cool from Happy Days</a></li>\n</ul>\n\n<p>If you like our show please feel free to <a href=\"https://itunes.apple.com/gb/podcast/the-back-to-front-show/id594631752?mt=2\">leave us a review on iTunes</a>.</p>","layout":"default","app-shell":"app","body":"<div class=\"container\">  <div class=\"row\">\r\n    <div class=\"card\">\r\n      <img src=\"https://backtofrontshow.com/img/itunes-3000x3000.png\" alt=\"Domains\" class=\"card-img-top\">\r\n      <div class=\"card-body\">\r\n        <h3 class=\"card-title\">Domains</h3>\r\n      </div>\r\n      <i class=\"fa fa-plus\" aria-hidden=\"true\"></i>\r\n    </div>\r\n  </div>\r\n  <div class=\"row\">\r\n    <audio src=\"https://api.spreaker.com/download/episode/8734727/ep105_mixdown.mp3\" controls=\"controls\"></audio>\r\n  </div>\r\n  <div class=\"row\">\r\n    <p><p>Behind every great idea lies a great domain, or is it the other way round? This week we discuss the domains we keep renewing in the hope of one day using, the original ideas behind them and whether or not they will ever see the light of day.</p>\n\n<ul>\n <li><a href=\"https://www.youtube.com/watch?v=h-3pJCVFIkk\">80’s Weetabix adverts</a></li>\n <li><a href=\"http://comediansincarsgettingcoffee.com/\">Comedians in cars getting coffee</a></li>\n <li><a href=\"http://mkgeeknight.co.uk/\">MK Geek Night</a></li>\n <li><a href=\"http://breakconf.org/\">Break Conf</a></li>\n <li><a href=\"http://wiw.org/~jess/wp-content/uploads/2006/09/fonzgang.jpg\">Mr.Cool from Happy Days</a></li>\n</ul>\n\n<p>If you like our show please feel free to <a href=\"https://itunes.apple.com/gb/podcast/the-back-to-front-show/id594631752?mt=2\">leave us a review on iTunes</a>.</p></p>\r\n  </div>\r\n</div>","author":"Chris Love","facebook-publisher":"https://www.facebook.com/Love2Dev/","twitter":"ChrisLove","google-plus":"https://plus.google.com/b/110904107389779237581/?pageId=110904107389779237581","linkedin":"https://www.linkedin.com/in/Love2Dev/","pinterest":"https://www.pinterest.com/docluv/","youtube":"https://www.youtube.com/channel/UC3mfh2MN-5D-zOyiRLp9H6g","bing-user-key":"7EDAB92AF63E3B35E57195D810D64C57","image":{"url":"https://backtofrontshow.com/img/itunes-3000x3000.png","width":3000,"height":3000},"cache":{},"headers":{"Cache-Control":"public, max-age=30240, s-max-age=1200"},"meta":{"type":"article","og:type":"article","section":"progressive web apps","url":"https://podstr.love2dev.com/","route":"/"},"subtitle":null,"featured-image":"img/pwa-podstr-logo-600x310.png","abstract":"<img align='left' src='img/pwa-podstr-logo-600x310.png' style='margin: 18px 18px 18px 6px; float: left; display: inline' lazyload='1' lazyload='1' />Two years, it&#39;s hard to comprehend how fast the time has flown and how much my life has changed. November 2 marked my two year anniversary with Tellago and I thought I would try to express what these past two years have been like today, Thanksgiving. Back in July 2010, after about 8 months after joining Tellago I wrote about my experiences and thankfulness at the time. ","approved":true,"published":"2014-10-02T12:00:00.000Z","active":true,"tags":[],"publishedDay":20,"publishedMonth":10,"publishedYear":2117,"pubdate":"2014-10-02T12:00:00.000Z","link":"https://api.spreaker.com/download/episode/8734727/ep105_mixdown.mp3","guid":"https://backtofrontshow.com/episode-28/","podcast":{"title":"The Back to Front Show","description":"The Back to Front show was started in 2013 by web industry veterans Keir Whitaker and Kieran Masterton. Over the first 40 episodes they have discussed everything from web design and development to startups and dog related tech. Today the focus has shifted and includes topics including remote working, working in the web industry, productivity, hipster beards and much more. Released irregularly but always produced with passion The Back to Front Show runs for around 40 minutes per episode and comes to you from the beautiful West Country in the UK. Thanks for listening.","image":"https://backtofrontshow.com/img/itunes-3000x3000.png"}}