{"Name":"Podstr","LongName":"Podstr","lowerAppName":"Podstr","slug":"happy-new-year","title":"Happy New Year","description":"<p>Like the proverbial phoenix, we have risen! Kieran is back and we finally wish each other a happy new year. This episode we try and get to the bottom of why we weren’t nominated for a Net Award, this as you might imagine takes a while.</p>\n\n<p>We ask the other burning question of the week, that being is <a>Harry Roberts</a> (the one and only CSS Wizard) really under 25. We also manage to chat about some of the recent happenings in the web industry – no really we do. It’s good to be back.</p>\n\n<ul>\n  <li><a href=\"https://thenetawards.com/\">Net Awards</a></li>\n  <li><a href=\"http://stet.editorially.com/articles/goodbye/\">Goodbye Editorially</a></li>\n  <li><a href=\"https://37signals.com/\">37signals becomes Basecamp</a></li>\n  <li><a href=\"http://rachelandrew.co.uk/books/the-profitable-side-project\">The Profitable Side Project</a></li>\n  <li><a href=\"http://alldayer.mkgeeknight.co.uk/\">MK Geek Night All Dayer</a></li>\n  <li><a href=\"https://dweet.io/\">Twitter for Machines</a></li>\n  <li><a href=\"http://ownercamp.com/\">Ownercamp</a></li>\n  <li><a href=\"http://flapmmo.com/\">Flappy Birds MMO</a></li>\n</ul>","layout":"default","app-shell":"app","body":"<div class=\"container\">  <div class=\"row\">\r\n    <div class=\"card\">\r\n      <img src=\"https://backtofrontshow.com/img/itunes-3000x3000.png\" alt=\"Happy New Year\" class=\"card-img-top\">\r\n      <div class=\"card-body\">\r\n        <h3 class=\"card-title\">Happy New Year</h3>\r\n      </div>\r\n      <i class=\"fa fa-plus\" aria-hidden=\"true\"></i>\r\n    </div>\r\n  </div>\r\n  <div class=\"row\">\r\n    <audio src=\"https://api.spreaker.com/download/episode/8734727/ep105_mixdown.mp3\" controls=\"controls\"></audio>\r\n  </div>\r\n  <div class=\"row\">\r\n    <p><p>Like the proverbial phoenix, we have risen! Kieran is back and we finally wish each other a happy new year. This episode we try and get to the bottom of why we weren’t nominated for a Net Award, this as you might imagine takes a while.</p>\n\n<p>We ask the other burning question of the week, that being is <a>Harry Roberts</a> (the one and only CSS Wizard) really under 25. We also manage to chat about some of the recent happenings in the web industry – no really we do. It’s good to be back.</p>\n\n<ul>\n <li><a href=\"https://thenetawards.com/\">Net Awards</a></li>\n <li><a href=\"http://stet.editorially.com/articles/goodbye/\">Goodbye Editorially</a></li>\n <li><a href=\"https://37signals.com/\">37signals becomes Basecamp</a></li>\n <li><a href=\"http://rachelandrew.co.uk/books/the-profitable-side-project\">The Profitable Side Project</a></li>\n <li><a href=\"http://alldayer.mkgeeknight.co.uk/\">MK Geek Night All Dayer</a></li>\n <li><a href=\"https://dweet.io/\">Twitter for Machines</a></li>\n <li><a href=\"http://ownercamp.com/\">Ownercamp</a></li>\n <li><a href=\"http://flapmmo.com/\">Flappy Birds MMO</a></li>\n</ul></p>\r\n  </div>\r\n</div>","author":"Chris Love","facebook-publisher":"https://www.facebook.com/Love2Dev/","twitter":"ChrisLove","google-plus":"https://plus.google.com/b/110904107389779237581/?pageId=110904107389779237581","linkedin":"https://www.linkedin.com/in/Love2Dev/","pinterest":"https://www.pinterest.com/docluv/","youtube":"https://www.youtube.com/channel/UC3mfh2MN-5D-zOyiRLp9H6g","bing-user-key":"7EDAB92AF63E3B35E57195D810D64C57","image":{"url":"https://backtofrontshow.com/img/itunes-3000x3000.png","width":3000,"height":3000},"cache":{},"headers":{"Cache-Control":"public, max-age=30240, s-max-age=1200"},"meta":{"type":"article","og:type":"article","section":"progressive web apps","url":"https://podstr.love2dev.com/","route":"/"},"subtitle":null,"featured-image":"img/pwa-podstr-logo-600x310.png","abstract":"<img align='left' src='img/pwa-podstr-logo-600x310.png' style='margin: 18px 18px 18px 6px; float: left; display: inline' lazyload='1' lazyload='1' />Two years, it&#39;s hard to comprehend how fast the time has flown and how much my life has changed. November 2 marked my two year anniversary with Tellago and I thought I would try to express what these past two years have been like today, Thanksgiving. Back in July 2010, after about 8 months after joining Tellago I wrote about my experiences and thankfulness at the time. ","approved":true,"published":"2014-02-20T09:00:00.000Z","active":true,"tags":[],"publishedDay":20,"publishedMonth":10,"publishedYear":2117,"pubdate":"2014-02-20T09:00:00.000Z","link":"https://api.spreaker.com/download/episode/8734727/ep105_mixdown.mp3","guid":"https://backtofrontshow.com/episode-21/","podcast":{"title":"The Back to Front Show","description":"The Back to Front show was started in 2013 by web industry veterans Keir Whitaker and Kieran Masterton. Over the first 40 episodes they have discussed everything from web design and development to startups and dog related tech. Today the focus has shifted and includes topics including remote working, working in the web industry, productivity, hipster beards and much more. Released irregularly but always produced with passion The Back to Front Show runs for around 40 minutes per episode and comes to you from the beautiful West Country in the UK. Thanks for listening.","image":"https://backtofrontshow.com/img/itunes-3000x3000.png"}}