{"Name":"Podstr","LongName":"Podstr","lowerAppName":"Podstr","slug":"he-who-dares-pays","title":"He Who Dares Pays","description":"<p>Episode #004 is kindly supported by <a href=\"http://www.handheldconf.com/\">Handheld</a> – a conference focusing on “big ideas for small devices” taking place in Cardiff, UK on November 27th – 28th. Early bird tickets are a snip at £99 + VAT (regular price £139 + VAT). Read <a href=\"http://www.craiglockwood.co.uk/mobile/introducing-handheld-2013/\">Craig’s post</a> announcing the conference for more details. And yes, there’s a band!</p>\n\n<ul>\n  <li><a href=\"http://www.handheldconf.com/\">Handheld Conference</a></li>\n  <li><a href=\"http://niice.co/\">Niice</a></li>\n  <li><a href=\"http://www.jordanm.co.uk/members\">Jordan Moore Membership</a></li>\n  <li><a href=\"https://getmyo.com/\">Myo</a></li>\n  <li><a href=\"http://vhx.tv/\">VHX</a></li>\n  <li><a href=\"http://getharvest.com/\">Harvest</a></li>\n  <li><a href=\"http://xero.com/\">Xero</a></li>\n  <li><a href=\"https://basecamp.com/personal\">Basecamp Personal</a></li>\n  <li><a href=\"http://codebasehq.com/\">Codebase</a></li>\n  <li><a href=\"http://get.gaug.es/\">Gauges</a></li>\n  <li><a href=\"http://github.com/\">Github</a></li>\n  <li><a href=\"http://freeagent.com/\">FreeAgent</a></li>\n  <li><a href=\"http://www.google.com/intl/en_uk/enterprise/apps/business/\">Google Apps</a></li>\n  <li><a href=\"http://railscasts.com/\">Rails Casts</a></li>\n  <li><a href=\"http://plaidmaker.com/\">Plaid Maker</a></li>\n  <li><a href=\"http://stachist.com/\">Stachist</a></li>\n</ul>\n\n<p>Thanks again to <a href=\"http://www.handheldconf.com/\">Handheld Conf</a> for supporting this episode</p>","layout":"default","app-shell":"app","body":"<div class=\"container\">  <div class=\"row\">\r\n    <div class=\"card\">\r\n      <img src=\"https://backtofrontshow.com/img/itunes-3000x3000.png\" alt=\"He Who Dares Pays\" class=\"card-img-top\">\r\n      <div class=\"card-body\">\r\n        <h3 class=\"card-title\">He Who Dares Pays</h3>\r\n      </div>\r\n      <i class=\"fa fa-plus\" aria-hidden=\"true\"></i>\r\n    </div>\r\n  </div>\r\n  <div class=\"row\">\r\n    <audio src=\"https://api.spreaker.com/download/episode/8734727/ep105_mixdown.mp3\" controls=\"controls\"></audio>\r\n  </div>\r\n  <div class=\"row\">\r\n    <p><p>Episode #004 is kindly supported by <a href=\"http://www.handheldconf.com/\">Handheld</a> – a conference focusing on “big ideas for small devices” taking place in Cardiff, UK on November 27th – 28th. Early bird tickets are a snip at £99 + VAT (regular price £139 + VAT). Read <a href=\"http://www.craiglockwood.co.uk/mobile/introducing-handheld-2013/\">Craig’s post</a> announcing the conference for more details. And yes, there’s a band!</p>\n\n<ul>\n <li><a href=\"http://www.handheldconf.com/\">Handheld Conference</a></li>\n <li><a href=\"http://niice.co/\">Niice</a></li>\n <li><a href=\"http://www.jordanm.co.uk/members\">Jordan Moore Membership</a></li>\n <li><a href=\"https://getmyo.com/\">Myo</a></li>\n <li><a href=\"http://vhx.tv/\">VHX</a></li>\n <li><a href=\"http://getharvest.com/\">Harvest</a></li>\n <li><a href=\"http://xero.com/\">Xero</a></li>\n <li><a href=\"https://basecamp.com/personal\">Basecamp Personal</a></li>\n <li><a href=\"http://codebasehq.com/\">Codebase</a></li>\n <li><a href=\"http://get.gaug.es/\">Gauges</a></li>\n <li><a href=\"http://github.com/\">Github</a></li>\n <li><a href=\"http://freeagent.com/\">FreeAgent</a></li>\n <li><a href=\"http://www.google.com/intl/en_uk/enterprise/apps/business/\">Google Apps</a></li>\n <li><a href=\"http://railscasts.com/\">Rails Casts</a></li>\n <li><a href=\"http://plaidmaker.com/\">Plaid Maker</a></li>\n <li><a href=\"http://stachist.com/\">Stachist</a></li>\n</ul>\n\n<p>Thanks again to <a href=\"http://www.handheldconf.com/\">Handheld Conf</a> for supporting this episode</p></p>\r\n  </div>\r\n</div>","author":"Chris Love","facebook-publisher":"https://www.facebook.com/Love2Dev/","twitter":"ChrisLove","google-plus":"https://plus.google.com/b/110904107389779237581/?pageId=110904107389779237581","linkedin":"https://www.linkedin.com/in/Love2Dev/","pinterest":"https://www.pinterest.com/docluv/","youtube":"https://www.youtube.com/channel/UC3mfh2MN-5D-zOyiRLp9H6g","bing-user-key":"7EDAB92AF63E3B35E57195D810D64C57","image":{"url":"https://backtofrontshow.com/img/itunes-3000x3000.png","width":3000,"height":3000},"cache":{},"headers":{"Cache-Control":"public, max-age=30240, s-max-age=1200"},"meta":{"type":"article","og:type":"article","section":"progressive web apps","url":"https://podstr.love2dev.com/","route":"/"},"subtitle":null,"featured-image":"img/pwa-podstr-logo-600x310.png","abstract":"<img align='left' src='img/pwa-podstr-logo-600x310.png' style='margin: 18px 18px 18px 6px; float: left; display: inline' lazyload='1' lazyload='1' />Two years, it&#39;s hard to comprehend how fast the time has flown and how much my life has changed. November 2 marked my two year anniversary with Tellago and I thought I would try to express what these past two years have been like today, Thanksgiving. Back in July 2010, after about 8 months after joining Tellago I wrote about my experiences and thankfulness at the time. ","approved":true,"published":"2013-02-26T06:30:00.000Z","active":true,"tags":[],"publishedDay":20,"publishedMonth":10,"publishedYear":2117,"pubdate":"2013-02-26T06:30:00.000Z","link":"https://api.spreaker.com/download/episode/8734727/ep105_mixdown.mp3","guid":"https://backtofrontshow.com/episode-4/","podcast":{"title":"The Back to Front Show","description":"The Back to Front show was started in 2013 by web industry veterans Keir Whitaker and Kieran Masterton. Over the first 40 episodes they have discussed everything from web design and development to startups and dog related tech. Today the focus has shifted and includes topics including remote working, working in the web industry, productivity, hipster beards and much more. Released irregularly but always produced with passion The Back to Front Show runs for around 40 minutes per episode and comes to you from the beautiful West Country in the UK. Thanks for listening.","image":"https://backtofrontshow.com/img/itunes-3000x3000.png"}}