{"Name":"Podstr","LongName":"Podstr","lowerAppName":"Podstr","slug":"how-to-slam-dunk-freelancing-","title":"How to Slam Dunk Freelancing 🏀🤑","description":"Sponsor <ul> <li><a href=\"https://deliciousbrains.com/syntax\">Deliciousbrains WP Migrate DB Pro</a> - Use the code SYNTAX for 20% off</li> </ul> Show Notes <ul> <li><a href=\"https://bos.af/\">Stickers</a> - SOLD OUT MORE SOON</li> <li><a href=\"http://scotttolinski.com/\">Scott's Personal Website on Gatsby</a></li> <li><a href=\"https://www.youtube.com/watch?v=xqaThBnesfY\">Gatsby Codealong</a></li> <li><a href=\"https://github.com/gatsbyjs/gatsby\">Gatsby</a></li> <li><a href=\"https://mjml.io/\">MJML Email Framework</a></li> <li><a href=\"http://amzn.to/2f8y8Li\">The E-Myth Revisited Book</a></li> <li><a href=\"http://amzn.to/2uZ9CQw\">Design is a Job</a></li> <li><a href= \"https://www.freshbooks.com/blog/breakingthetimebarrier\">Breaking the Time Barrier</a></li> <li><a href=\"https://basecamp.com/\">Basecamp</a></li> <li><a href=\"https://trello.com/\">Trello</a></li> <li><a href= \"http://www.shareasale.com/r.cfm?B=963929&U=976068&M=52946&urllink=\"> Freshbooks</a></li> <li><a href=\"https://www.waveapps.com/\">Wave</a></li> </ul> Sick Picks <ul> <li><a href=\"https://github.com/tekezo/Karabiner-Elements/\">Hyper Key + Karabiner Elements</a></li> <li><a href=\"https://www.boastr.net/\">Better Touch Tool</a></li> <li><a href= \"https://www.viceland.com/en_us/show/king-of-the-road\">King of the Road</a></li> </ul> Twitter <ul> <li><a href=\"https://twitter.com/wesbos\">Wes Bos</a></li> <li><a href=\"https://twitter.com/stolinski\">Scott Tolinski</a></li> <li><a href=\"https://twitter.com/SyntaxFM\">Syntax</a></li> </ul>","layout":"default","app-shell":"app","body":"<div class=\"container\">  <div class=\"row\">\r\n    <div class=\"card\">\r\n      <img src=\"http://static.libsyn.com/p/assets/7/9/0/7/790703531a3c8eca/iTunes_Artwork.png\" alt=\"How to Slam Dunk Freelancing 🏀🤑\" class=\"card-img-top\">\r\n      <div class=\"card-body\">\r\n        <h3 class=\"card-title\">How to Slam Dunk Freelancing 🏀🤑</h3>\r\n      </div>\r\n      <i class=\"fa fa-plus\" aria-hidden=\"true\"></i>\r\n    </div>\r\n  </div>\r\n  <div class=\"row\">\r\n    <audio src=\"https://api.spreaker.com/download/episode/8734727/ep105_mixdown.mp3\" controls=\"controls\"></audio>\r\n  </div>\r\n  <div class=\"row\">\r\n    <p>Sponsor <ul> <li><a href=\"https://deliciousbrains.com/syntax\">Deliciousbrains WP Migrate DB Pro</a> - Use the code SYNTAX for 20% off</li> </ul> Show Notes <ul> <li><a href=\"https://bos.af/\">Stickers</a> - SOLD OUT MORE SOON</li> <li><a href=\"http://scotttolinski.com/\">Scott's Personal Website on Gatsby</a></li> <li><a href=\"https://www.youtube.com/watch?v=xqaThBnesfY\">Gatsby Codealong</a></li> <li><a href=\"https://github.com/gatsbyjs/gatsby\">Gatsby</a></li> <li><a href=\"https://mjml.io/\">MJML Email Framework</a></li> <li><a href=\"http://amzn.to/2f8y8Li\">The E-Myth Revisited Book</a></li> <li><a href=\"http://amzn.to/2uZ9CQw\">Design is a Job</a></li> <li><a href= \"https://www.freshbooks.com/blog/breakingthetimebarrier\">Breaking the Time Barrier</a></li> <li><a href=\"https://basecamp.com/\">Basecamp</a></li> <li><a href=\"https://trello.com/\">Trello</a></li> <li><a href= \"http://www.shareasale.com/r.cfm?B=963929&U=976068&M=52946&urllink=\"> Freshbooks</a></li> <li><a href=\"https://www.waveapps.com/\">Wave</a></li> </ul> Sick Picks <ul> <li><a href=\"https://github.com/tekezo/Karabiner-Elements/\">Hyper Key + Karabiner Elements</a></li> <li><a href=\"https://www.boastr.net/\">Better Touch Tool</a></li> <li><a href= \"https://www.viceland.com/en_us/show/king-of-the-road\">King of the Road</a></li> </ul> Twitter <ul> <li><a href=\"https://twitter.com/wesbos\">Wes Bos</a></li> <li><a href=\"https://twitter.com/stolinski\">Scott Tolinski</a></li> <li><a href=\"https://twitter.com/SyntaxFM\">Syntax</a></li> </ul></p>\r\n  </div>\r\n</div>","author":"Chris Love","facebook-publisher":"https://www.facebook.com/Love2Dev/","twitter":"ChrisLove","google-plus":"https://plus.google.com/b/110904107389779237581/?pageId=110904107389779237581","linkedin":"https://www.linkedin.com/in/Love2Dev/","pinterest":"https://www.pinterest.com/docluv/","youtube":"https://www.youtube.com/channel/UC3mfh2MN-5D-zOyiRLp9H6g","bing-user-key":"7EDAB92AF63E3B35E57195D810D64C57","image":{"url":"http://static.libsyn.com/p/assets/7/9/0/7/790703531a3c8eca/iTunes_Artwork.png","width":1800,"height":1800},"cache":{},"headers":{"Cache-Control":"public, max-age=30240, s-max-age=1200"},"meta":{"type":"article","og:type":"article","section":"progressive web apps","url":"https://podstr.love2dev.com/","route":"/"},"subtitle":null,"featured-image":"img/pwa-podstr-logo-600x310.png","abstract":"<img align='left' src='img/pwa-podstr-logo-600x310.png' style='margin: 18px 18px 18px 6px; float: left; display: inline' lazyload='1' lazyload='1' />Two years, it&#39;s hard to comprehend how fast the time has flown and how much my life has changed. November 2 marked my two year anniversary with Tellago and I thought I would try to express what these past two years have been like today, Thanksgiving. Back in July 2010, after about 8 months after joining Tellago I wrote about my experiences and thankfulness at the time. ","approved":true,"published":"2017-08-02T14:55:51.000Z","active":true,"tags":[],"publishedDay":20,"publishedMonth":10,"publishedYear":2117,"pubdate":"2017-08-02T14:55:51.000Z","link":"https://api.spreaker.com/download/episode/8734727/ep105_mixdown.mp3","guid":"d9cdb5913780b7bd1952a83f9375ac79","podcast":{"title":"Syntax - Tasty Web Development Treats","description":"Wes Bos and Scott Tolinski are two full stack web developers who like to break down complex topics and make them easy to understand.","image":"http://static.libsyn.com/p/assets/7/9/0/7/790703531a3c8eca/iTunes_Artwork.png"}}