{"Name":"Podstr","LongName":"Podstr","lowerAppName":"Podstr","slug":"how-to-work-remotely","title":"How to Work Remotely","description":"<p>We are back after a what can only be termed a travel enforced sabbatical. This week we chat about two new books focusing on remote working, Kieran regales us with more eco-living tales and we discuss why our industry seems obsessed on building businesses to flip.</p>\n\n<ul>\n  <li><a href=\"http://brooklynbeta.org/\">Brooklyn Beta</a></li>\n  <li><a href=\"http://2013.buildconf.com/\">Build</a></li>\n  <li><a href=\"http://handheldconf.com/\">Handheld</a></li>\n  <li><a href=\"http://imagehost.vendio.com/a/28304091/aview/grenade_2.jpg\">Wood Grenade</a></li>\n  <li><a href=\"http://mobile.smashingmagazine.com/2013/10/24/automate-your-responsive-images-with-mobify-js/#mobile-navigation\">Automate Your Responsive Images With Mobify.js</a></li>\n  <li><a href=\"http://37signals.com/remote/\">Remote by 37signals</a></li>\n  <li><a href=\"http://scottberkun.com/yearwithoutpants/\">Year Without Pants</a></li>\n  <li><a href=\"http://www.knocktounlock.com/\">Knock to Unlock</a></li>\n  <li><a href=\"http://nakedsecurity.sophos.com/2013/11/04/anatomy-of-a-password-disaster-adobes-giant-sized-cryptographic-blunder/\">Anatomy of a Password Disaster</a></li>\n  <li><a href=\"http://www.theverge.com/2013/11/5/5039216/everpix-life-and-death-inside-the-worlds-best-photo-startup\">The Death of Everpix</a></li>\n  <li><a href=\"http://warbybarker.com/\">Warby Barker</a></li>\n</ul>","layout":"default","app-shell":"app","body":"<div class=\"container\">  <div class=\"row\">\r\n    <div class=\"card\">\r\n      <img src=\"https://backtofrontshow.com/img/itunes-3000x3000.png\" alt=\"How to Work Remotely\" class=\"card-img-top\">\r\n      <div class=\"card-body\">\r\n        <h3 class=\"card-title\">How to Work Remotely</h3>\r\n      </div>\r\n      <i class=\"fa fa-plus\" aria-hidden=\"true\"></i>\r\n    </div>\r\n  </div>\r\n  <div class=\"row\">\r\n    <audio src=\"https://api.spreaker.com/download/episode/8734727/ep105_mixdown.mp3\" controls=\"controls\"></audio>\r\n  </div>\r\n  <div class=\"row\">\r\n    <p><p>We are back after a what can only be termed a travel enforced sabbatical. This week we chat about two new books focusing on remote working, Kieran regales us with more eco-living tales and we discuss why our industry seems obsessed on building businesses to flip.</p>\n\n<ul>\n <li><a href=\"http://brooklynbeta.org/\">Brooklyn Beta</a></li>\n <li><a href=\"http://2013.buildconf.com/\">Build</a></li>\n <li><a href=\"http://handheldconf.com/\">Handheld</a></li>\n <li><a href=\"http://imagehost.vendio.com/a/28304091/aview/grenade_2.jpg\">Wood Grenade</a></li>\n <li><a href=\"http://mobile.smashingmagazine.com/2013/10/24/automate-your-responsive-images-with-mobify-js/#mobile-navigation\">Automate Your Responsive Images With Mobify.js</a></li>\n <li><a href=\"http://37signals.com/remote/\">Remote by 37signals</a></li>\n <li><a href=\"http://scottberkun.com/yearwithoutpants/\">Year Without Pants</a></li>\n <li><a href=\"http://www.knocktounlock.com/\">Knock to Unlock</a></li>\n <li><a href=\"http://nakedsecurity.sophos.com/2013/11/04/anatomy-of-a-password-disaster-adobes-giant-sized-cryptographic-blunder/\">Anatomy of a Password Disaster</a></li>\n <li><a href=\"http://www.theverge.com/2013/11/5/5039216/everpix-life-and-death-inside-the-worlds-best-photo-startup\">The Death of Everpix</a></li>\n <li><a href=\"http://warbybarker.com/\">Warby Barker</a></li>\n</ul></p>\r\n  </div>\r\n</div>","author":"Chris Love","facebook-publisher":"https://www.facebook.com/Love2Dev/","twitter":"ChrisLove","google-plus":"https://plus.google.com/b/110904107389779237581/?pageId=110904107389779237581","linkedin":"https://www.linkedin.com/in/Love2Dev/","pinterest":"https://www.pinterest.com/docluv/","youtube":"https://www.youtube.com/channel/UC3mfh2MN-5D-zOyiRLp9H6g","bing-user-key":"7EDAB92AF63E3B35E57195D810D64C57","image":{"url":"https://backtofrontshow.com/img/itunes-3000x3000.png","width":3000,"height":3000},"cache":{},"headers":{"Cache-Control":"public, max-age=30240, s-max-age=1200"},"meta":{"type":"article","og:type":"article","section":"progressive web apps","url":"https://podstr.love2dev.com/","route":"/"},"subtitle":null,"featured-image":"img/pwa-podstr-logo-600x310.png","abstract":"<img align='left' src='img/pwa-podstr-logo-600x310.png' style='margin: 18px 18px 18px 6px; float: left; display: inline' lazyload='1' lazyload='1' />Two years, it&#39;s hard to comprehend how fast the time has flown and how much my life has changed. November 2 marked my two year anniversary with Tellago and I thought I would try to express what these past two years have been like today, Thanksgiving. Back in July 2010, after about 8 months after joining Tellago I wrote about my experiences and thankfulness at the time. ","approved":true,"published":"2013-11-12T01:00:00.000Z","active":true,"tags":[],"publishedDay":20,"publishedMonth":10,"publishedYear":2117,"pubdate":"2013-11-12T01:00:00.000Z","link":"https://api.spreaker.com/download/episode/8734727/ep105_mixdown.mp3","guid":"https://backtofrontshow.com/episode-18/","podcast":{"title":"The Back to Front Show","description":"The Back to Front show was started in 2013 by web industry veterans Keir Whitaker and Kieran Masterton. Over the first 40 episodes they have discussed everything from web design and development to startups and dog related tech. Today the focus has shifted and includes topics including remote working, working in the web industry, productivity, hipster beards and much more. Released irregularly but always produced with passion The Back to Front Show runs for around 40 minutes per episode and comes to you from the beautiful West Country in the UK. Thanks for listening.","image":"https://backtofrontshow.com/img/itunes-3000x3000.png"}}