{"Name":"Podstr","LongName":"Podstr","lowerAppName":"Podstr","slug":"javascript-tooling-004","title":"JavaScript Tooling - 004","description":"Show Notes <ul> <li><a href= \"https://deliciousbrains.com/wp-migrate-db-pro/\">Deliciousbrains WP Migrate DB Pro</a></li> <li><a href=\"http://wesbos.com/\">WesBos Website</a></li> <li><a href=\"https://leveluptutorials.com/\">Level Up Tutorials</a></li> <li><a href=\"http://www.yes-www.org/why-use-www/\">WHY USE WWW?</a></li> <li><a href=\"https://webpack.github.io/\">Webpack</a></li> <li><a href=\"https://babeljs.io/\">Babel</a></li> <li><a href=\"http://eslint.org/\">ESLint</a></li> <li><a href= \"https://github.com/prettier/prettier\">Prettier</a></li> <li><a href=\"https://github.com/babel/babili\">Babili</a></li> <li><a href=\"https://prepack.io/\">Prepack</a></li> </ul> Sick Picks <a href= \"https://www.figma.com/\">Figma</a> <p>Turn Ideas into Products Faster Design, prototype, and gather feedback all in one place with Figma.</p>  <a href=\"http://www.caldigit.com/thunderbolt-3-dock/#TS3\">CalDigit TS3 Dock</a> <p>The TS3 is designed for users who require their Thunderbolt™ dock to act as the main charging hub for their laptop. Delivering the reality of single cable charging, ONE Thunderbolt™ 3 cable is all it takes for a clean, elegant and streamlined workspace.</p> Shameless Plugs <a href= \"https://javascript30.com/\">JavaScript30</a> <p>A Free 30 Day Vanilla JS Coding Challenge Course. Build 30 things in 30 days with 30 tutorials. No Frameworks No Compilers No Libraries No Boilerplate. Join 101,746 others.</p>  <a href= \"https://www.leveluptutorials.com/store/products/tutorials/lut-dd014\"> React Native for everyone</a> Twitter <ul> <li><a href=\"https://twitter.com/wesbos\">Wes Bos</a></li> <li><a href=\"https://twitter.com/stolinski\">Scott Tolinski</a></li> </ul>","layout":"default","app-shell":"app","body":"<div class=\"container\">  <div class=\"row\">\r\n    <div class=\"card\">\r\n      <img src=\"http://static.libsyn.com/p/assets/7/9/0/7/790703531a3c8eca/iTunes_Artwork.png\" alt=\"JavaScript Tooling - 004\" class=\"card-img-top\">\r\n      <div class=\"card-body\">\r\n        <h3 class=\"card-title\">JavaScript Tooling - 004</h3>\r\n      </div>\r\n      <i class=\"fa fa-plus\" aria-hidden=\"true\"></i>\r\n    </div>\r\n  </div>\r\n  <div class=\"row\">\r\n    <audio src=\"https://api.spreaker.com/download/episode/8734727/ep105_mixdown.mp3\" controls=\"controls\"></audio>\r\n  </div>\r\n  <div class=\"row\">\r\n    <p>Show Notes <ul> <li><a href= \"https://deliciousbrains.com/wp-migrate-db-pro/\">Deliciousbrains WP Migrate DB Pro</a></li> <li><a href=\"http://wesbos.com/\">WesBos Website</a></li> <li><a href=\"https://leveluptutorials.com/\">Level Up Tutorials</a></li> <li><a href=\"http://www.yes-www.org/why-use-www/\">WHY USE WWW?</a></li> <li><a href=\"https://webpack.github.io/\">Webpack</a></li> <li><a href=\"https://babeljs.io/\">Babel</a></li> <li><a href=\"http://eslint.org/\">ESLint</a></li> <li><a href= \"https://github.com/prettier/prettier\">Prettier</a></li> <li><a href=\"https://github.com/babel/babili\">Babili</a></li> <li><a href=\"https://prepack.io/\">Prepack</a></li> </ul> Sick Picks <a href= \"https://www.figma.com/\">Figma</a> <p>Turn Ideas into Products Faster Design, prototype, and gather feedback all in one place with Figma.</p> <a href=\"http://www.caldigit.com/thunderbolt-3-dock/#TS3\">CalDigit TS3 Dock</a> <p>The TS3 is designed for users who require their Thunderbolt™ dock to act as the main charging hub for their laptop. Delivering the reality of single cable charging, ONE Thunderbolt™ 3 cable is all it takes for a clean, elegant and streamlined workspace.</p> Shameless Plugs <a href= \"https://javascript30.com/\">JavaScript30</a> <p>A Free 30 Day Vanilla JS Coding Challenge Course. Build 30 things in 30 days with 30 tutorials. No Frameworks No Compilers No Libraries No Boilerplate. Join 101,746 others.</p> <a href= \"https://www.leveluptutorials.com/store/products/tutorials/lut-dd014\"> React Native for everyone</a> Twitter <ul> <li><a href=\"https://twitter.com/wesbos\">Wes Bos</a></li> <li><a href=\"https://twitter.com/stolinski\">Scott Tolinski</a></li> </ul></p>\r\n  </div>\r\n</div>","author":"Chris Love","facebook-publisher":"https://www.facebook.com/Love2Dev/","twitter":"ChrisLove","google-plus":"https://plus.google.com/b/110904107389779237581/?pageId=110904107389779237581","linkedin":"https://www.linkedin.com/in/Love2Dev/","pinterest":"https://www.pinterest.com/docluv/","youtube":"https://www.youtube.com/channel/UC3mfh2MN-5D-zOyiRLp9H6g","bing-user-key":"7EDAB92AF63E3B35E57195D810D64C57","image":{"url":"http://static.libsyn.com/p/assets/7/9/0/7/790703531a3c8eca/iTunes_Artwork.png","width":1800,"height":1800},"cache":{},"headers":{"Cache-Control":"public, max-age=30240, s-max-age=1200"},"meta":{"type":"article","og:type":"article","section":"progressive web apps","url":"https://podstr.love2dev.com/","route":"/"},"subtitle":null,"featured-image":"img/pwa-podstr-logo-600x310.png","abstract":"<img align='left' src='img/pwa-podstr-logo-600x310.png' style='margin: 18px 18px 18px 6px; float: left; display: inline' lazyload='1' lazyload='1' />Two years, it&#39;s hard to comprehend how fast the time has flown and how much my life has changed. November 2 marked my two year anniversary with Tellago and I thought I would try to express what these past two years have been like today, Thanksgiving. Back in July 2010, after about 8 months after joining Tellago I wrote about my experiences and thankfulness at the time. ","approved":true,"published":"2017-07-26T17:00:00.000Z","active":true,"tags":[],"publishedDay":20,"publishedMonth":10,"publishedYear":2117,"pubdate":"2017-07-26T17:00:00.000Z","link":"https://api.spreaker.com/download/episode/8734727/ep105_mixdown.mp3","guid":"7e5dbc453f1cfba567cc158c4ad3f5ce","podcast":{"title":"Syntax - Tasty Web Development Treats","description":"Wes Bos and Scott Tolinski are two full stack web developers who like to break down complex topics and make them easy to understand.","image":"http://static.libsyn.com/p/assets/7/9/0/7/790703531a3c8eca/iTunes_Artwork.png"}}