{"Name":"Podstr","LongName":"Podstr","lowerAppName":"Podstr","slug":"lost-with-lindberg","title":"Lost with Lindberg","description":"<p>This week we celebrate the internet’s very own <a href=\"https://twitter.com/oliverlindberg\">Oliver Lindberg</a> as we get <a href=\"https://twitter.com/hashtag/lostwithlindberg?src=hash\">#lostwithlindberg</a>. Given our distinct lack of direction for this episode, it seemed only right and proper that our favourite editor of the internet takes this week’s naming rights. If you are ever lost, and if you can find him, maybe you can also get “lost with Lindberg”. Cue the <a href=\"https://www.youtube.com/watch?v=_MVonyVSQoM\">music</a>.</p>\n\n<p>We might not be a crack commando unit but we did our best to highlight a few choice topics from the internet underground. In this week’s show, we speak out in favour of the new Instagram logo, welcome the Lord of the .io domain to the UK’s most hipster city, discuss a big man with a new big book, see the sunset on sunrise, and finally get all excited about our new startup!</p>\n\n<ul>\n  <li><a href=\"https://medium.com/search?q=instagram%20logo\">Instagram redesign their logo!</a></li>\n  <li><a href=\"http://metro.co.uk/2016/05/04/bath-is-now-more-hipster-than-dalston-and-heres-the-photographic-proof-5857952\">Bath now more Hipster than Dalston</a></li>\n  <li><a href=\"http://ddcbook.com/\">Pretty Much Everything by Aaron James Draplin</a></li>\n  <li><a href=\"http://blog.sunrise.am/post/144196642739/its-almost-time-to-say-goodbye\">Goodnight Sunrise</a></li>\n  <li><a href=\"http://wistia.com/blog/startpup-contest\">Startpup Contest</a></li>\n</ul>","layout":"default","app-shell":"app","body":"<div class=\"container\">  <div class=\"row\">\r\n    <div class=\"card\">\r\n      <img src=\"https://backtofrontshow.com/img/itunes-3000x3000.png\" alt=\"Lost with Lindberg\" class=\"card-img-top\">\r\n      <div class=\"card-body\">\r\n        <h3 class=\"card-title\">Lost with Lindberg</h3>\r\n      </div>\r\n      <i class=\"fa fa-plus\" aria-hidden=\"true\"></i>\r\n    </div>\r\n  </div>\r\n  <div class=\"row\">\r\n    <audio src=\"https://api.spreaker.com/download/episode/8734727/ep105_mixdown.mp3\" controls=\"controls\"></audio>\r\n  </div>\r\n  <div class=\"row\">\r\n    <p><p>This week we celebrate the internet’s very own <a href=\"https://twitter.com/oliverlindberg\">Oliver Lindberg</a> as we get <a href=\"https://twitter.com/hashtag/lostwithlindberg?src=hash\">#lostwithlindberg</a>. Given our distinct lack of direction for this episode, it seemed only right and proper that our favourite editor of the internet takes this week’s naming rights. If you are ever lost, and if you can find him, maybe you can also get “lost with Lindberg”. Cue the <a href=\"https://www.youtube.com/watch?v=_MVonyVSQoM\">music</a>.</p>\n\n<p>We might not be a crack commando unit but we did our best to highlight a few choice topics from the internet underground. In this week’s show, we speak out in favour of the new Instagram logo, welcome the Lord of the .io domain to the UK’s most hipster city, discuss a big man with a new big book, see the sunset on sunrise, and finally get all excited about our new startup!</p>\n\n<ul>\n <li><a href=\"https://medium.com/search?q=instagram%20logo\">Instagram redesign their logo!</a></li>\n <li><a href=\"http://metro.co.uk/2016/05/04/bath-is-now-more-hipster-than-dalston-and-heres-the-photographic-proof-5857952\">Bath now more Hipster than Dalston</a></li>\n <li><a href=\"http://ddcbook.com/\">Pretty Much Everything by Aaron James Draplin</a></li>\n <li><a href=\"http://blog.sunrise.am/post/144196642739/its-almost-time-to-say-goodbye\">Goodnight Sunrise</a></li>\n <li><a href=\"http://wistia.com/blog/startpup-contest\">Startpup Contest</a></li>\n</ul></p>\r\n  </div>\r\n</div>","author":"Chris Love","facebook-publisher":"https://www.facebook.com/Love2Dev/","twitter":"ChrisLove","google-plus":"https://plus.google.com/b/110904107389779237581/?pageId=110904107389779237581","linkedin":"https://www.linkedin.com/in/Love2Dev/","pinterest":"https://www.pinterest.com/docluv/","youtube":"https://www.youtube.com/channel/UC3mfh2MN-5D-zOyiRLp9H6g","bing-user-key":"7EDAB92AF63E3B35E57195D810D64C57","image":{"url":"https://backtofrontshow.com/img/itunes-3000x3000.png","width":3000,"height":3000},"cache":{},"headers":{"Cache-Control":"public, max-age=30240, s-max-age=1200"},"meta":{"type":"article","og:type":"article","section":"progressive web apps","url":"https://podstr.love2dev.com/","route":"/"},"subtitle":null,"featured-image":"img/pwa-podstr-logo-600x310.png","abstract":"<img align='left' src='img/pwa-podstr-logo-600x310.png' style='margin: 18px 18px 18px 6px; float: left; display: inline' lazyload='1' lazyload='1' />Two years, it&#39;s hard to comprehend how fast the time has flown and how much my life has changed. November 2 marked my two year anniversary with Tellago and I thought I would try to express what these past two years have been like today, Thanksgiving. Back in July 2010, after about 8 months after joining Tellago I wrote about my experiences and thankfulness at the time. ","approved":true,"published":"2016-05-19T22:20:14.000Z","active":true,"tags":[],"publishedDay":20,"publishedMonth":10,"publishedYear":2117,"pubdate":"2016-05-19T22:20:14.000Z","link":"https://api.spreaker.com/download/episode/8734727/ep105_mixdown.mp3","guid":"https://backtofrontshow.com/episode-43/","podcast":{"title":"The Back to Front Show","description":"The Back to Front show was started in 2013 by web industry veterans Keir Whitaker and Kieran Masterton. Over the first 40 episodes they have discussed everything from web design and development to startups and dog related tech. Today the focus has shifted and includes topics including remote working, working in the web industry, productivity, hipster beards and much more. Released irregularly but always produced with passion The Back to Front Show runs for around 40 minutes per episode and comes to you from the beautiful West Country in the UK. Thanks for listening.","image":"https://backtofrontshow.com/img/itunes-3000x3000.png"}}