{"Name":"Meadowbright - Web development for nonprofits","LongName":"Meadowbright - Web development for nonprofits","lowerAppName":"Meadowbright - Web development for nonprofits","slug":"meadowbright-web-development-for-nonprofits","title":"Meadowbright - Web development for nonprofits","description":"Meadowbright","layout":"default","app-shell":"app","body":"<div class=\"container\">  <div class=\"row\">\r\n    <div class=\"card\">\r\n      <img src=\"[object Object]\" alt=\"Meadowbright - Web development for nonprofits\" class=\"card-img-top\">\r\n      <div class=\"card-body\">\r\n        <h3 class=\"card-title\">Meadowbright - Web development for nonprofits</h3>\r\n      </div>\r\n      <i class=\"fa fa-plus\" aria-hidden=\"true\"></i>\r\n    </div>\r\n  </div>\r\n  <div class=\"row\">\r\n    <audio src=\"https://api.spreaker.com/download/episode/8734727/ep105_mixdown.mp3\" controls=\"controls\"></audio>\r\n  </div>\r\n  <div class=\"row\">\r\n    <p>Meadowbright</p>\r\n  </div>\r\n</div>","author":"Chris Love","facebook-publisher":"https://www.facebook.com/Love2Dev/","twitter":"ChrisLove","google-plus":"https://plus.google.com/b/110904107389779237581/?pageId=110904107389779237581","linkedin":"https://www.linkedin.com/in/Love2Dev/","pinterest":"https://www.pinterest.com/docluv/","youtube":"https://www.youtube.com/channel/UC3mfh2MN-5D-zOyiRLp9H6g","bing-user-key":"7EDAB92AF63E3B35E57195D810D64C57","image":{"url":"http://is1.mzstatic.com/image/thumb/Music71/v4/97/d3/65/97d36550-9366-760f-d7c3-98b112af0b28/source/600x600bb.jpg","width":600,"height":600},"cache":{},"headers":{"Cache-Control":"public, max-age=30240, s-max-age=1200"},"meta":{"type":"article","og:type":"article","section":"progressive web apps","url":"https://podstr.love2dev.com/","route":"/"},"subtitle":null,"featured-image":"img/pwa-podstr-logo-600x310.png","abstract":"Meadowbright","approved":true,"published":"2017-08-09T15:30:00.000Z","active":true,"tags":[],"publishedDay":20,"publishedMonth":10,"publishedYear":2117,"pubdate":"2017-08-09T15:30:00.000Z","link":"https://api.spreaker.com/download/episode/8734727/ep105_mixdown.mp3","guid":"c47fbf6911463017dbc81fc2a90e5ebc","podcast":{"title":"Podcast Title","description":"podcast description.","image":"img/pwa-podstr-logo-310x310.png"},"collectionId":1169608073,"feedUrl":"http://feeds.soundcloud.com/users/soundcloud:users:10538406/sounds.rss","artwork":{"30":"http://is1.mzstatic.com/image/thumb/Music71/v4/97/d3/65/97d36550-9366-760f-d7c3-98b112af0b28/source/30x30bb.jpg","60":"http://is1.mzstatic.com/image/thumb/Music71/v4/97/d3/65/97d36550-9366-760f-d7c3-98b112af0b28/source/60x60bb.jpg","100":"http://is1.mzstatic.com/image/thumb/Music71/v4/97/d3/65/97d36550-9366-760f-d7c3-98b112af0b28/source/100x100bb.jpg","600":"http://is1.mzstatic.com/image/thumb/Music71/v4/97/d3/65/97d36550-9366-760f-d7c3-98b112af0b28/source/600x600bb.jpg"},"genres":["Technology","Podcasts"]}