{"Name":"Podstr","LongName":"Podstr","lowerAppName":"Podstr","slug":"mixed-bag","title":"Mixed Bag","description":"<p>Episode #016 sees us discussing the recent Generate Conference in London, Shopify’s amazing Build a Business annual contest, faces for apps, Happy Cog giving us insights into their workflow and a couple of revisits including Editorially and Draft.</p>\n\n<ul>\n  <li><a href=\"http://www.generateconf.com/\">Generate Conf</a></li>\n  <li><a href=\"http://distrify.com/\">Distrify</a></li>\n  <li><a href=\"http://www.shopify.com/build-a-business\">Shopify: Build A Business</a></li>\n  <li><a href=\"http://insideintercom.io/the-dribbblisation-of-design/\">The Dribbblisation of Design</a></li>\n  <li><a href=\"http://facebox.io/\">Facebox.io</a></li>\n  <li><a href=\"http://uifaces.com/\">UI Faces</a></li>\n  <li><a href=\"http://mac.appstorm.net/how-to/internet-howto/turning-mail-app-into-the-best-mac-email-app/\">Pimping mail.app</a></li>\n  <li><a href=\"http://happycog.com/way/\">The Happy Cog Way</a></li>\n  <li><a href=\"http://content.box.com/?elqPURLPage=211\">Box Notes</a></li>\n  <li><a href=\"http://blog.editorially.com/post/60769345200/doors-are-open\">Editorially out of Beta</a></li>\n  <li><a href=\"http://ninjasandrobots.com/draft-announcements-hemingway-mode-wordgoogle-docs-support-kindle-exports-and-more\">Draft’s Hemingway mode</a></li>\n</ul>","layout":"default","app-shell":"app","body":"<div class=\"container\">  <div class=\"row\">\r\n    <div class=\"card\">\r\n      <img src=\"https://backtofrontshow.com/img/itunes-3000x3000.png\" alt=\"Mixed Bag\" class=\"card-img-top\">\r\n      <div class=\"card-body\">\r\n        <h3 class=\"card-title\">Mixed Bag</h3>\r\n      </div>\r\n      <i class=\"fa fa-plus\" aria-hidden=\"true\"></i>\r\n    </div>\r\n  </div>\r\n  <div class=\"row\">\r\n    <audio src=\"https://api.spreaker.com/download/episode/8734727/ep105_mixdown.mp3\" controls=\"controls\"></audio>\r\n  </div>\r\n  <div class=\"row\">\r\n    <p><p>Episode #016 sees us discussing the recent Generate Conference in London, Shopify’s amazing Build a Business annual contest, faces for apps, Happy Cog giving us insights into their workflow and a couple of revisits including Editorially and Draft.</p>\n\n<ul>\n <li><a href=\"http://www.generateconf.com/\">Generate Conf</a></li>\n <li><a href=\"http://distrify.com/\">Distrify</a></li>\n <li><a href=\"http://www.shopify.com/build-a-business\">Shopify: Build A Business</a></li>\n <li><a href=\"http://insideintercom.io/the-dribbblisation-of-design/\">The Dribbblisation of Design</a></li>\n <li><a href=\"http://facebox.io/\">Facebox.io</a></li>\n <li><a href=\"http://uifaces.com/\">UI Faces</a></li>\n <li><a href=\"http://mac.appstorm.net/how-to/internet-howto/turning-mail-app-into-the-best-mac-email-app/\">Pimping mail.app</a></li>\n <li><a href=\"http://happycog.com/way/\">The Happy Cog Way</a></li>\n <li><a href=\"http://content.box.com/?elqPURLPage=211\">Box Notes</a></li>\n <li><a href=\"http://blog.editorially.com/post/60769345200/doors-are-open\">Editorially out of Beta</a></li>\n <li><a href=\"http://ninjasandrobots.com/draft-announcements-hemingway-mode-wordgoogle-docs-support-kindle-exports-and-more\">Draft’s Hemingway mode</a></li>\n</ul></p>\r\n  </div>\r\n</div>","author":"Chris Love","facebook-publisher":"https://www.facebook.com/Love2Dev/","twitter":"ChrisLove","google-plus":"https://plus.google.com/b/110904107389779237581/?pageId=110904107389779237581","linkedin":"https://www.linkedin.com/in/Love2Dev/","pinterest":"https://www.pinterest.com/docluv/","youtube":"https://www.youtube.com/channel/UC3mfh2MN-5D-zOyiRLp9H6g","bing-user-key":"7EDAB92AF63E3B35E57195D810D64C57","image":{"url":"https://backtofrontshow.com/img/itunes-3000x3000.png","width":3000,"height":3000},"cache":{},"headers":{"Cache-Control":"public, max-age=30240, s-max-age=1200"},"meta":{"type":"article","og:type":"article","section":"progressive web apps","url":"https://podstr.love2dev.com/","route":"/"},"subtitle":null,"featured-image":"img/pwa-podstr-logo-600x310.png","abstract":"<img align='left' src='img/pwa-podstr-logo-600x310.png' style='margin: 18px 18px 18px 6px; float: left; display: inline' lazyload='1' lazyload='1' />Two years, it&#39;s hard to comprehend how fast the time has flown and how much my life has changed. November 2 marked my two year anniversary with Tellago and I thought I would try to express what these past two years have been like today, Thanksgiving. Back in July 2010, after about 8 months after joining Tellago I wrote about my experiences and thankfulness at the time. ","approved":true,"published":"2013-09-25T02:00:00.000Z","active":true,"tags":[],"publishedDay":20,"publishedMonth":10,"publishedYear":2117,"pubdate":"2013-09-25T02:00:00.000Z","link":"https://api.spreaker.com/download/episode/8734727/ep105_mixdown.mp3","guid":"https://backtofrontshow.com/episode-16/","podcast":{"title":"The Back to Front Show","description":"The Back to Front show was started in 2013 by web industry veterans Keir Whitaker and Kieran Masterton. Over the first 40 episodes they have discussed everything from web design and development to startups and dog related tech. Today the focus has shifted and includes topics including remote working, working in the web industry, productivity, hipster beards and much more. Released irregularly but always produced with passion The Back to Front Show runs for around 40 minutes per episode and comes to you from the beautiful West Country in the UK. Thanks for listening.","image":"https://backtofrontshow.com/img/itunes-3000x3000.png"}}