{"Name":"Podstr","LongName":"Podstr","lowerAppName":"Podstr","slug":"new-flickr-new-digg","title":"New Flickr, New Digg!","description":"<p>We are back behind the Yeti’s to discuss Keir’s trip to Beyond Tellerrand, the new Flickr subscription model, Digg Reader, Prism and our recent Mac email client woes. We round out the show with quite possibly the best use of technology we have come across – intrigued? You should be!</p>\n\n<ul>\n  <li><a href=\"http://beyondtellerrand.com/\">Beyond Tellerrand</a></li>\n  <li><a href=\"http://marcthiele.com/\">Marc Thiele</a></li>\n  <li><a href=\"http://reasons.to/\">Jonny Belmont (Reasons to be Creative)</a></li>\n  <li><a href=\"https://vimeo.com/67897293\">Josh Brewer at Beyond Tellerrand</a></li>\n  <li><a href=\"http://www.jamesvictore.com/\">James Victore</a></li>\n  <li><a href=\"http://learnthesecrethandshake.com/\">The Secret Handshake</a></li>\n  <li><a href=\"http://flickr.com/\">Flickr</a></li>\n  <li><a href=\"https://medium.com/prism-truth/82a1791c94d3\">Mark Jaquith on Prism</a></li>\n  <li><a href=\"http://blog.digg.com/post/53203926175/digg-reader-update\">Digg Reader announcement</a></li>\n  <li><a href=\"http://sparrowmailapp.com/\">Sparrow</a></li>\n  <li><a href=\"http://www.postbox-inc.com/\">Postbox</a></li>\n  <li><a href=\"http://airmailapp.info/\">Airmail</a></li>\n  <li><a href=\"http://www.whistle.com/\">Whistle</a></li>\n</ul>","layout":"default","app-shell":"app","body":"<div class=\"container\">  <div class=\"row\">\r\n    <div class=\"card\">\r\n      <img src=\"https://backtofrontshow.com/img/itunes-3000x3000.png\" alt=\"New Flickr, New Digg!\" class=\"card-img-top\">\r\n      <div class=\"card-body\">\r\n        <h3 class=\"card-title\">New Flickr, New Digg!</h3>\r\n      </div>\r\n      <i class=\"fa fa-plus\" aria-hidden=\"true\"></i>\r\n    </div>\r\n  </div>\r\n  <div class=\"row\">\r\n    <audio src=\"https://api.spreaker.com/download/episode/8734727/ep105_mixdown.mp3\" controls=\"controls\"></audio>\r\n  </div>\r\n  <div class=\"row\">\r\n    <p><p>We are back behind the Yeti’s to discuss Keir’s trip to Beyond Tellerrand, the new Flickr subscription model, Digg Reader, Prism and our recent Mac email client woes. We round out the show with quite possibly the best use of technology we have come across – intrigued? You should be!</p>\n\n<ul>\n <li><a href=\"http://beyondtellerrand.com/\">Beyond Tellerrand</a></li>\n <li><a href=\"http://marcthiele.com/\">Marc Thiele</a></li>\n <li><a href=\"http://reasons.to/\">Jonny Belmont (Reasons to be Creative)</a></li>\n <li><a href=\"https://vimeo.com/67897293\">Josh Brewer at Beyond Tellerrand</a></li>\n <li><a href=\"http://www.jamesvictore.com/\">James Victore</a></li>\n <li><a href=\"http://learnthesecrethandshake.com/\">The Secret Handshake</a></li>\n <li><a href=\"http://flickr.com/\">Flickr</a></li>\n <li><a href=\"https://medium.com/prism-truth/82a1791c94d3\">Mark Jaquith on Prism</a></li>\n <li><a href=\"http://blog.digg.com/post/53203926175/digg-reader-update\">Digg Reader announcement</a></li>\n <li><a href=\"http://sparrowmailapp.com/\">Sparrow</a></li>\n <li><a href=\"http://www.postbox-inc.com/\">Postbox</a></li>\n <li><a href=\"http://airmailapp.info/\">Airmail</a></li>\n <li><a href=\"http://www.whistle.com/\">Whistle</a></li>\n</ul></p>\r\n  </div>\r\n</div>","author":"Chris Love","facebook-publisher":"https://www.facebook.com/Love2Dev/","twitter":"ChrisLove","google-plus":"https://plus.google.com/b/110904107389779237581/?pageId=110904107389779237581","linkedin":"https://www.linkedin.com/in/Love2Dev/","pinterest":"https://www.pinterest.com/docluv/","youtube":"https://www.youtube.com/channel/UC3mfh2MN-5D-zOyiRLp9H6g","bing-user-key":"7EDAB92AF63E3B35E57195D810D64C57","image":{"url":"https://backtofrontshow.com/img/itunes-3000x3000.png","width":3000,"height":3000},"cache":{},"headers":{"Cache-Control":"public, max-age=30240, s-max-age=1200"},"meta":{"type":"article","og:type":"article","section":"progressive web apps","url":"https://podstr.love2dev.com/","route":"/"},"subtitle":null,"featured-image":"img/pwa-podstr-logo-600x310.png","abstract":"<img align='left' src='img/pwa-podstr-logo-600x310.png' style='margin: 18px 18px 18px 6px; float: left; display: inline' lazyload='1' lazyload='1' />Two years, it&#39;s hard to comprehend how fast the time has flown and how much my life has changed. November 2 marked my two year anniversary with Tellago and I thought I would try to express what these past two years have been like today, Thanksgiving. Back in July 2010, after about 8 months after joining Tellago I wrote about my experiences and thankfulness at the time. ","approved":true,"published":"2013-06-22T05:00:00.000Z","active":true,"tags":[],"publishedDay":20,"publishedMonth":10,"publishedYear":2117,"pubdate":"2013-06-22T05:00:00.000Z","link":"https://api.spreaker.com/download/episode/8734727/ep105_mixdown.mp3","guid":"https://backtofrontshow.com/episode-9/","podcast":{"title":"The Back to Front Show","description":"The Back to Front show was started in 2013 by web industry veterans Keir Whitaker and Kieran Masterton. Over the first 40 episodes they have discussed everything from web design and development to startups and dog related tech. Today the focus has shifted and includes topics including remote working, working in the web industry, productivity, hipster beards and much more. Released irregularly but always produced with passion The Back to Front Show runs for around 40 minutes per episode and comes to you from the beautiful West Country in the UK. Thanks for listening.","image":"https://backtofrontshow.com/img/itunes-3000x3000.png"}}