{"Name":"Podstr","LongName":"Podstr","lowerAppName":"Podstr","slug":"online-collaboration","title":"Online Collaboration","description":"<p>But for pesky technical gremlins, this would certainly be our best episode yet. Apologies in advance for the background noise. Pre-recording testing was good, however it appears that an intermittent issue with a USB connector has caused us a few problems that can’t be edited out. Now we know we’ll do better next time.</p>\n\n<p>Moving on this week’s show focuses on online document collaboration, discusses GMail’s 9th birthday, a new JS gem from Dave Rupert and much more.</p>\n\n<ul>\n  <li><a href=\"http://mkgeeknight.co.uk/\">MK Geek Night</a></li>\n  <li><a href=\"http://destroytoday.com/blog/lessons-learned-in-a-year-on-my-own/\">Lessons learned in a year on my own</a></li>\n  <li><a href=\"http://gmailblog.blogspot.co.uk/2013/04/gmail-9-years-and-counting.html\">Gmail is 9</a></li>\n  <li><a href=\"http://davatron5000.github.io/TimeJump/\">timeJump.js</a></li>\n  <li><a href=\"http://www.wired.co.uk/\">Wired UK</a></li>\n  <li><a href=\"https://editorially.com/\">Editorially</a></li>\n  <li><a href=\"https://draftin.com/\">Draft</a></li>\n  <li><a href=\"http://editflow.org/\">Edit Flow</a></li>\n  <li><a href=\"http://giphy.com/\">Giphy</a></li>\n</ul>","layout":"default","app-shell":"app","body":"<div class=\"container\">  <div class=\"row\">\r\n    <div class=\"card\">\r\n      <img src=\"https://backtofrontshow.com/img/itunes-3000x3000.png\" alt=\"Online Collaboration\" class=\"card-img-top\">\r\n      <div class=\"card-body\">\r\n        <h3 class=\"card-title\">Online Collaboration</h3>\r\n      </div>\r\n      <i class=\"fa fa-plus\" aria-hidden=\"true\"></i>\r\n    </div>\r\n  </div>\r\n  <div class=\"row\">\r\n    <audio src=\"https://api.spreaker.com/download/episode/8734727/ep105_mixdown.mp3\" controls=\"controls\"></audio>\r\n  </div>\r\n  <div class=\"row\">\r\n    <p><p>But for pesky technical gremlins, this would certainly be our best episode yet. Apologies in advance for the background noise. Pre-recording testing was good, however it appears that an intermittent issue with a USB connector has caused us a few problems that can’t be edited out. Now we know we’ll do better next time.</p>\n\n<p>Moving on this week’s show focuses on online document collaboration, discusses GMail’s 9th birthday, a new JS gem from Dave Rupert and much more.</p>\n\n<ul>\n <li><a href=\"http://mkgeeknight.co.uk/\">MK Geek Night</a></li>\n <li><a href=\"http://destroytoday.com/blog/lessons-learned-in-a-year-on-my-own/\">Lessons learned in a year on my own</a></li>\n <li><a href=\"http://gmailblog.blogspot.co.uk/2013/04/gmail-9-years-and-counting.html\">Gmail is 9</a></li>\n <li><a href=\"http://davatron5000.github.io/TimeJump/\">timeJump.js</a></li>\n <li><a href=\"http://www.wired.co.uk/\">Wired UK</a></li>\n <li><a href=\"https://editorially.com/\">Editorially</a></li>\n <li><a href=\"https://draftin.com/\">Draft</a></li>\n <li><a href=\"http://editflow.org/\">Edit Flow</a></li>\n <li><a href=\"http://giphy.com/\">Giphy</a></li>\n</ul></p>\r\n  </div>\r\n</div>","author":"Chris Love","facebook-publisher":"https://www.facebook.com/Love2Dev/","twitter":"ChrisLove","google-plus":"https://plus.google.com/b/110904107389779237581/?pageId=110904107389779237581","linkedin":"https://www.linkedin.com/in/Love2Dev/","pinterest":"https://www.pinterest.com/docluv/","youtube":"https://www.youtube.com/channel/UC3mfh2MN-5D-zOyiRLp9H6g","bing-user-key":"7EDAB92AF63E3B35E57195D810D64C57","image":{"url":"https://backtofrontshow.com/img/itunes-3000x3000.png","width":3000,"height":3000},"cache":{},"headers":{"Cache-Control":"public, max-age=30240, s-max-age=1200"},"meta":{"type":"article","og:type":"article","section":"progressive web apps","url":"https://podstr.love2dev.com/","route":"/"},"subtitle":null,"featured-image":"img/pwa-podstr-logo-600x310.png","abstract":"<img align='left' src='img/pwa-podstr-logo-600x310.png' style='margin: 18px 18px 18px 6px; float: left; display: inline' lazyload='1' lazyload='1' />Two years, it&#39;s hard to comprehend how fast the time has flown and how much my life has changed. November 2 marked my two year anniversary with Tellago and I thought I would try to express what these past two years have been like today, Thanksgiving. Back in July 2010, after about 8 months after joining Tellago I wrote about my experiences and thankfulness at the time. ","approved":true,"published":"2013-04-14T03:00:00.000Z","active":true,"tags":[],"publishedDay":20,"publishedMonth":10,"publishedYear":2117,"pubdate":"2013-04-14T03:00:00.000Z","link":"https://api.spreaker.com/download/episode/8734727/ep105_mixdown.mp3","guid":"https://backtofrontshow.com/episode-7/","podcast":{"title":"The Back to Front Show","description":"The Back to Front show was started in 2013 by web industry veterans Keir Whitaker and Kieran Masterton. Over the first 40 episodes they have discussed everything from web design and development to startups and dog related tech. Today the focus has shifted and includes topics including remote working, working in the web industry, productivity, hipster beards and much more. Released irregularly but always produced with passion The Back to Front Show runs for around 40 minutes per episode and comes to you from the beautiful West Country in the UK. Thanks for listening.","image":"https://backtofrontshow.com/img/itunes-3000x3000.png"}}