{"Name":"Podstr","LongName":"Podstr","lowerAppName":"Podstr","slug":"our-stacks-explained-","title":"Our Stacks Explained 🖥️ 💪","description":"<p>Scott and Wes detail their current stacks that run their training platforms. From front end code linting to the server side and databases.</p> Sponsor <p><a href= \"http://courses.codemore.io/p/serverless-framework-node/\" target= \"_blank\" rel=\"noopener\">Intro to The Serverless Framework</a> by Loren Stewart. The first 20 people to use the code SYNTAX_FREE will get the course for free! After that make sure to use the code SYNTAX for an extra $10 off.</p> Show Notes <ul> <li><a href=\"https://www.youtube.com/watch?v=4CS436KZ35A\" target= \"_blank\" rel=\"noopener\">Wes' Stack Youtube Video</a></li> <li><a href=\"https://www.meteor.com/\" target=\"_blank\" rel= \"noopener\">Meteor</a></li> <li><a href=\"https://nodejs.org/en/\" target=\"_blank\" rel= \"noopener\">Node.js</a></li> <li><a href=\"https://leveluptutorials.com/\" target=\"_blank\" rel= \"noopener\">Level Up Tutorials</a> is fast!</li> <li><a href=\"https://expressjs.com/\" target=\"_blank\" rel= \"noopener\">Express</a></li> <li><a href=\"https://learnnode.com/\" target=\"_blank\" rel= \"noopener\">Learn Node</a></li> <li><a href=\"http://passportjs.org/\" target=\"_blank\" rel= \"noopener\">Passport JS</a></li> <li><a href=\"https://www.mongodb.com/\" target=\"_blank\" rel= \"noopener\">MongoDB</a></li> <li><a href=\"http://mongoosejs.com/\" target=\"_blank\" rel= \"noopener\">Mongoose</a></li> <li><a href=\"https://mlab.com/\" target=\"_blank\" rel=\"noopener\">mLab Hosting</a></li> <li><a href=\"https://github.com/jeromelebel/MongoHub-Mac\" target= \"_blank\" rel=\"noopener\">Mongohub</a></li> <li><a href=\"https://www.mongodb.com/products/compass\" target= \"_blank\" rel=\"noopener\">MongoDB Compass</a></li> <li><a href=\"https://studio3t.com/\" target=\"_blank\" rel= \"noopener\">Studio 3T</a></li> <li><a href=\"https://github.com/mWater/minimongo\" target=\"_blank\" rel=\"noopener\">MiniMongo</a></li> <li><a href=\"https://reactjs.org/\" target=\"_blank\" rel= \"noopener\">React</a></li> <li><a href=\"https://www.styled-components.com/\" target=\"_blank\" rel=\"noopener\">Styled Components</a></li> <li><a href=\"http://stylus-lang.com/\" target=\"_blank\" rel= \"noopener\">Stylus Lang</a></li> <li><a href=\"https://docs.meteor.com/api/session.html\" target= \"_blank\" rel=\"noopener\">Metor Sessions</a></li> <li><a href=\"https://prerender.io/\" target=\"_blank\" rel= \"noopener\">Prerender.io</a></li> <li><a href=\"https://github.com/apollographql/react-apollo\" target= \"_blank\" rel=\"noopener\">React Apollo</a></li> <li><a href=\"https://github.com/zendesk/cross-storage\" target= \"_blank\" rel=\"noopener\">Cross Storage</a></li> <li><a href=\"https://github.com/FormidableLabs/victory-chart\" target=\"_blank\" rel=\"noopener\">Victory Charts</a></li> <li><a href= \"https://cloudinary.com/invites/lpov9zyyucivvxsnalc5/qceqbjqg3a3fe5gwozcd\" target=\"_blank\" rel=\"noopener\">Cloudinary</a></li> <li><a href=\"https://github.com/GabrielGil/TimThumb\" target= \"_blank\" rel=\"noopener\">Tim Thumb</a></li> <li><a href=\"https://aws.amazon.com/s3/\" target=\"_blank\" rel= \"noopener\">Amazon S3</a></li> <li><a href= \"http://docs.aws.amazon.com/AmazonCloudFront/latest/DeveloperGuide/Introduction.html\" target=\"_blank\" rel=\"noopener\">Amazon Cloudfront</a></li> <li><a href=\"https://secure.backblaze.com/r/008x60\" target=\"_blank\" rel=\"noopener\">Backblaze</a></li> <li><a href=\"https://vimeo.com/professionals\" target=\"_blank\" rel= \"noopener\">Vimeo Pro</a></li> <li><a href=\"https://facebook.github.io/jest/\" target=\"_blank\" rel= \"noopener\">Jest</a></li> <li><a href=\"https://mochajs.org/\" target=\"_blank\" rel= \"noopener\">Mocha</a></li> <li><a href=\"http://fixer.io/\" target=\"_blank\" rel= \"noopener\">Fixer.io Curreny Conversion API</a></li> <li><a href=\"https://www.braintreepayments.com/\" target=\"_blank\" rel=\"noopener\">Brain Tree</a></li> <li><a href=\"https://stripe.com/\" target=\"_blank\" rel= \"noopener\">Stripe</a></li> <li><a href=\"https://www.mandrill.com/\" target=\"_blank\" rel= \"noopener\">Mandrill</a></li> <li><a href=\"https://getdrip.com/\" target=\"_blank\" rel= \"noopener\">Drip</a></li> <li><a href=\"https://aws.amazon.com/ses/\" target=\"_blank\" rel= \"noopener\">Amazon SES</a></li> <li><a href=\"https://postmarkapp.com/\" target=\"_blank\" rel= \"noopener\">PostMark App</a> (THE BEST)</li> <li><a href=\"https://www.npmjs.com/package/inky\" target=\"_blank\" rel=\"noopener\">Zurb Inky</a></li> <li><a href=\"https://www.npmjs.com/package/juice\" target=\"_blank\" rel=\"noopener\">Juice CSS Inliner</a></li> <li><a href=\"https://www.meteor.com/hosting\" target=\"_blank\" rel= \"noopener\">Meteor Hosting</a></li> <li><a href=\"https://www.meteor.com/hosting\" target=\"_blank\" rel= \"noopener\">Meteor Hosting</a></li> <li><a href=\"https://m.do.co/c/0c736d39efbc\" target=\"_blank\" rel= \"noopener\">Digital Ocean</a></li> <li><a href=\"https://zeit.co/now\" target=\"_blank\" rel= \"noopener\">Zeit Now</a></li> <li><a href=\"https://www.heroku.com/\" target=\"_blank\" rel= \"noopener\">Heroku</a></li> <li><a href= \"https://github.com/bluehost/endurance-page-cache/issues/16\" target=\"_blank\" rel=\"noopener\">Bluehost Sucks</a></li> <li><a href=\"https://letsencrypt.org/\" target=\"_blank\" rel= \"noopener\">Let's Encrypt</a></li> <li><a href=\"https://www.cloudflare.com/\" target=\"_blank\" rel= \"noopener\">Cloudflare</a> OOPS I SAID CLOUDFRONT</li> </ul> Sick Picks <ul> <li>Scott: <a href=\"http://amzn.to/2xWd2Xv\" target=\"_blank\" rel=\"noopener\">Focusrite Scarlett 2i2</a></li> <li>Wes: <a href= \"http://www.betterbidding.com/index.php?app=hotel_lists#ffmenuWB\" target=\"_blank\" rel=\"noopener\">Better Bidding</a></li> </ul> Tweet us your tips! <ul> <li><a href=\"https://twitter.com/wesbos\" target=\"_blank\" rel= \"noopener\">Wes Bos</a></li> <li><a href=\"https://twitter.com/stolinski\" target=\"_blank\" rel= \"noopener\">Scott Tolinski</a></li> <li>Make sure to include <a href= \"https://twitter.com/SyntaxFM\" target=\"_blank\" rel= \"noopener\">@SyntaxFM</a></li> </ul> Shameless Plugs <ul> <li><a href=\"https://www.leveluptutorials.com/\" target=\"_blank\" rel=\"noopener\">Level Up Tuts</a> - check out scott's new shopping cart!</li> <li><a href=\"https://es6.io/\" target=\"_blank\" rel=\"noopener\">Wes just updated his ES6 course!</a></li> </ul>","layout":"default","app-shell":"app","body":"<div class=\"container\">  <div class=\"row\">\r\n    <div class=\"card\">\r\n      <img src=\"http://static.libsyn.com/p/assets/7/9/0/7/790703531a3c8eca/iTunes_Artwork.png\" alt=\"Our Stacks Explained 🖥️ 💪\" class=\"card-img-top\">\r\n      <div class=\"card-body\">\r\n        <h3 class=\"card-title\">Our Stacks Explained 🖥️ 💪</h3>\r\n      </div>\r\n      <i class=\"fa fa-plus\" aria-hidden=\"true\"></i>\r\n    </div>\r\n  </div>\r\n  <div class=\"row\">\r\n    <audio src=\"https://api.spreaker.com/download/episode/8734727/ep105_mixdown.mp3\" controls=\"controls\"></audio>\r\n  </div>\r\n  <div class=\"row\">\r\n    <p><p>Scott and Wes detail their current stacks that run their training platforms. From front end code linting to the server side and databases.</p> Sponsor <p><a href= \"http://courses.codemore.io/p/serverless-framework-node/\" target= \"_blank\" rel=\"noopener\">Intro to The Serverless Framework</a> by Loren Stewart. The first 20 people to use the code SYNTAX_FREE will get the course for free! After that make sure to use the code SYNTAX for an extra $10 off.</p> Show Notes <ul> <li><a href=\"https://www.youtube.com/watch?v=4CS436KZ35A\" target= \"_blank\" rel=\"noopener\">Wes' Stack Youtube Video</a></li> <li><a href=\"https://www.meteor.com/\" target=\"_blank\" rel= \"noopener\">Meteor</a></li> <li><a href=\"https://nodejs.org/en/\" target=\"_blank\" rel= \"noopener\">Node.js</a></li> <li><a href=\"https://leveluptutorials.com/\" target=\"_blank\" rel= \"noopener\">Level Up Tutorials</a> is fast!</li> <li><a href=\"https://expressjs.com/\" target=\"_blank\" rel= \"noopener\">Express</a></li> <li><a href=\"https://learnnode.com/\" target=\"_blank\" rel= \"noopener\">Learn Node</a></li> <li><a href=\"http://passportjs.org/\" target=\"_blank\" rel= \"noopener\">Passport JS</a></li> <li><a href=\"https://www.mongodb.com/\" target=\"_blank\" rel= \"noopener\">MongoDB</a></li> <li><a href=\"http://mongoosejs.com/\" target=\"_blank\" rel= \"noopener\">Mongoose</a></li> <li><a href=\"https://mlab.com/\" target=\"_blank\" rel=\"noopener\">mLab Hosting</a></li> <li><a href=\"https://github.com/jeromelebel/MongoHub-Mac\" target= \"_blank\" rel=\"noopener\">Mongohub</a></li> <li><a href=\"https://www.mongodb.com/products/compass\" target= \"_blank\" rel=\"noopener\">MongoDB Compass</a></li> <li><a href=\"https://studio3t.com/\" target=\"_blank\" rel= \"noopener\">Studio 3T</a></li> <li><a href=\"https://github.com/mWater/minimongo\" target=\"_blank\" rel=\"noopener\">MiniMongo</a></li> <li><a href=\"https://reactjs.org/\" target=\"_blank\" rel= \"noopener\">React</a></li> <li><a href=\"https://www.styled-components.com/\" target=\"_blank\" rel=\"noopener\">Styled Components</a></li> <li><a href=\"http://stylus-lang.com/\" target=\"_blank\" rel= \"noopener\">Stylus Lang</a></li> <li><a href=\"https://docs.meteor.com/api/session.html\" target= \"_blank\" rel=\"noopener\">Metor Sessions</a></li> <li><a href=\"https://prerender.io/\" target=\"_blank\" rel= \"noopener\">Prerender.io</a></li> <li><a href=\"https://github.com/apollographql/react-apollo\" target= \"_blank\" rel=\"noopener\">React Apollo</a></li> <li><a href=\"https://github.com/zendesk/cross-storage\" target= \"_blank\" rel=\"noopener\">Cross Storage</a></li> <li><a href=\"https://github.com/FormidableLabs/victory-chart\" target=\"_blank\" rel=\"noopener\">Victory Charts</a></li> <li><a href= \"https://cloudinary.com/invites/lpov9zyyucivvxsnalc5/qceqbjqg3a3fe5gwozcd\" target=\"_blank\" rel=\"noopener\">Cloudinary</a></li> <li><a href=\"https://github.com/GabrielGil/TimThumb\" target= \"_blank\" rel=\"noopener\">Tim Thumb</a></li> <li><a href=\"https://aws.amazon.com/s3/\" target=\"_blank\" rel= \"noopener\">Amazon S3</a></li> <li><a href= \"http://docs.aws.amazon.com/AmazonCloudFront/latest/DeveloperGuide/Introduction.html\" target=\"_blank\" rel=\"noopener\">Amazon Cloudfront</a></li> <li><a href=\"https://secure.backblaze.com/r/008x60\" target=\"_blank\" rel=\"noopener\">Backblaze</a></li> <li><a href=\"https://vimeo.com/professionals\" target=\"_blank\" rel= \"noopener\">Vimeo Pro</a></li> <li><a href=\"https://facebook.github.io/jest/\" target=\"_blank\" rel= \"noopener\">Jest</a></li> <li><a href=\"https://mochajs.org/\" target=\"_blank\" rel= \"noopener\">Mocha</a></li> <li><a href=\"http://fixer.io/\" target=\"_blank\" rel= \"noopener\">Fixer.io Curreny Conversion API</a></li> <li><a href=\"https://www.braintreepayments.com/\" target=\"_blank\" rel=\"noopener\">Brain Tree</a></li> <li><a href=\"https://stripe.com/\" target=\"_blank\" rel= \"noopener\">Stripe</a></li> <li><a href=\"https://www.mandrill.com/\" target=\"_blank\" rel= \"noopener\">Mandrill</a></li> <li><a href=\"https://getdrip.com/\" target=\"_blank\" rel= \"noopener\">Drip</a></li> <li><a href=\"https://aws.amazon.com/ses/\" target=\"_blank\" rel= \"noopener\">Amazon SES</a></li> <li><a href=\"https://postmarkapp.com/\" target=\"_blank\" rel= \"noopener\">PostMark App</a> (THE BEST)</li> <li><a href=\"https://www.npmjs.com/package/inky\" target=\"_blank\" rel=\"noopener\">Zurb Inky</a></li> <li><a href=\"https://www.npmjs.com/package/juice\" target=\"_blank\" rel=\"noopener\">Juice CSS Inliner</a></li> <li><a href=\"https://www.meteor.com/hosting\" target=\"_blank\" rel= \"noopener\">Meteor Hosting</a></li> <li><a href=\"https://www.meteor.com/hosting\" target=\"_blank\" rel= \"noopener\">Meteor Hosting</a></li> <li><a href=\"https://m.do.co/c/0c736d39efbc\" target=\"_blank\" rel= \"noopener\">Digital Ocean</a></li> <li><a href=\"https://zeit.co/now\" target=\"_blank\" rel= \"noopener\">Zeit Now</a></li> <li><a href=\"https://www.heroku.com/\" target=\"_blank\" rel= \"noopener\">Heroku</a></li> <li><a href= \"https://github.com/bluehost/endurance-page-cache/issues/16\" target=\"_blank\" rel=\"noopener\">Bluehost Sucks</a></li> <li><a href=\"https://letsencrypt.org/\" target=\"_blank\" rel= \"noopener\">Let's Encrypt</a></li> <li><a href=\"https://www.cloudflare.com/\" target=\"_blank\" rel= \"noopener\">Cloudflare</a> OOPS I SAID CLOUDFRONT</li> </ul> Sick Picks <ul> <li>Scott: <a href=\"http://amzn.to/2xWd2Xv\" target=\"_blank\" rel=\"noopener\">Focusrite Scarlett 2i2</a></li> <li>Wes: <a href= \"http://www.betterbidding.com/index.php?app=hotel_lists#ffmenuWB\" target=\"_blank\" rel=\"noopener\">Better Bidding</a></li> </ul> Tweet us your tips! <ul> <li><a href=\"https://twitter.com/wesbos\" target=\"_blank\" rel= \"noopener\">Wes Bos</a></li> <li><a href=\"https://twitter.com/stolinski\" target=\"_blank\" rel= \"noopener\">Scott Tolinski</a></li> <li>Make sure to include <a href= \"https://twitter.com/SyntaxFM\" target=\"_blank\" rel= \"noopener\">@SyntaxFM</a></li> </ul> Shameless Plugs <ul> <li><a href=\"https://www.leveluptutorials.com/\" target=\"_blank\" rel=\"noopener\">Level Up Tuts</a> - check out scott's new shopping cart!</li> <li><a href=\"https://es6.io/\" target=\"_blank\" rel=\"noopener\">Wes just updated his ES6 course!</a></li> </ul></p>\r\n  </div>\r\n</div>","author":"Chris Love","facebook-publisher":"https://www.facebook.com/Love2Dev/","twitter":"ChrisLove","google-plus":"https://plus.google.com/b/110904107389779237581/?pageId=110904107389779237581","linkedin":"https://www.linkedin.com/in/Love2Dev/","pinterest":"https://www.pinterest.com/docluv/","youtube":"https://www.youtube.com/channel/UC3mfh2MN-5D-zOyiRLp9H6g","bing-user-key":"7EDAB92AF63E3B35E57195D810D64C57","image":{"url":"http://static.libsyn.com/p/assets/7/9/0/7/790703531a3c8eca/iTunes_Artwork.png","width":1800,"height":1800},"cache":{},"headers":{"Cache-Control":"public, max-age=30240, s-max-age=1200"},"meta":{"type":"article","og:type":"article","section":"progressive web apps","url":"https://podstr.love2dev.com/","route":"/"},"subtitle":null,"featured-image":"img/pwa-podstr-logo-600x310.png","abstract":"<img align='left' src='img/pwa-podstr-logo-600x310.png' style='margin: 18px 18px 18px 6px; float: left; display: inline' lazyload='1' lazyload='1' />Two years, it&#39;s hard to comprehend how fast the time has flown and how much my life has changed. November 2 marked my two year anniversary with Tellago and I thought I would try to express what these past two years have been like today, Thanksgiving. Back in July 2010, after about 8 months after joining Tellago I wrote about my experiences and thankfulness at the time. ","approved":true,"published":"2017-10-04T13:00:00.000Z","active":true,"tags":[],"publishedDay":20,"publishedMonth":10,"publishedYear":2117,"pubdate":"2017-10-04T13:00:00.000Z","link":"https://api.spreaker.com/download/episode/8734727/ep105_mixdown.mp3","guid":"ef614ef3b274b0a6e51a0353adabe128","podcast":{"title":"Syntax - Tasty Web Development Treats","description":"Wes Bos and Scott Tolinski are two full stack web developers who like to break down complex topics and make them easy to understand.","image":"http://static.libsyn.com/p/assets/7/9/0/7/790703531a3c8eca/iTunes_Artwork.png"}}