{"Name":"Podstr","LongName":"Podstr","lowerAppName":"Podstr","slug":"react-tools-001","title":"React Tools - 001","description":"Show Notes <ul> <li><a href=\"https://wesbos.com/\">Wes Bos' Site</a></li> <li><a href=\"https://leveluptutorials.com/\">Level Up Tutorials site</a></li> <li><a href=\"https://www.youtube.com/user/LevelUpTuts\">Level Up Tutorials YouTube channel</a></li> <li><a href=\"https://leveluptutorials.com/\">Scott Tolinski personal site</a></li> <li><a href=\"https://www.cloudflare.com/\">Cloudflare</a></li> <li><a href=\"https://learnnextjs.com/\">Next.js</a></li> <li><a href=\"https://github.com/now-examples/next-news\">Hacker News Example in Next.js</a></li> <li><a href=\"http://graphql.org/learn/\">GraphQL</a></li> <li><a href=\"https://www.graph.cool/\">Graphcool</a></li> <li><a href= \"https://github.com/facebookincubator/create-react-app\">create-react-app</a></li> <li><a href=\"https://github.com/facebook/react-devtools\">React dev-tools</a></li> <li><a href=\"https://github.com/gaearon/redux-devtools\">Redux dev-tools</a></li> <li><a href=\"https://preactjs.com/\">Preact.js</a></li> <li><a href=\"https://github.com/storybooks/storybook\">React Storybook</a></li> <li><a href=\"https://www.meteor.com/\">Meteor</a></li> <li><a href=\"http://blazejs.org/\">Blaze</a></li> </ul> <a id=\"user-content-sick-picks\" class=\"anchor\" href= \"https://github.com/wesbos/Syntax/blob/master/shows/001%20-%20React%20Tools.md#sick-picks\" name=\"user-content-sick-picks\"></a>Sick Picks <ul> <li>Wes: <a href=\"https://parcelapp.net/\">Parcel App</a></li> <li>Scott: <a href=\"https://fishshell.com/\">Fish shell</a></li> </ul> <a id=\"user-content-shameless-plugs\" class=\"anchor\" href= \"https://github.com/wesbos/Syntax/blob/master/shows/001%20-%20React%20Tools.md#shameless-plugs\" name=\"user-content-shameless-plugs\"></a>Shameless Plugs <ul> <li><a href=\"http://wesbos.com/learn-node/\">Learn Node</a></li> <li><a href= \"https://store.leveluptutorials.com/products/tutorials/lut-dd014\">React Native for everyone</a></li> </ul>","layout":"default","app-shell":"app","body":"<div class=\"container\">  <div class=\"row\">\r\n    <div class=\"card\">\r\n      <img src=\"http://static.libsyn.com/p/assets/7/9/0/7/790703531a3c8eca/iTunes_Artwork.png\" alt=\"React Tools - 001\" class=\"card-img-top\">\r\n      <div class=\"card-body\">\r\n        <h3 class=\"card-title\">React Tools - 001</h3>\r\n      </div>\r\n      <i class=\"fa fa-plus\" aria-hidden=\"true\"></i>\r\n    </div>\r\n  </div>\r\n  <div class=\"row\">\r\n    <audio src=\"https://api.spreaker.com/download/episode/8734727/ep105_mixdown.mp3\" controls=\"controls\"></audio>\r\n  </div>\r\n  <div class=\"row\">\r\n    <p>Show Notes <ul> <li><a href=\"https://wesbos.com/\">Wes Bos' Site</a></li> <li><a href=\"https://leveluptutorials.com/\">Level Up Tutorials site</a></li> <li><a href=\"https://www.youtube.com/user/LevelUpTuts\">Level Up Tutorials YouTube channel</a></li> <li><a href=\"https://leveluptutorials.com/\">Scott Tolinski personal site</a></li> <li><a href=\"https://www.cloudflare.com/\">Cloudflare</a></li> <li><a href=\"https://learnnextjs.com/\">Next.js</a></li> <li><a href=\"https://github.com/now-examples/next-news\">Hacker News Example in Next.js</a></li> <li><a href=\"http://graphql.org/learn/\">GraphQL</a></li> <li><a href=\"https://www.graph.cool/\">Graphcool</a></li> <li><a href= \"https://github.com/facebookincubator/create-react-app\">create-react-app</a></li> <li><a href=\"https://github.com/facebook/react-devtools\">React dev-tools</a></li> <li><a href=\"https://github.com/gaearon/redux-devtools\">Redux dev-tools</a></li> <li><a href=\"https://preactjs.com/\">Preact.js</a></li> <li><a href=\"https://github.com/storybooks/storybook\">React Storybook</a></li> <li><a href=\"https://www.meteor.com/\">Meteor</a></li> <li><a href=\"http://blazejs.org/\">Blaze</a></li> </ul> <a id=\"user-content-sick-picks\" class=\"anchor\" href= \"https://github.com/wesbos/Syntax/blob/master/shows/001%20-%20React%20Tools.md#sick-picks\" name=\"user-content-sick-picks\"></a>Sick Picks <ul> <li>Wes: <a href=\"https://parcelapp.net/\">Parcel App</a></li> <li>Scott: <a href=\"https://fishshell.com/\">Fish shell</a></li> </ul> <a id=\"user-content-shameless-plugs\" class=\"anchor\" href= \"https://github.com/wesbos/Syntax/blob/master/shows/001%20-%20React%20Tools.md#shameless-plugs\" name=\"user-content-shameless-plugs\"></a>Shameless Plugs <ul> <li><a href=\"http://wesbos.com/learn-node/\">Learn Node</a></li> <li><a href= \"https://store.leveluptutorials.com/products/tutorials/lut-dd014\">React Native for everyone</a></li> </ul></p>\r\n  </div>\r\n</div>","author":"Chris Love","facebook-publisher":"https://www.facebook.com/Love2Dev/","twitter":"ChrisLove","google-plus":"https://plus.google.com/b/110904107389779237581/?pageId=110904107389779237581","linkedin":"https://www.linkedin.com/in/Love2Dev/","pinterest":"https://www.pinterest.com/docluv/","youtube":"https://www.youtube.com/channel/UC3mfh2MN-5D-zOyiRLp9H6g","bing-user-key":"7EDAB92AF63E3B35E57195D810D64C57","image":{"url":"http://static.libsyn.com/p/assets/7/9/0/7/790703531a3c8eca/iTunes_Artwork.png","width":1800,"height":1800},"cache":{},"headers":{"Cache-Control":"public, max-age=30240, s-max-age=1200"},"meta":{"type":"article","og:type":"article","section":"progressive web apps","url":"https://podstr.love2dev.com/","route":"/"},"subtitle":null,"featured-image":"img/pwa-podstr-logo-600x310.png","abstract":"<img align='left' src='img/pwa-podstr-logo-600x310.png' style='margin: 18px 18px 18px 6px; float: left; display: inline' lazyload='1' lazyload='1' />Two years, it&#39;s hard to comprehend how fast the time has flown and how much my life has changed. November 2 marked my two year anniversary with Tellago and I thought I would try to express what these past two years have been like today, Thanksgiving. Back in July 2010, after about 8 months after joining Tellago I wrote about my experiences and thankfulness at the time. ","approved":true,"published":"2017-07-05T12:00:00.000Z","active":true,"tags":[],"publishedDay":20,"publishedMonth":10,"publishedYear":2117,"pubdate":"2017-07-05T12:00:00.000Z","link":"https://api.spreaker.com/download/episode/8734727/ep105_mixdown.mp3","guid":"4cb16f0b4d505ab92cc9dbfc23736640","podcast":{"title":"Syntax - Tasty Web Development Treats","description":"Wes Bos and Scott Tolinski are two full stack web developers who like to break down complex topics and make them easy to understand.","image":"http://static.libsyn.com/p/assets/7/9/0/7/790703531a3c8eca/iTunes_Artwork.png"}}