{"Name":"Podstr","LongName":"Podstr","lowerAppName":"Podstr","slug":"remote-no-more","title":"Remote No More!","description":"<p>Thanks again to <a href=\"http://www.handheldconf.com/\">Handheld Conference</a> for supporting this week’s episode. It’s a conference focusing on “big ideas for small devices” taking place in Cardiff, UK on November 27th – 28th. Grab your ticket today.</p>\n\n<p>This week we focus on Yahoo!’s decision to ban remote working, executing ideas, deep dish pizza and automagical open source cocktails.</p>\n\n<ul>\n  <li><a href=\"http://www.handheldconf.com/\">Handheld Conference</a></li>\n  <li><a href=\"https://twitter.com/richardwiggins\">Richard Wiggins</a></li>\n  <li><a href=\"http://backtofrontshow.com/meetups.shopify.com\">Shopify workshops and meetups</a></li>\n  <li><a href=\"http://keirwhitaker.com/archive/responsive-day-out-2013/\">Keir’s Responsive Day Out roundup</a></li>\n  <li><a href=\"http://adactio.com/journal/6091/\">Responsive Day Out audio</a></li>\n  <li><a href=\"http://maigruen.netzkern.de/responsive-web-design-and-google-analytics-introducing-responsive-tracking\">Responsive GA</a></li>\n  <li><a href=\"http://wicky.nillia.ms/enquire.js/\">Enquire.js</a></li>\n  <li><a href=\"http://contentsmagazine.com/data/\">Contents data protection</a></li>\n  <li><a href=\"http://37signals.com/svn/posts/3453-no-more-remote-work-at-yahoo\">DHH on Yahoo! remote working</a></li>\n  <li><a href=\"http://howells.ws/posts/view/178/remote-working-and-corporate-culture\">Daniel Howells on Yahoo! remote working</a></li>\n  <li><a href=\"http://www.wavplanet.com/wavs.php?cat=2&amp;subcat=387\">The Yahoo! yodel</a></li>\n  <li><a href=\"http://executebook.com/\">Execute book</a></li>\n  <li><a href=\"http://drewwilson.com/\">Drew Wilson</a></li>\n  <li><a href=\"http://joshlong.me/\">Josh Long</a></li>\n  <li><a href=\"http://pictos.cc/\">Pictos</a></li>\n  <li><a href=\"https://spacebox.io/\">Spacebox</a></li>\n  <li><a href=\"http://www.sanebox.com/\">Sanebox</a></li>\n  <li><a href=\"http://www.patxispizza.com/\">Patxi’s San Francisco</a></li>\n  <li><a href=\"http://www.pabstblueribbon.com/\">Pabst Blue Ribbon</a></li>\n  <li><a href=\"http://www.aaronrobbs.com/\">Aaron Robbs</a> &amp; <a href=\"https://twitter.com/markdicristina\">Mark DiCristina</a>  – Pizza enthusiasts</li>\n  <li><a href=\"http://www.kickstarter.com/projects/partyrobotics/bartendro-a-cocktail-dispensing-robot?ref=category\">Bartendro</a></li>\n  <li><a href=\"http://www.diffordsguide.com/cocktails\">Diffords Guide to cocktails</a></li>\n</ul>","layout":"default","app-shell":"app","body":"<div class=\"container\">  <div class=\"row\">\r\n    <div class=\"card\">\r\n      <img src=\"https://backtofrontshow.com/img/itunes-3000x3000.png\" alt=\"Remote No More!\" class=\"card-img-top\">\r\n      <div class=\"card-body\">\r\n        <h3 class=\"card-title\">Remote No More!</h3>\r\n      </div>\r\n      <i class=\"fa fa-plus\" aria-hidden=\"true\"></i>\r\n    </div>\r\n  </div>\r\n  <div class=\"row\">\r\n    <audio src=\"https://api.spreaker.com/download/episode/8734727/ep105_mixdown.mp3\" controls=\"controls\"></audio>\r\n  </div>\r\n  <div class=\"row\">\r\n    <p><p>Thanks again to <a href=\"http://www.handheldconf.com/\">Handheld Conference</a> for supporting this week’s episode. It’s a conference focusing on “big ideas for small devices” taking place in Cardiff, UK on November 27th – 28th. Grab your ticket today.</p>\n\n<p>This week we focus on Yahoo!’s decision to ban remote working, executing ideas, deep dish pizza and automagical open source cocktails.</p>\n\n<ul>\n <li><a href=\"http://www.handheldconf.com/\">Handheld Conference</a></li>\n <li><a href=\"https://twitter.com/richardwiggins\">Richard Wiggins</a></li>\n <li><a href=\"http://backtofrontshow.com/meetups.shopify.com\">Shopify workshops and meetups</a></li>\n <li><a href=\"http://keirwhitaker.com/archive/responsive-day-out-2013/\">Keir’s Responsive Day Out roundup</a></li>\n <li><a href=\"http://adactio.com/journal/6091/\">Responsive Day Out audio</a></li>\n <li><a href=\"http://maigruen.netzkern.de/responsive-web-design-and-google-analytics-introducing-responsive-tracking\">Responsive GA</a></li>\n <li><a href=\"http://wicky.nillia.ms/enquire.js/\">Enquire.js</a></li>\n <li><a href=\"http://contentsmagazine.com/data/\">Contents data protection</a></li>\n <li><a href=\"http://37signals.com/svn/posts/3453-no-more-remote-work-at-yahoo\">DHH on Yahoo! remote working</a></li>\n <li><a href=\"http://howells.ws/posts/view/178/remote-working-and-corporate-culture\">Daniel Howells on Yahoo! remote working</a></li>\n <li><a href=\"http://www.wavplanet.com/wavs.php?cat=2&amp;subcat=387\">The Yahoo! yodel</a></li>\n <li><a href=\"http://executebook.com/\">Execute book</a></li>\n <li><a href=\"http://drewwilson.com/\">Drew Wilson</a></li>\n <li><a href=\"http://joshlong.me/\">Josh Long</a></li>\n <li><a href=\"http://pictos.cc/\">Pictos</a></li>\n <li><a href=\"https://spacebox.io/\">Spacebox</a></li>\n <li><a href=\"http://www.sanebox.com/\">Sanebox</a></li>\n <li><a href=\"http://www.patxispizza.com/\">Patxi’s San Francisco</a></li>\n <li><a href=\"http://www.pabstblueribbon.com/\">Pabst Blue Ribbon</a></li>\n <li><a href=\"http://www.aaronrobbs.com/\">Aaron Robbs</a> &amp; <a href=\"https://twitter.com/markdicristina\">Mark DiCristina</a>  – Pizza enthusiasts</li>\n <li><a href=\"http://www.kickstarter.com/projects/partyrobotics/bartendro-a-cocktail-dispensing-robot?ref=category\">Bartendro</a></li>\n <li><a href=\"http://www.diffordsguide.com/cocktails\">Diffords Guide to cocktails</a></li>\n</ul></p>\r\n  </div>\r\n</div>","author":"Chris Love","facebook-publisher":"https://www.facebook.com/Love2Dev/","twitter":"ChrisLove","google-plus":"https://plus.google.com/b/110904107389779237581/?pageId=110904107389779237581","linkedin":"https://www.linkedin.com/in/Love2Dev/","pinterest":"https://www.pinterest.com/docluv/","youtube":"https://www.youtube.com/channel/UC3mfh2MN-5D-zOyiRLp9H6g","bing-user-key":"7EDAB92AF63E3B35E57195D810D64C57","image":{"url":"https://backtofrontshow.com/img/itunes-3000x3000.png","width":3000,"height":3000},"cache":{},"headers":{"Cache-Control":"public, max-age=30240, s-max-age=1200"},"meta":{"type":"article","og:type":"article","section":"progressive web apps","url":"https://podstr.love2dev.com/","route":"/"},"subtitle":null,"featured-image":"img/pwa-podstr-logo-600x310.png","abstract":"<img align='left' src='img/pwa-podstr-logo-600x310.png' style='margin: 18px 18px 18px 6px; float: left; display: inline' lazyload='1' lazyload='1' />Two years, it&#39;s hard to comprehend how fast the time has flown and how much my life has changed. November 2 marked my two year anniversary with Tellago and I thought I would try to express what these past two years have been like today, Thanksgiving. Back in July 2010, after about 8 months after joining Tellago I wrote about my experiences and thankfulness at the time. ","approved":true,"published":"2013-03-08T05:00:00.000Z","active":true,"tags":[],"publishedDay":20,"publishedMonth":10,"publishedYear":2117,"pubdate":"2013-03-08T05:00:00.000Z","link":"https://api.spreaker.com/download/episode/8734727/ep105_mixdown.mp3","guid":"https://backtofrontshow.com/episode-5/","podcast":{"title":"The Back to Front Show","description":"The Back to Front show was started in 2013 by web industry veterans Keir Whitaker and Kieran Masterton. Over the first 40 episodes they have discussed everything from web design and development to startups and dog related tech. Today the focus has shifted and includes topics including remote working, working in the web industry, productivity, hipster beards and much more. Released irregularly but always produced with passion The Back to Front Show runs for around 40 minutes per episode and comes to you from the beautiful West Country in the UK. Thanks for listening.","image":"https://backtofrontshow.com/img/itunes-3000x3000.png"}}