{"Name":"Podstr","LongName":"Podstr","lowerAppName":"Podstr","slug":"scott-tolinski-origin-story-","title":"Scott Tolinski Origin Story 🎧 📹 💻 🕺","description":"<p>In this episode, Scott talks about his unconventional career path and how to grow your career by working on what you love.</p> Sponsor <ul> <li><a href=\"https://freshbooks.com/syntax\">Freshbooks</a> - Get 30 days free. Make sure to enter SYNTAX into the \"How did you hear about us\" section.</li> </ul> Show Notes <ul> <li><a href= \"https://www.music.umich.edu/departments/pat/index.php\">UofM Performing Arts Technology</a></li> <li><a href=\"http://www.devinkerr.com/\">Devin Kerr</a></li> <li><a href=\"http://partybabymusic.com/\">Jamie Schefman</a></li> <li><a href=\"http://michellechamuel.com/\">Michelle Chamuel</a></li> <li><a href=\"http://www.guitarworld.com/\">Guitar World</a></li> <li><a href=\"http://www.ghostly.com/\">Ghostly International</a></li> <li><a href=\"http://qltd.com/\">Q LTD</a></li> <li><a href=\"https://creative.umich.edu/\">Michigan Creative</a></li> <li><a href=\"http://www.ford.com/\">Ford</a></li> <li><a href=\"https://www.gtb.com/\">GTB</a></li> <li><a href=\"https://www.leveluptutorials.com/\">Level Up Tutorials</a></li> <li><a href= \"https://www.youtube.com/edit?o=U&video_id=ApwQLpJgmqc\">Scott Concussion</a></li> <li><a href=\"https://getatya.com/\">Atya</a></li> </ul> Sick Picks <ul> <li><a href=\"https://goodhertz.co/\">Good Hertz</a></li> </ul> Shameless Plugs <ul> <li><a href=\"https://wesbos.com/courses\">Wes' Courses</a></li> <li><a href=\"https://www.youtube.com/user/LevelUpTuts\">Level Up Tutorials Youtube</a></li> <li><a href=\"https://www.howtographql.com/\">How to GraphQL</a></li> </ul> Twitter <ul> <li><a href=\"https://twitter.com/wesbos\">Wes Bos</a></li> <li><a href=\"https://twitter.com/stolinski\">Scott Tolinski</a></li> <li><a href=\"https://twitter.com/SyntaxFM\">Syntax</a></li> </ul> <p> </p>","layout":"default","app-shell":"app","body":"<div class=\"container\">  <div class=\"row\">\r\n    <div class=\"card\">\r\n      <img src=\"http://static.libsyn.com/p/assets/7/9/0/7/790703531a3c8eca/iTunes_Artwork.png\" alt=\"Scott Tolinski Origin Story 🎧 📹 💻 🕺\" class=\"card-img-top\">\r\n      <div class=\"card-body\">\r\n        <h3 class=\"card-title\">Scott Tolinski Origin Story 🎧 📹 💻 🕺</h3>\r\n      </div>\r\n      <i class=\"fa fa-plus\" aria-hidden=\"true\"></i>\r\n    </div>\r\n  </div>\r\n  <div class=\"row\">\r\n    <audio src=\"https://api.spreaker.com/download/episode/8734727/ep105_mixdown.mp3\" controls=\"controls\"></audio>\r\n  </div>\r\n  <div class=\"row\">\r\n    <p><p>In this episode, Scott talks about his unconventional career path and how to grow your career by working on what you love.</p> Sponsor <ul> <li><a href=\"https://freshbooks.com/syntax\">Freshbooks</a> - Get 30 days free. Make sure to enter SYNTAX into the \"How did you hear about us\" section.</li> </ul> Show Notes <ul> <li><a href= \"https://www.music.umich.edu/departments/pat/index.php\">UofM Performing Arts Technology</a></li> <li><a href=\"http://www.devinkerr.com/\">Devin Kerr</a></li> <li><a href=\"http://partybabymusic.com/\">Jamie Schefman</a></li> <li><a href=\"http://michellechamuel.com/\">Michelle Chamuel</a></li> <li><a href=\"http://www.guitarworld.com/\">Guitar World</a></li> <li><a href=\"http://www.ghostly.com/\">Ghostly International</a></li> <li><a href=\"http://qltd.com/\">Q LTD</a></li> <li><a href=\"https://creative.umich.edu/\">Michigan Creative</a></li> <li><a href=\"http://www.ford.com/\">Ford</a></li> <li><a href=\"https://www.gtb.com/\">GTB</a></li> <li><a href=\"https://www.leveluptutorials.com/\">Level Up Tutorials</a></li> <li><a href= \"https://www.youtube.com/edit?o=U&video_id=ApwQLpJgmqc\">Scott Concussion</a></li> <li><a href=\"https://getatya.com/\">Atya</a></li> </ul> Sick Picks <ul> <li><a href=\"https://goodhertz.co/\">Good Hertz</a></li> </ul> Shameless Plugs <ul> <li><a href=\"https://wesbos.com/courses\">Wes' Courses</a></li> <li><a href=\"https://www.youtube.com/user/LevelUpTuts\">Level Up Tutorials Youtube</a></li> <li><a href=\"https://www.howtographql.com/\">How to GraphQL</a></li> </ul> Twitter <ul> <li><a href=\"https://twitter.com/wesbos\">Wes Bos</a></li> <li><a href=\"https://twitter.com/stolinski\">Scott Tolinski</a></li> <li><a href=\"https://twitter.com/SyntaxFM\">Syntax</a></li> </ul> <p> </p></p>\r\n  </div>\r\n</div>","author":"Chris Love","facebook-publisher":"https://www.facebook.com/Love2Dev/","twitter":"ChrisLove","google-plus":"https://plus.google.com/b/110904107389779237581/?pageId=110904107389779237581","linkedin":"https://www.linkedin.com/in/Love2Dev/","pinterest":"https://www.pinterest.com/docluv/","youtube":"https://www.youtube.com/channel/UC3mfh2MN-5D-zOyiRLp9H6g","bing-user-key":"7EDAB92AF63E3B35E57195D810D64C57","image":{"url":"http://static.libsyn.com/p/assets/7/9/0/7/790703531a3c8eca/iTunes_Artwork.png","width":1800,"height":1800},"cache":{},"headers":{"Cache-Control":"public, max-age=30240, s-max-age=1200"},"meta":{"type":"article","og:type":"article","section":"progressive web apps","url":"https://podstr.love2dev.com/","route":"/"},"subtitle":null,"featured-image":"img/pwa-podstr-logo-600x310.png","abstract":"<img align='left' src='img/pwa-podstr-logo-600x310.png' style='margin: 18px 18px 18px 6px; float: left; display: inline' lazyload='1' lazyload='1' />Two years, it&#39;s hard to comprehend how fast the time has flown and how much my life has changed. November 2 marked my two year anniversary with Tellago and I thought I would try to express what these past two years have been like today, Thanksgiving. Back in July 2010, after about 8 months after joining Tellago I wrote about my experiences and thankfulness at the time. ","approved":true,"published":"2017-08-16T14:00:00.000Z","active":true,"tags":[],"publishedDay":20,"publishedMonth":10,"publishedYear":2117,"pubdate":"2017-08-16T14:00:00.000Z","link":"https://api.spreaker.com/download/episode/8734727/ep105_mixdown.mp3","guid":"f71bc1e63c890248416278bdf3307497","podcast":{"title":"Syntax - Tasty Web Development Treats","description":"Wes Bos and Scott Tolinski are two full stack web developers who like to break down complex topics and make them easy to understand.","image":"http://static.libsyn.com/p/assets/7/9/0/7/790703531a3c8eca/iTunes_Artwork.png"}}