{"Name":"Podstr","LongName":"Podstr","lowerAppName":"Podstr","slug":"six-choice-cuts","title":"Six Choice Cuts","description":"<p>Episode #013 is brought to you in association with <a href=\"http://squarespace.com/backtofront\">Squarespace</a>, the all-in-one platform that makes it fast and easy to create your own professional website or online portfolio. For a free trial and 10% off, go to <a href=\"http://squarespace.com/backtofront\">squarespace.com</a> and use offer code <strong>Backtofront8</strong>.</p>\n\n<p>This week there’s a change to our format as we strive to go weekly. In our new “8bit-minified-compressed” format we discuss six choice cuts found around the web including Google and Uber, Local Tunnel and the trend of coffee cups in web marketing.</p>\n\n<ul>\n  <li><a href=\"http://techcrunch.com/2013/08/22/google-ventures-puts-258m-into-uber-its-largest-deal-ever/\">Google invest in Uber</a></li>\n  <li><a href=\"http://us2.campaign-archive1.com/?u=b5af47765edbd2fc173dbf27a&amp;id=267bbb0346&amp;e=34c0101748\">Failed products</a></li>\n  <li><a href=\"http://namebox.io/\">Namebox.io</a></li>\n  <li><a href=\"http://blindbrowser.com/\">Blind Browser</a></li>\n  <li><a href=\"http://progrium.com/localtunnel/\">Local Tunnel</a></li>\n  <li><a href=\"http://usingitatcoffeeshops.tumblr.com/\">They’re Using it at Coffee Shops</a></li>\n</ul>\n\n<p>Thanks again to <a href=\"http://squarespace.com/backtofront\">Squarespace</a> for supporting the show</p>","layout":"default","app-shell":"app","body":"<div class=\"container\">  <div class=\"row\">\r\n    <div class=\"card\">\r\n      <img src=\"https://backtofrontshow.com/img/itunes-3000x3000.png\" alt=\"Six Choice Cuts\" class=\"card-img-top\">\r\n      <div class=\"card-body\">\r\n        <h3 class=\"card-title\">Six Choice Cuts</h3>\r\n      </div>\r\n      <i class=\"fa fa-plus\" aria-hidden=\"true\"></i>\r\n    </div>\r\n  </div>\r\n  <div class=\"row\">\r\n    <audio src=\"https://api.spreaker.com/download/episode/8734727/ep105_mixdown.mp3\" controls=\"controls\"></audio>\r\n  </div>\r\n  <div class=\"row\">\r\n    <p><p>Episode #013 is brought to you in association with <a href=\"http://squarespace.com/backtofront\">Squarespace</a>, the all-in-one platform that makes it fast and easy to create your own professional website or online portfolio. For a free trial and 10% off, go to <a href=\"http://squarespace.com/backtofront\">squarespace.com</a> and use offer code <strong>Backtofront8</strong>.</p>\n\n<p>This week there’s a change to our format as we strive to go weekly. In our new “8bit-minified-compressed” format we discuss six choice cuts found around the web including Google and Uber, Local Tunnel and the trend of coffee cups in web marketing.</p>\n\n<ul>\n <li><a href=\"http://techcrunch.com/2013/08/22/google-ventures-puts-258m-into-uber-its-largest-deal-ever/\">Google invest in Uber</a></li>\n <li><a href=\"http://us2.campaign-archive1.com/?u=b5af47765edbd2fc173dbf27a&amp;id=267bbb0346&amp;e=34c0101748\">Failed products</a></li>\n <li><a href=\"http://namebox.io/\">Namebox.io</a></li>\n <li><a href=\"http://blindbrowser.com/\">Blind Browser</a></li>\n <li><a href=\"http://progrium.com/localtunnel/\">Local Tunnel</a></li>\n <li><a href=\"http://usingitatcoffeeshops.tumblr.com/\">They’re Using it at Coffee Shops</a></li>\n</ul>\n\n<p>Thanks again to <a href=\"http://squarespace.com/backtofront\">Squarespace</a> for supporting the show</p></p>\r\n  </div>\r\n</div>","author":"Chris Love","facebook-publisher":"https://www.facebook.com/Love2Dev/","twitter":"ChrisLove","google-plus":"https://plus.google.com/b/110904107389779237581/?pageId=110904107389779237581","linkedin":"https://www.linkedin.com/in/Love2Dev/","pinterest":"https://www.pinterest.com/docluv/","youtube":"https://www.youtube.com/channel/UC3mfh2MN-5D-zOyiRLp9H6g","bing-user-key":"7EDAB92AF63E3B35E57195D810D64C57","image":{"url":"https://backtofrontshow.com/img/itunes-3000x3000.png","width":3000,"height":3000},"cache":{},"headers":{"Cache-Control":"public, max-age=30240, s-max-age=1200"},"meta":{"type":"article","og:type":"article","section":"progressive web apps","url":"https://podstr.love2dev.com/","route":"/"},"subtitle":null,"featured-image":"img/pwa-podstr-logo-600x310.png","abstract":"<img align='left' src='img/pwa-podstr-logo-600x310.png' style='margin: 18px 18px 18px 6px; float: left; display: inline' lazyload='1' lazyload='1' />Two years, it&#39;s hard to comprehend how fast the time has flown and how much my life has changed. November 2 marked my two year anniversary with Tellago and I thought I would try to express what these past two years have been like today, Thanksgiving. Back in July 2010, after about 8 months after joining Tellago I wrote about my experiences and thankfulness at the time. ","approved":true,"published":"2013-08-29T07:00:00.000Z","active":true,"tags":[],"publishedDay":20,"publishedMonth":10,"publishedYear":2117,"pubdate":"2013-08-29T07:00:00.000Z","link":"https://api.spreaker.com/download/episode/8734727/ep105_mixdown.mp3","guid":"https://backtofrontshow.com/episode-13/","podcast":{"title":"The Back to Front Show","description":"The Back to Front show was started in 2013 by web industry veterans Keir Whitaker and Kieran Masterton. Over the first 40 episodes they have discussed everything from web design and development to startups and dog related tech. Today the focus has shifted and includes topics including remote working, working in the web industry, productivity, hipster beards and much more. Released irregularly but always produced with passion The Back to Front Show runs for around 40 minutes per episode and comes to you from the beautiful West Country in the UK. Thanks for listening.","image":"https://backtofrontshow.com/img/itunes-3000x3000.png"}}