{"Name":"Syntax - Tasty Web Development Treats","LongName":"Syntax - Tasty Web Development Treats","lowerAppName":"Syntax - Tasty Web Development Treats","slug":"syntax-tasty-web-development-treats","title":"Syntax - Tasty Web Development Treats","description":"Wes Bos & Scott Tolinski - Full Stack JavaScript Web Developers","layout":"default","app-shell":"app","body":"<div class=\"container\">  <div class=\"row\">\r\n    <div class=\"card\">\r\n      <img src=\"[object Object]\" alt=\"Syntax - Tasty Web Development Treats\" class=\"card-img-top\">\r\n      <div class=\"card-body\">\r\n        <h3 class=\"card-title\">Syntax - Tasty Web Development Treats</h3>\r\n      </div>\r\n      <i class=\"fa fa-plus\" aria-hidden=\"true\"></i>\r\n    </div>\r\n  </div>\r\n  <div class=\"row\">\r\n    <audio src=\"https://api.spreaker.com/download/episode/8734727/ep105_mixdown.mp3\" controls=\"controls\"></audio>\r\n  </div>\r\n  <div class=\"row\">\r\n    <p>Wes Bos & Scott Tolinski - Full Stack JavaScript Web Developers</p>\r\n  </div>\r\n</div>","author":"Chris Love","facebook-publisher":"https://www.facebook.com/Love2Dev/","twitter":"ChrisLove","google-plus":"https://plus.google.com/b/110904107389779237581/?pageId=110904107389779237581","linkedin":"https://www.linkedin.com/in/Love2Dev/","pinterest":"https://www.pinterest.com/docluv/","youtube":"https://www.youtube.com/channel/UC3mfh2MN-5D-zOyiRLp9H6g","bing-user-key":"7EDAB92AF63E3B35E57195D810D64C57","image":{"url":"http://is1.mzstatic.com/image/thumb/Music117/v4/40/e5/ef/40e5ef3c-f5b9-20df-14cc-e5c38d50a8da/source/600x600bb.jpg","width":600,"height":600},"cache":{},"headers":{"Cache-Control":"public, max-age=30240, s-max-age=1200"},"meta":{"type":"article","og:type":"article","section":"progressive web apps","url":"https://podstr.love2dev.com/","route":"/"},"subtitle":null,"featured-image":"img/pwa-podstr-logo-600x310.png","abstract":"Wes Bos & Scott Tolinski - Full Stack JavaScript Web Developers","approved":true,"published":"2017-08-09T15:30:00.000Z","active":true,"tags":[],"publishedDay":20,"publishedMonth":10,"publishedYear":2117,"pubdate":"2017-08-09T15:30:00.000Z","link":"https://api.spreaker.com/download/episode/8734727/ep105_mixdown.mp3","guid":"c47fbf6911463017dbc81fc2a90e5ebc","podcast":{"title":"Podcast Title","description":"podcast description.","image":"img/pwa-podstr-logo-310x310.png"},"collectionId":1253186678,"feedUrl":"https://feed.syntax.fm/rss","artwork":{"30":"http://is1.mzstatic.com/image/thumb/Music117/v4/40/e5/ef/40e5ef3c-f5b9-20df-14cc-e5c38d50a8da/source/30x30bb.jpg","60":"http://is1.mzstatic.com/image/thumb/Music117/v4/40/e5/ef/40e5ef3c-f5b9-20df-14cc-e5c38d50a8da/source/60x60bb.jpg","100":"http://is1.mzstatic.com/image/thumb/Music117/v4/40/e5/ef/40e5ef3c-f5b9-20df-14cc-e5c38d50a8da/source/100x100bb.jpg","600":"http://is1.mzstatic.com/image/thumb/Music117/v4/40/e5/ef/40e5ef3c-f5b9-20df-14cc-e5c38d50a8da/source/600x600bb.jpg"},"genres":["Tech News","Podcasts","Technology","Business","Careers"],"episodes":[{"slug":"tasty-treats-rems-vs-ems-remote-work-making-money-getting-good-at-design-more-dbae18b20fc88ba5c504ff2c2d5c7bae","title":"Tasty Treats — Rems VS Ems, Remote Work, Making Money, Getting good at Design + more! 🍬","description":"Show Notes <ul> <li>Q: Rems vs Ems vs Pixels? What do you use?</li> <li>Q: What activity, that isn't developer related, benefits you most as a developer?</li> <li><a href= \"https://www.amazon.com/gp/product/1936608588/ref=as_li_tl?ie=UTF8&camp=1789&creative=9325&creativeASIN=1936608588&linkCode=as2&tag=leveluptuts01-20&linkId=b9f598d6432ce7394e5b0510fe0bebba\" target=\"_blank\" rel=\"noopener\">Becoming a Supple Leopard</a></li> <li>Q: Is a hot dog a sandwich? 🌭</li> <li>Q If Google offered you a job today, would you take it?</li> <li><a href=\"https://www.youtube.com/watch?v=3K-b7CZaPpw\" target= \"_blank\" rel=\"noopener\">Mike Rowe: Why Entrepreneurs Crave the 'Reverse Commute'</a></li> <li>Q: How did Wes and Scott Meet?</li> <li>Q: What are your thoughts on CMSs, like WordPress, adding JavaScript frameworks, like React?</li> <li>Q: Where do you find remote work?</li> <li>Q: How do you make money?</li> <li>Q: Can a back-end dev become a good designer?</li> <li><a href=\"http://www.heropatterns.com/\" target=\"_blank\" rel= \"noopener\">Hero Patterns</a></li> <li><a href=\"https://twitter.com/steveschoger\" target=\"_blank\" rel= \"noopener\">Steve Schoger's Twitter</a></li> <li>Q: Do you ever feel tired?</li> <li>Q: What do you think about live streaming?</li> <li>Should we do a Syntax live stream?!</li> <li>Q: What stack should a new developer use?</li> <li>Q: What is your process for deciding on new tools?</li> <li><a href=\"https://reactfaq.site/\" target=\"_blank\" rel= \"noopener\">React FAQ</a> - sign up for Tim's newsletter!</li> <li>Q: Where do you see yourself in 5 years?</li> </ul> Sick Picks <ul> <li>Scott: <a href=\"http://amzn.to/2xNmnCH\" target=\"_blank\" rel=\"noopener\">Fivestar Notebook</a></li> <li>Wes: Read about your credit card benefits + perks!</li> </ul> Tweet us your tips! <ul> <li><a href=\"https://twitter.com/wesbos\" target=\"_blank\" rel= \"noopener\">Wes Bos</a></li> <li><a href=\"https://twitter.com/stolinski\" target=\"_blank\" rel= \"noopener\">Scott Tolinski</a></li> <li>Make sure to include <a href= \"https://twitter.com/SyntaxFM\" target=\"_blank\" rel= \"noopener\">@SyntaxFM</a></li> </ul>","pubdate":"2017-10-18T14:01:36.000Z","link":"http://traffic.libsyn.com/syntax/Syntax016.mp3","guid":"dbae18b20fc88ba5c504ff2c2d5c7bae","image":"http://static.libsyn.com/p/assets/7/9/0/7/790703531a3c8eca/iTunes_Artwork.png","podcast":{"title":"Syntax - Tasty Web Development Treats","description":"Wes Bos and Scott Tolinski are two full stack web developers who like to break down complex topics and make them easy to understand.","image":"http://static.libsyn.com/p/assets/7/9/0/7/790703531a3c8eca/iTunes_Artwork.png"}},{"slug":"advice-for-new-developers-imposter-syndrome-and-interviewing-at-google-9a570de6416c74f7c882396552b59dd0","title":"Advice for New Developers, Imposter Syndrome and Interviewing at Google","description":"<p>Scott and Wes dish out some tasty advice to developers who are new to web development. How do you get better? How do you deal with imposter syndrome?</p> Sponsor <ul> <li><a href=\"https://freshbooks.com/syntax\" target=\"_blank\" rel= \"noopener\">Freshbooks</a> - Get 30 days free. Make sure to enter SYNTAX into the \"How did you hear about us\" section.</li> </ul> Shameless Plugs <ul> <li><a href=\"https://es6.io/\" target=\"_blank\" rel=\"noopener\">Wes just updated his ES6 course!</a></li> <li><a href= \"https://www.leveluptutorials.com/store/products/tutorials/lut-dd015\" target=\"_blank\" rel=\"noopener\">Mastering Figma is now Launched!</a></li> </ul> Show Notes <p>This show is light on links :)</p> <ul> <li><a href=\"https://vimeo.com/85040589\" target=\"_blank\" rel= \"noopener\">The Gap by Ira Glass</a></li> <li><a href=\"https://github.com/sahat/hackathon-starter\" target= \"_blank\" rel=\"noopener\">Hackathon Stater</a></li> </ul> Sick Picks <ul> <li><a href=\"https://www.nintendo.com/switch/\" target=\"_blank\" rel= \"noopener\">Nintendo Switch</a></li> <li><a href=\"https://creativemarket.com/fonts\" target=\"_blank\" rel= \"noopener\">Creative Market Fonts</a></li> </ul> Tweet us your tips! <ul> <li><a href=\"https://twitter.com/wesbos\" target=\"_blank\" rel= \"noopener\">Wes Bos</a></li> <li><a href=\"https://twitter.com/stolinski\" target=\"_blank\" rel= \"noopener\">Scott Tolinski</a></li> <li>Make sure to include <a href= \"https://twitter.com/SyntaxFM\" target=\"_blank\" rel= \"noopener\">@SyntaxFM</a></li> </ul>","pubdate":"2017-10-11T12:00:00.000Z","link":"http://traffic.libsyn.com/syntax/Syntax015.mp3","guid":"9a570de6416c74f7c882396552b59dd0","image":"http://static.libsyn.com/p/assets/7/9/0/7/790703531a3c8eca/iTunes_Artwork.png","podcast":{"title":"Syntax - Tasty Web Development Treats","description":"Wes Bos and Scott Tolinski are two full stack web developers who like to break down complex topics and make them easy to understand.","image":"http://static.libsyn.com/p/assets/7/9/0/7/790703531a3c8eca/iTunes_Artwork.png"}},{"slug":"our-stacks-explained-ef614ef3b274b0a6e51a0353adabe128","title":"Our Stacks Explained 🖥️ 💪","description":"<p>Scott and Wes detail their current stacks that run their training platforms. From front end code linting to the server side and databases.</p> Sponsor <p><a href= \"http://courses.codemore.io/p/serverless-framework-node/\" target= \"_blank\" rel=\"noopener\">Intro to The Serverless Framework</a> by Loren Stewart. The first 20 people to use the code SYNTAX_FREE will get the course for free! After that make sure to use the code SYNTAX for an extra $10 off.</p> Show Notes <ul> <li><a href=\"https://www.youtube.com/watch?v=4CS436KZ35A\" target= \"_blank\" rel=\"noopener\">Wes' Stack Youtube Video</a></li> <li><a href=\"https://www.meteor.com/\" target=\"_blank\" rel= \"noopener\">Meteor</a></li> <li><a href=\"https://nodejs.org/en/\" target=\"_blank\" rel= \"noopener\">Node.js</a></li> <li><a href=\"https://leveluptutorials.com/\" target=\"_blank\" rel= \"noopener\">Level Up Tutorials</a> is fast!</li> <li><a href=\"https://expressjs.com/\" target=\"_blank\" rel= \"noopener\">Express</a></li> <li><a href=\"https://learnnode.com/\" target=\"_blank\" rel= \"noopener\">Learn Node</a></li> <li><a href=\"http://passportjs.org/\" target=\"_blank\" rel= \"noopener\">Passport JS</a></li> <li><a href=\"https://www.mongodb.com/\" target=\"_blank\" rel= \"noopener\">MongoDB</a></li> <li><a href=\"http://mongoosejs.com/\" target=\"_blank\" rel= \"noopener\">Mongoose</a></li> <li><a href=\"https://mlab.com/\" target=\"_blank\" rel=\"noopener\">mLab Hosting</a></li> <li><a href=\"https://github.com/jeromelebel/MongoHub-Mac\" target= \"_blank\" rel=\"noopener\">Mongohub</a></li> <li><a href=\"https://www.mongodb.com/products/compass\" target= \"_blank\" rel=\"noopener\">MongoDB Compass</a></li> <li><a href=\"https://studio3t.com/\" target=\"_blank\" rel= \"noopener\">Studio 3T</a></li> <li><a href=\"https://github.com/mWater/minimongo\" target=\"_blank\" rel=\"noopener\">MiniMongo</a></li> <li><a href=\"https://reactjs.org/\" target=\"_blank\" rel= \"noopener\">React</a></li> <li><a href=\"https://www.styled-components.com/\" target=\"_blank\" rel=\"noopener\">Styled Components</a></li> <li><a href=\"http://stylus-lang.com/\" target=\"_blank\" rel= \"noopener\">Stylus Lang</a></li> <li><a href=\"https://docs.meteor.com/api/session.html\" target= \"_blank\" rel=\"noopener\">Metor Sessions</a></li> <li><a href=\"https://prerender.io/\" target=\"_blank\" rel= \"noopener\">Prerender.io</a></li> <li><a href=\"https://github.com/apollographql/react-apollo\" target= \"_blank\" rel=\"noopener\">React Apollo</a></li> <li><a href=\"https://github.com/zendesk/cross-storage\" target= \"_blank\" rel=\"noopener\">Cross Storage</a></li> <li><a href=\"https://github.com/FormidableLabs/victory-chart\" target=\"_blank\" rel=\"noopener\">Victory Charts</a></li> <li><a href= \"https://cloudinary.com/invites/lpov9zyyucivvxsnalc5/qceqbjqg3a3fe5gwozcd\" target=\"_blank\" rel=\"noopener\">Cloudinary</a></li> <li><a href=\"https://github.com/GabrielGil/TimThumb\" target= \"_blank\" rel=\"noopener\">Tim Thumb</a></li> <li><a href=\"https://aws.amazon.com/s3/\" target=\"_blank\" rel= \"noopener\">Amazon S3</a></li> <li><a href= \"http://docs.aws.amazon.com/AmazonCloudFront/latest/DeveloperGuide/Introduction.html\" target=\"_blank\" rel=\"noopener\">Amazon Cloudfront</a></li> <li><a href=\"https://secure.backblaze.com/r/008x60\" target=\"_blank\" rel=\"noopener\">Backblaze</a></li> <li><a href=\"https://vimeo.com/professionals\" target=\"_blank\" rel= \"noopener\">Vimeo Pro</a></li> <li><a href=\"https://facebook.github.io/jest/\" target=\"_blank\" rel= \"noopener\">Jest</a></li> <li><a href=\"https://mochajs.org/\" target=\"_blank\" rel= \"noopener\">Mocha</a></li> <li><a href=\"http://fixer.io/\" target=\"_blank\" rel= \"noopener\">Fixer.io Curreny Conversion API</a></li> <li><a href=\"https://www.braintreepayments.com/\" target=\"_blank\" rel=\"noopener\">Brain Tree</a></li> <li><a href=\"https://stripe.com/\" target=\"_blank\" rel= \"noopener\">Stripe</a></li> <li><a href=\"https://www.mandrill.com/\" target=\"_blank\" rel= \"noopener\">Mandrill</a></li> <li><a href=\"https://getdrip.com/\" target=\"_blank\" rel= \"noopener\">Drip</a></li> <li><a href=\"https://aws.amazon.com/ses/\" target=\"_blank\" rel= \"noopener\">Amazon SES</a></li> <li><a href=\"https://postmarkapp.com/\" target=\"_blank\" rel= \"noopener\">PostMark App</a> (THE BEST)</li> <li><a href=\"https://www.npmjs.com/package/inky\" target=\"_blank\" rel=\"noopener\">Zurb Inky</a></li> <li><a href=\"https://www.npmjs.com/package/juice\" target=\"_blank\" rel=\"noopener\">Juice CSS Inliner</a></li> <li><a href=\"https://www.meteor.com/hosting\" target=\"_blank\" rel= \"noopener\">Meteor Hosting</a></li> <li><a href=\"https://www.meteor.com/hosting\" target=\"_blank\" rel= \"noopener\">Meteor Hosting</a></li> <li><a href=\"https://m.do.co/c/0c736d39efbc\" target=\"_blank\" rel= \"noopener\">Digital Ocean</a></li> <li><a href=\"https://zeit.co/now\" target=\"_blank\" rel= \"noopener\">Zeit Now</a></li> <li><a href=\"https://www.heroku.com/\" target=\"_blank\" rel= \"noopener\">Heroku</a></li> <li><a href= \"https://github.com/bluehost/endurance-page-cache/issues/16\" target=\"_blank\" rel=\"noopener\">Bluehost Sucks</a></li> <li><a href=\"https://letsencrypt.org/\" target=\"_blank\" rel= \"noopener\">Let's Encrypt</a></li> <li><a href=\"https://www.cloudflare.com/\" target=\"_blank\" rel= \"noopener\">Cloudflare</a> OOPS I SAID CLOUDFRONT</li> </ul> Sick Picks <ul> <li>Scott: <a href=\"http://amzn.to/2xWd2Xv\" target=\"_blank\" rel=\"noopener\">Focusrite Scarlett 2i2</a></li> <li>Wes: <a href= \"http://www.betterbidding.com/index.php?app=hotel_lists#ffmenuWB\" target=\"_blank\" rel=\"noopener\">Better Bidding</a></li> </ul> Tweet us your tips! <ul> <li><a href=\"https://twitter.com/wesbos\" target=\"_blank\" rel= \"noopener\">Wes Bos</a></li> <li><a href=\"https://twitter.com/stolinski\" target=\"_blank\" rel= \"noopener\">Scott Tolinski</a></li> <li>Make sure to include <a href= \"https://twitter.com/SyntaxFM\" target=\"_blank\" rel= \"noopener\">@SyntaxFM</a></li> </ul> Shameless Plugs <ul> <li><a href=\"https://www.leveluptutorials.com/\" target=\"_blank\" rel=\"noopener\">Level Up Tuts</a> - check out scott's new shopping cart!</li> <li><a href=\"https://es6.io/\" target=\"_blank\" rel=\"noopener\">Wes just updated his ES6 course!</a></li> </ul>","pubdate":"2017-10-04T13:00:00.000Z","link":"http://traffic.libsyn.com/syntax/Syntax014.mp3","guid":"ef614ef3b274b0a6e51a0353adabe128","image":"http://static.libsyn.com/p/assets/7/9/0/7/790703531a3c8eca/iTunes_Artwork.png","podcast":{"title":"Syntax - Tasty Web Development Treats","description":"Wes Bos and Scott Tolinski are two full stack web developers who like to break down complex topics and make them easy to understand.","image":"http://static.libsyn.com/p/assets/7/9/0/7/790703531a3c8eca/iTunes_Artwork.png"}},{"slug":"the-command-line-for-web-developers-3a9167ca1c34c5ea302ae93da1709729","title":"The Command Line for Web Developers","description":"<p>This episode is all about how to become comfortable and proficient with the command line. This one includes windows users too!</p> Sponsor <p>Need to learn Docker? Check out Nick Janetakis' <a href= \"http://wes.io/mkHG\" target=\"_blank\" rel=\"noopener\">Dive into Docker</a> course which is currently on sale!</p> Show Notes <ul> <li><a href= \"https://facebook.github.io/react/blog/2017/09/26/react-v16.0.html\" target=\"_blank\" rel=\"noopener\">React 16</a></li> <li><a href=\"https://commandlinepoweruser.com/\" target=\"_blank\" rel=\"noopener\">Command Line Power User Course</a></li> <li><a href=\"https://www.iterm2.com/\" target=\"_blank\" rel= \"noopener\">iTerm2</a></li> <li><a href=\"https://hyper.is/\" target=\"_blank\" rel= \"noopener\">Hyper</a></li> <li><a href=\"https://github.com/bnb/awesome-hyper\" target=\"_blank\" rel=\"noopener\">Awesome Hyper</a></li> <li><a href=\"http://cmder.net/\" target=\"_blank\" rel= \"noopener\">Cmder for Windows</a></li> <li><a href= \"https://msdn.microsoft.com/en-us/commandline/wsl/install_guide\" target=\"_blank\" rel=\"noopener\">Windows Subsystem Linux</a></li> <li><a href=\"https://insider.windows.com/en-us/\" target=\"_blank\" rel=\"noopener\">Windows 10 Insiders Program</a></li> <li><a href=\"http://www.zsh.org/\" target=\"_blank\" rel= \"noopener\">ZSH</a></li> <li><a href=\"http://ohmyz.sh/\" target=\"_blank\" rel=\"noopener\">Oh My ZSH</a> - You'll want to start here, not on zsh.org</li> <li><a href=\"https://fishshell.com/\" target=\"_blank\" rel= \"noopener\">Fish Shell</a></li> <li><a href=\"https://github.com/oh-my-fish/oh-my-fish\" target= \"_blank\" rel=\"noopener\">Oh My Fish</a></li> <li><a href=\"https://github.com/fisherman/fisherman\" target= \"_blank\" rel=\"noopener\">Fisherman</a></li> <li><a href=\"https://github.com/edc/bass\" target=\"_blank\" rel= \"noopener\">Bass</a></li> <li><a href=\"https://github.com/zsh-users/zsh-autosuggestions\" target=\"_blank\" rel=\"noopener\">ZSH Autosuggestion</a></li> <li><a href=\"https://github.com/zsh-users/zsh-syntax-highlighting\" target=\"_blank\" rel=\"noopener\">ZSH Syntax Highlighting</a></li> <li><a href=\"https://github.com/rupa/z\" target=\"_blank\" rel= \"noopener\">z Frecent</a> (GET THIS)</li> <li><a href=\"http://brewformulas.org/Tree\" target=\"_blank\" rel= \"noopener\">Tree</a></li> <li><a href=\"https://brew.sh/\" target=\"_blank\" rel= \"noopener\">Brew</a></li> <li><a href=\"https://caskroom.github.io/\" target=\"_blank\" rel= \"noopener\">Brew Cask</a></li> <li><a href=\"https://github.com/sindresorhus/trash-cli\" target= \"_blank\" rel=\"noopener\">Trash CLI</a></li> <li><a href=\"https://rg3.github.io/youtube-dl/\" target=\"_blank\" rel=\"noopener\">YouTube-DL</a></li> <li><a href=\"https://www.youtube.com/watch?v=-eUd2k5M1B0\" target= \"_blank\" rel=\"noopener\">Wes' Video on youtube-dl</a></li> <li><a href= \"http://osxdaily.com/2007/03/05/manipulating-the-clipboard-from-the-command-line/\" target=\"_blank\" rel=\"noopener\">pbcopy</a></li> <li><a href= \"https://coderwall.com/p/arwifq/extracting-archives-from-the-terminal-easily\" target=\"_blank\" rel=\"noopener\">ZSH Extract</a></li> <li> .. or ... or .... or ..... or ......</li> <li>!! re-runs the last command (careful!)</li> <li>cd - back to last folder - this works with lots of commands like git checkout -</li> <li>⌘ + K to clear. ⌘ + R to clear but maintain scrollback</li> <li><a href=\"https://github.com/wesbos/Cobalt2-iterm\" target= \"_blank\" rel=\"noopener\">Cobalt2 for ZSH + iTerm2</a></li> <li><a href=\"https://github.com/wesbos/hyperterm-cobalt2-theme\" target=\"_blank\" rel=\"noopener\">Cobalt2 for Hyper</a></li> <li><a href=\"https://github.com/powerline/fonts\" target=\"_blank\" rel=\"noopener\">Patched Powerline Fonts</a></li> <li><a href=\"https://github.com/yangwao/omf-theme-slavic-cat\" target=\"_blank\" rel=\"noopener\">Slavic Cat</a></li> <li><a href=\"https://github.com/mashaal/wild-cherry\" target= \"_blank\" rel=\"noopener\">Wild Cherry</a></li> </ul> Sick Picks <ul> <li>Scott: <a href=\"https://sourcemaking.com/\" target=\"_blank\" rel=\"noopener\">Source Making</a></li> <li>Wes: <a href=\"http://www.myfitnesspal.com/\" target= \"_blank\" rel=\"noopener\">My Fitness Pal</a></li> </ul> Tweet us your tips! <ul> <li><a href=\"https://twitter.com/wesbos\" target=\"_blank\" rel= \"noopener\">Wes Bos</a></li> <li><a href=\"https://twitter.com/stolinski\" target=\"_blank\" rel= \"noopener\">Scott Tolinski</a></li> <li>Make sure to include <a href= \"https://twitter.com/SyntaxFM\" target=\"_blank\" rel= \"noopener\">@SyntaxFM</a></li> </ul> Shameless Plugs <ul> <li><a href=\"https://www.leveluptutorials.com/\" target=\"_blank\" rel=\"noopener\">Level Up Tuts</a> - check out scott's new shopping cart!</li> <li><a href=\"https://es6.io/\" target=\"_blank\" rel=\"noopener\">Wes just updated his ES6 course!</a></li> <li><a href=\"https://bos.af/\" target=\"_blank\" rel= \"noopener\">Stickers are coming!</a></li> </ul>","pubdate":"2017-09-27T14:23:00.000Z","link":"http://traffic.libsyn.com/syntax/Syntax013.mp3","guid":"3a9167ca1c34c5ea302ae93da1709729","image":"http://static.libsyn.com/p/assets/7/9/0/7/790703531a3c8eca/iTunes_Artwork.png","podcast":{"title":"Syntax - Tasty Web Development Treats","description":"Wes Bos and Scott Tolinski are two full stack web developers who like to break down complex topics and make them easy to understand.","image":"http://static.libsyn.com/p/assets/7/9/0/7/790703531a3c8eca/iTunes_Artwork.png"}},{"slug":"why-is-everyone-switching-to-vs-code-757564dd16d994d4831589254c6b564f","title":"Why is everyone switching to VS Code?","description":"<p>Scott and Wes talk about switching to VS Code. What is so good about it? Killer features? Must have Plugins!</p> Sponsor <p>Need to learn Docker? Check out Nick Janetakis' <a href= \"https://diveintodocker.com/ref-bwfff\" target=\"_blank\" rel= \"noopener\">Dive into Docker</a> course which is currently on sale!</p> Follow us on twitter! <ul> <li><a href=\"https://twitter.com/wesbos\" target=\"_blank\" rel= \"noopener\">Wes Bos</a></li> <li><a href=\"https://twitter.com/stolinski\" target=\"_blank\" rel= \"noopener\">Scott Tolinski</a></li> <li><a href=\"https://twitter.com/SyntaxFM\" target=\"_blank\" rel= \"noopener\">Syntax</a></li> </ul> Show Notes <ul> <li><a href= \"https://marketplace.visualstudio.com/items?itemName=wesbos.theme-cobalt2\" target=\"_blank\" rel=\"noopener\">Cobalt2 for VS Code</a></li> <li><a href=\"https://code.visualstudio.com/\" target=\"_blank\" rel= \"noopener\">Visual Studio Code</a></li> <li><a href= \"https://twitter.com/rachsmithtweets/status/907350440634748928\" target=\"_blank\" rel=\"noopener\">@rachsmithtweets 🔥 rename symbol tip</a> - you should follow her too!</li> <li>Use F8 to cycle through inline errors</li> <li>Open the problems tab to see all your applications errors and warnings</li> <li>The built in debugger</li> <li><a href= \"https://marketplace.visualstudio.com/items?itemName=dbaeumer.vscode-eslint\" target=\"_blank\" rel=\"noopener\">ESlint Package</a></li> <li>You can use the <a href= \"https://marketplace.visualstudio.com/items?itemName=esbenp.prettier-vscode\" target=\"_blank\" rel=\"noopener\">Prettier Package</a> on it's own, or use via your .eslintrc file and just use the above ESLint plugin.</li> <li><a href= \"https://marketplace.visualstudio.com/items?itemName=donjayamanne.githistory\" target=\"_blank\" rel=\"noopener\">Git History</a></li> <li><a href= \"https://marketplace.visualstudio.com/items?itemName=eamodio.gitlens\" target=\"_blank\" rel=\"noopener\">Git Lens</a></li> <li><a href= \"https://marketplace.visualstudio.com/items?itemName=msjsdiag.debugger-for-chrome\" target=\"_blank\" rel=\"noopener\">Debugger for Chrome</a></li> <li><a href= \"https://marketplace.visualstudio.com/items?itemName=naumovs.color-highlight\" target=\"_blank\" rel=\"noopener\">Color Highlight</a></li> <li>Settings: \"editor.formatOnSave\": true and \"eslint.autoFixOnSave\": true</li> <li><a href=\"http://wes.io/maOn\" target=\"_blank\" rel= \"noopener\">Wes' Current ESLint + Prettier Config</a></li> <li><a href= \"https://twitter.com/kurtinatlanta/status/909821362197401601\" target=\"_blank\" rel=\"noopener\">Grumpy Developer</a></li> <li><a href= \"https://marketplace.visualstudio.com/items?itemName=wix.vscode-import-cost\" target=\"_blank\" rel=\"noopener\">Import Cost</a></li> <li><a href= \"https://marketplace.visualstudio.com/items?itemName=christian-kohler.path-intellisense\" target=\"_blank\" rel=\"noopener\">Path Intellisense</a></li> <li><a href= \"https://marketplace.visualstudio.com/items?itemName=christian-kohler.npm-intellisense\" target=\"_blank\" rel=\"noopener\">npm Intellisense</a></li> <li><a href= \"https://marketplace.visualstudio.com/items?itemName=Zignd.html-css-class-completion\" target=\"_blank\" rel=\"noopener\">CSS Intellisense</a></li> <li><a href= \"https://marketplace.visualstudio.com/items?itemName=HvyIndustries.crane\" target=\"_blank\" rel=\"noopener\">PHP Intellisense</a></li> <li><a href= \"https://marketplace.visualstudio.com/items?itemName=felixfbecker.php-intellisense\" target=\"_blank\" rel=\"noopener\">Another PHP Intellisense</a></li> <li><a href= \"https://marketplace.visualstudio.com/items?itemName=be5invis.vscode-custom-css\" target=\"_blank\" rel=\"noopener\">Custom CSS and JS Loader</a></li> <li><a href= \"https://marketplace.visualstudio.com/items?itemName=wesbos.theme-cobalt2\" target=\"_blank\" rel=\"noopener\">Cobalt2 Theme</a></li> <li><a href= \"https://marketplace.visualstudio.com/items?itemName=Equinusocio.vsc-material-theme\" target=\"_blank\" rel=\"noopener\">Material Theme</a></li> <li><a href= \"https://marketplace.visualstudio.com/items?itemName=whizkydee.material-palenight-theme\" target=\"_blank\" rel=\"noopener\">Material Pale Night Theme</a></li> <li><a href= \"https://marketplace.visualstudio.com/items?itemName=pflannery.vscode-versionlens\" target=\"_blank\" rel=\"noopener\">Version Lens for npm</a></li> <li><a href= \"https://marketplace.visualstudio.com/items?itemName=alefragnani.project-manager\" target=\"_blank\" rel=\"noopener\">Project Manager</a></li> <li><a href= \"https://gist.github.com/stolinski/f49adedf7053b76634f437e824188a70\" target=\"_blank\" rel=\"noopener\">⌘ + # Tabs Key Bindings</a></li> <li><a href=\"https://www.youtube.com/watch?v=4q1tD39Mk_A\" target= \"_blank\" rel=\"noopener\">Scott's VS Code Series on YouTube</a></li> <li><a href= \"https://marketplace.visualstudio.com/items?itemName=ms-vscode.sublime-keybindings\" target=\"_blank\" rel=\"noopener\">Sublime Keymap for VS Code</a></li> <li><a href= \"https://moduscreate.com/es6-es2015-import-no-relative-path-webpack/\" target=\"_blank\" rel=\"noopener\">ES6 Absolute Imports with Webpack</a></li> </ul> Sick Picks <ul> <li>Scott: <a href=\"http://amzn.to/2ycbnul\" target=\"_blank\" rel=\"noopener\">Moonwalking with Einstein</a></li> <li>Wes: <a href=\"http://amzn.to/2xn0FDx\" target=\"_blank\" rel= \"noopener\">Yeti Rambler</a></li> <li>Wes: <a href= \"https://www.walmart.com/ip/Ozark-Trail-20-Ounce-Double-Wall-Vacuum-Sealed-Tumbler/178742177\" target=\"_blank\" rel=\"noopener\">Ozark Trail 20oz</a></li> <li>Scott outdoes Wes by 3oz: <a href=\"http://amzn.to/2yqjV1t\" target=\"_blank\" rel=\"noopener\">Bottl</a></li> </ul> Shameless Plugs <ul> <li><a href=\"https://www.leveluptutorials.com/\" target=\"_blank\" rel=\"noopener\">Level Up Tuts</a> - check out scott's new shopping cart!</li> <li><a href=\"https://wesbos.com/courses\" target=\"_blank\" rel= \"noopener\">Wes' Courses</a></li> <li><a href=\"https://bos.af/\" target=\"_blank\" rel= \"noopener\">Stickers are coming!</a></li> </ul>","pubdate":"2017-09-20T13:53:24.000Z","link":"http://traffic.libsyn.com/syntax/Syntax012.mp3","guid":"757564dd16d994d4831589254c6b564f","image":"http://static.libsyn.com/p/assets/7/9/0/7/790703531a3c8eca/iTunes_Artwork.png","podcast":{"title":"Syntax - Tasty Web Development Treats","description":"Wes Bos and Scott Tolinski are two full stack web developers who like to break down complex topics and make them easy to understand.","image":"http://static.libsyn.com/p/assets/7/9/0/7/790703531a3c8eca/iTunes_Artwork.png"}},{"slug":"our-favourite-productivity-hacks-9bc1809dae6fc0b237c99e54b3598204","title":"Our favourite Productivity Hacks 🔥","description":"<p>Scott and Wes - Do you sleep? How do you get so much done? You replied to me way too fast! We share our best productivity hot tips and the apps we use the GSD.</p> Sponsor <ul> <li><a href=\"https://freshbooks.com/syntax\" target=\"_blank\" rel= \"noopener\">Freshbooks</a> - Get 30 days free. Make sure to enter SYNTAX into the \"How did you hear about us\" section.</li> </ul> Follow us on twitter! <ul> <li><a href=\"https://twitter.com/wesbos\" target=\"_blank\" rel= \"noopener\">Wes Bos</a></li> <li><a href=\"https://twitter.com/stolinski\" target=\"_blank\" rel= \"noopener\">Scott Tolinski</a></li> <li><a href=\"https://twitter.com/SyntaxFM\" target=\"_blank\" rel= \"noopener\">Syntax</a></li> </ul> Show Notes <ul> <li><a href=\"https://www.alfredapp.com/\" target=\"_blank\" rel= \"noopener\">Alfred</a></li> <li><a href=\"http://www.packal.org/\" target=\"_blank\" rel= \"noopener\">Alfred Package Manager -Packal</a></li> <li><a href=\"http://www.packal.org/workflow/units\" target=\"_blank\" rel=\"noopener\">Alfred Units Conversion Workflow</a></li> <li><a href=\"https://github.com/wesbos/Cobalt2-Alfred-Theme\" target=\"_blank\" rel=\"noopener\">Cobalt2 Alfred Theme</a></li> <li><a href=\"http://www.packal.org/workflow/timezones\" target= \"_blank\" rel=\"noopener\">Alfred Timezones Workflow</a></li> <li><a href=\"https://github.com/ngreenstein/alfred-process-killer\" target=\"_blank\" rel=\"noopener\">Alfred Process Kill Workflow</a></li> <li>⌘+L makes text huge!</li> <li><a href= \"https://github.com/ruedap/alfred-font-awesome-workflow\" target= \"_blank\" rel=\"noopener\">Alfred Font Awesome Workflow</a></li> <li><a href= \"https://github.com/willfarrell/alfred-encode-decode-workflow\" target=\"_blank\" rel=\"noopener\">Alfred Encode / Decode Workflow</a></li> <li><a href=\"https://github.com/yannickglt/alfred-devdocs\" target= \"_blank\" rel=\"noopener\">Alfred DevDocs Workflow</a></li> <li><a href=\"https://github.com/deanishe/alfred-stackoverflow\" target=\"_blank\" rel=\"noopener\">Alfred Stack Overflow Workflow</a></li> <li><a href=\"https://clipy-app.com/\" target=\"_blank\" rel= \"noopener\">Clipy Clipboard Manager App</a></li> <li><a href=\"https://en.todoist.com/\" target=\"_blank\" rel= \"noopener\">Todoist</a></li> <li><a href=\"https://culturedcode.com/things/\" target=\"_blank\" rel= \"noopener\">Things App</a></li> <li><a href= \"https://www.amazon.ca/Getting-Things-Done-Stress-Free-Productivity/dp/0143126563/ref=pd_lpo_sbs_14_t_0?_encoding=UTF8&psc=1&refRID=MHJARXPDAEP4QJA5R0FP\" target=\"_blank\" rel=\"noopener\">Getting Things Done Book</a></li> <li><a href=\"https://git-scm.com/book/en/v2/Git-Basics-Git-Aliases\" target=\"_blank\" rel=\"noopener\">Git Alias</a></li> <li><a href=\"https://smilesoftware.com/textexpander\" target= \"_blank\" rel=\"noopener\">Text Expander</a></li> <li><a href=\"https://www.trankynam.com/atext/\" target=\"_blank\" rel= \"noopener\">aText</a></li> <li><a href=\"https://evernote.com/\" target=\"_blank\" rel= \"noopener\">Evernote</a></li> <li>[Video Speed Controller]<a href= \"https://chrome.google.com/webstore/detail/video-speed-controller/nffaoalbilbmmfgbnbgppjihopabppdk?hl=en(\" target=\"_blank\" rel= \"noopener\"> https://chrome.google.com/webstore/detail/video-speed-controller/nffaoalbilbmmfgbnbgppjihopabppdk?hl=en(</a>)</li> <li><a href=\"https://github.com/tekezo/Karabiner-Elements/\" target= \"_blank\" rel=\"noopener\">Karabiner Elements</a></li> <li><a href=\"https://www.boastr.net/\" target=\"_blank\" rel= \"noopener\">Better Touch Tool</a></li> <li><a href=\"https://heyfocus.com/\" target=\"_blank\" rel= \"noopener\">Focus App</a></li> <li><a href=\"https://selfcontrolapp.com/\" target=\"_blank\" rel= \"noopener\">Self Control App</a></li> <li><a href=\"http://macrabbit.com/slicy/\" target=\"_blank\" rel= \"noopener\">Slicy</a></li> <li><a href=\"https://www.figma.com/\" target=\"_blank\" rel= \"noopener\">Figma Exports</a></li> <li><a href=\"https://my.cl.ly/r/0O0c442O0w1Z0n3W\" target=\"_blank\" rel=\"noopener\">CloudApp</a></li> </ul> Keyboard Shortcuts You Should Know <p>Sorry windows users.</p> <ul> <li>⌘ + Tab switch between apps</li> <li>Press q to quit an app from this place</li> <li>⌘ + Backtick to switch between multiple windows of an app</li> <li>⌘ + T for a new tab</li> <li>⌘ + Shift + T to reopen a closed tab</li> <li>Crank up Key Repeat in your keyboard setting</li> <li>Option + ←/→ to move word-by-word</li> <li>Add Shift to select those itesm</li> <li>⌘+option+Arrow to switch tabs</li> <li>⌘ + Number to go to that tab #</li> <li><a href= \"http://localhost:3000/wesbos.com/osx-dialog-boxes-keyboard-tab/\" target=\"_blank\" rel=\"noopener\">Enable tabbing on OSX dialog Boxes</a></li> <li>Press question mark in any google app to get a list of shortcuts</li> </ul> Sick Picks <ul> <li>Scott: <a href=\"http://amzn.to/2iXXxZE\" target=\"_blank\" rel=\"noopener\">Rhino Sheild Case</a></li> <li>Wes: <a href= \"https://www.amazon.ca/Deep-Work-Focused-Success-Distracted/dp/1455586692\" target=\"_blank\" rel=\"noopener\">Deep Work</a></li> </ul> Shameless Plugs <ul> <li><a href=\"https://www.leveluptutorials.com/\" target=\"_blank\" rel=\"noopener\">Level Up Tuts</a></li> <li><a href=\"https://wesbos.com/coursres\" target=\"_blank\" rel= \"noopener\">Wes' Courses</a></li> </ul>","pubdate":"2017-09-13T13:58:37.000Z","link":"http://traffic.libsyn.com/syntax/Syntax011.mp3","guid":"9bc1809dae6fc0b237c99e54b3598204","image":"http://static.libsyn.com/p/assets/7/9/0/7/790703531a3c8eca/iTunes_Artwork.png","podcast":{"title":"Syntax - Tasty Web Development Treats","description":"Wes Bos and Scott Tolinski are two full stack web developers who like to break down complex topics and make them easy to understand.","image":"http://static.libsyn.com/p/assets/7/9/0/7/790703531a3c8eca/iTunes_Artwork.png"}},{"slug":"css-in-js-drama-free-b5c0b4cc7e36fdd3fb8daf141480ceb8","title":"CSS in JS 💅👩‍🎤💁🚒 (Drama Free!)","description":"<p>The most requested syntax episode ever! We break down CSS in JavaScript. Pros/Cons? What is it? What problems does it solve? What libraries should you use? Is it stupid or amazing?</p> Sponsor <ul> <li><a href=\"https://freshbooks.com/syntax\" target=\"_blank\" rel= \"noopener\">Freshbooks</a> - Get 30 days free. Make sure to enter SYNTAX into the \"How did you hear about us\" section.</li> </ul> Follow us on twitter! <ul> <li><a href=\"https://twitter.com/wesbos\" target=\"_blank\" rel= \"noopener\">Wes Bos</a></li> <li><a href=\"https://twitter.com/stolinski\" target=\"_blank\" rel= \"noopener\">Scott Tolinski</a></li> <li><a href=\"https://twitter.com/SyntaxFM\" target=\"_blank\" rel= \"noopener\">Syntax</a></li> </ul> Show Notes <ul> <li><a href=\"http://getbem.com/\" target=\"_blank\" rel= \"noopener\">BEM</a></li> <li><a href=\"https://www.styled-components.com/\" target=\"_blank\" rel=\"noopener\">Styled Components</a></li> <li><a href=\"https://github.com/tkh44/emotion\" target=\"_blank\" rel= \"noopener\">Emotion</a></li> <li><a href=\"https://github.com/FormidableLabs/radium\" target= \"_blank\" rel=\"noopener\">Radium</a></li> <li><a href=\"https://github.com/paypal/glamorous\" target=\"_blank\" rel=\"noopener\">Glamorous</a></li> <li><a href=\"https://github.com/zeit/styled-jsx\" target=\"_blank\" rel=\"noopener\">Styled JSX</a></li> </ul> Sick Picks <ul> <li><a href=\"http://www.boxyapp.co/\" target=\"_blank\" rel= \"noopener\">Boxyapp Mail Client</a></li> <li><a href=\"http://amzn.to/2wFYNpc\" target=\"_blank\" rel= \"noopener\">Airpods</a></li> </ul> Shameless Plugs <ul> <li><a href=\"https://www.leveluptutorials.com/\" target=\"_blank\" rel=\"noopener\">Grab Level Up Tuts before the price goes up!</a></li> <li><a href=\"https://moderndevtools.com/\" target=\"_blank\" rel= \"noopener\">Modern Dev Tools</a></li> </ul>","pubdate":"2017-09-06T14:02:47.000Z","link":"http://traffic.libsyn.com/syntax/Syntax010.mp3","guid":"b5c0b4cc7e36fdd3fb8daf141480ceb8","image":"http://static.libsyn.com/p/assets/7/9/0/7/790703531a3c8eca/iTunes_Artwork.png","podcast":{"title":"Syntax - Tasty Web Development Treats","description":"Wes Bos and Scott Tolinski are two full stack web developers who like to break down complex topics and make them easy to understand.","image":"http://static.libsyn.com/p/assets/7/9/0/7/790703531a3c8eca/iTunes_Artwork.png"}},{"slug":"dang-thats-handy-javascript-utility-libraries-cae7752a19684f6afa2147106c69f010","title":"Dang, that's handy! JavaScript Utility Libraries 🛠️","description":"<p>Scott and talk all about different JavaScript utility libraries that make you say \"Dang, that's handy!\"</p> Sponsor <ul> <li><a href=\"https://freshbooks.com/syntax\" target=\"_blank\" rel= \"noopener\">Freshbooks</a> - Get 30 days free. Make sure to enter SYNTAX into the \"How did you hear about us\" section.</li> </ul> Show Notes <ul> <li><a href=\"https://lodash.com/docs/4.17.4\" target=\"_blank\" rel= \"noopener\">Lodash</a></li> <li><a href=\"http://underscorejs.org/\" target=\"_blank\" rel= \"noopener\">Underscore</a></li> <li>You should follow <a href=\"https://twitter.com/jdalton\" target=\"_blank\" rel=\"noopener\">John David Dalton</a> on twitter</li> <li><a href=\"https://momentjs.com/\" target=\"_blank\" rel= \"noopener\">Moment.js</a></li> <li><a href= \"https://medium.com/@timrwood/moment-endof-term-522d8965689\" target=\"_blank\" rel=\"noopener\">moment().endOf(‘term’)</a></li> <li><a href=\"https://date-fns.org/\" target=\"_blank\" rel= \"noopener\">date-fns</a></li> <li><a href=\"https://www.npmjs.com/package/slugify\" target=\"_blank\" rel=\"noopener\">Slugify</a></li> <li><a href=\"https://github.com/pid/speakingurl\" target=\"_blank\" rel=\"noopener\">speakingurl</a></li> <li><a href= \"https://developer.mozilla.org/en/docs/Web/API/Fetch_API\" target= \"_blank\" rel=\"noopener\">Fetch API</a></li> <li><a href=\"https://github.com/mzabriskie/axios\" target=\"_blank\" rel=\"noopener\">Axios</a></li> <li><a href=\"https://www.npmjs.com/package/cookiejar\" target= \"_blank\" rel=\"noopener\">Cookie Jar</a></li> <li><a href=\"https://github.com/marcuswestin/store.js\" target= \"_blank\" rel=\"noopener\">store.js</a></li> <li><a href=\"https://github.com/zendesk/cross-storage\" target= \"_blank\" rel=\"noopener\">Cross Storage</a></li> <li><a href=\"https://github.com/marak/Faker.js/\" target=\"_blank\" rel=\"noopener\">Faker.js</a></li> <li><a href= \"https://developer.mozilla.org/en-US/docs/Web/API/URL/searchParams\" target=\"_blank\" rel=\"noopener\">Woah URL.searchParams() is a thing</a></li> <li><a href=\"https://www.npmjs.com/package/parseuri\" target= \"_blank\" rel=\"noopener\">Parse URI</a></li> <li><a href= \"https://www.npmjs.com/package/url-search-params-polyfill\" target= \"_blank\" rel=\"noopener\">url-search-params-polyfill</a></li> <li><a href=\"https://ngrok.com/\" target=\"_blank\" rel= \"noopener\">ngrok</a></li> <li><a href=\"https://www.browsersync.io/\" target=\"_blank\" rel= \"noopener\">Browsesync</a></li> <li><a href=\"https://caolan.github.io/async/\" target=\"_blank\" rel= \"noopener\">Async</a></li> <li><a href= \"https://gist.github.com/paulirish/12fb951a8b893a454b32\" target= \"_blank\" rel=\"noopener\">Bling.js</a></li> </ul> Sick Picks <ul> <li><a href=\"http://amzn.to/2vqp77J\" target=\"_blank\" rel= \"noopener\">Essentialism Book</a></li> <li><a href=\"http://amzn.to/2xLolPn\" target=\"_blank\" rel= \"noopener\">Essentialism Audiobook</a></li> <li><a href=\"http://amzn.to/2xwiy0W\" target=\"_blank\" rel= \"noopener\">Satechi Aluminum Multi-Port Adapter</a></li> <li><a href=\"http://amzn.to/2xwuGPm\" target=\"_blank\" rel= \"noopener\">Satechi all Docks</a></li> </ul> Shameless Plugs <ul> <li><a href=\"https://www.instagram.com/dhanishgajjar/\" target= \"_blank\" rel=\"noopener\">Dhanish Gajjar's Instagram</a></li> <li><a href=\"https://pawelgrzybek.com/snippet-generator/\" target= \"_blank\" rel=\"noopener\">Paweł Grzybek's Snippet Generator</a></li> </ul> Twitter <ul> <li><a href=\"https://twitter.com/wesbos\" target=\"_blank\" rel= \"noopener\">Wes Bos</a></li> <li><a href=\"https://twitter.com/stolinski\" target=\"_blank\" rel= \"noopener\">Scott Tolinski</a></li> <li><a href=\"https://twitter.com/SyntaxFM\" target=\"_blank\" rel= \"noopener\">Syntax</a></li> </ul>","pubdate":"2017-08-30T13:30:00.000Z","link":"http://traffic.libsyn.com/syntax/Syntax009.mp3","guid":"cae7752a19684f6afa2147106c69f010","image":"http://static.libsyn.com/p/assets/7/9/0/7/790703531a3c8eca/iTunes_Artwork.png","podcast":{"title":"Syntax - Tasty Web Development Treats","description":"Wes Bos and Scott Tolinski are two full stack web developers who like to break down complex topics and make them easy to understand.","image":"http://static.libsyn.com/p/assets/7/9/0/7/790703531a3c8eca/iTunes_Artwork.png"}},{"slug":"wes-bos-origin-story-5b5dec67b39c766d07f3e23cc6ec7254","title":"Wes Bos Origin Story 🎸💼💻🔥🐷","description":"<p>In this episode, Wes talks about his career path from a MySpace customizer to where he is now.</p> Sponsor <ul> <li><a href=\"https://freshbooks.com/syntax\">Freshbooks</a> - Get 30 days free. Make sure to enter SYNTAX into the \"How did you hear about us\" section.</li> </ul> Show Notes <ul> <li><a href=\"http://ps20.itgo.com/\">Brootal PS20.itgo.com</a></li> <li><a href=\"http://cdn-money.com/\">CDN Money</a></li> <li><a href= \"https://web.archive.org/web/20040715000000*/http://wesbos.com\">2004 WesBos.com</a></li> <li><a href= \"http://soft4inventory.com/blog/the-success-of-zara-technology-makes-it-possible/\"> The Success of Zara: Technology Makes It Possible</a></li> <li><a href=\"https://www.rei.com/\">REI</a></li> <li><a href= \"http://www.ryerson.ca/programs/undergraduate/business-technology-management/\"> BTM at Ryerson University</a></li> <li><a href=\"https://codex.wordpress.org/\">WordPress Codex</a></li> <li><a href=\"http://www.anglemediagroup.com/\">Angle Media Group</a></li> <li><a href=\"http://www.ryerson.ca/trsm-co-op/\">Ryerson Co-op</a></li> <li><a href=\"http://www.jetcooper.com/\">Jet Cooper</a></li> <li><a href=\"http://www.darcyclarke.me/\">Darcy Clarke</a></li> <li><a href=\"https://web.archive.org/web/*/dealpage.ca\">DealPage Daily Deal Aggregation</a></li> <li><a href=\"https://irc.jquery.org/\">jQuery IRC</a></li> <li><a href=\"http://yayquery.com/\">YayQuery</a></li> <li><a href=\"http://ladieslearningcode.com/\">Ladies Learning Code</a></li> <li><a href=\"http://hackeryou.com/\">HackerYou</a></li> <li><a href=\"http://wesbos.com/\">Wes' Blog</a></li> <li><a href=\"https://sublimetextbook.com/\">Sublime Text Book</a></li> <li><a href=\"https://commandlinepoweruser.com/\">Command Line Power User</a></li> <li><a href=\"https://flexbox.io/\">Flexbox.io</a></li> <li><a href=\"https://reactforbeginners.com/\">React For Beginners</a></li> <li><a href=\"https://es6.io/\">ES6 for Everyone</a></li> <li><a href=\"https://javascript30.com/\">JavaScript30</a></li> <li><a href=\"https://syntax.fm/\">This Podcast</a></li> </ul> Sick Picks <ul> <li><a href=\"https://motoread.com/\">MotoRead</a></li> </ul> Shameless Plugs <ul> <li><a href=\"https://wesbos.com/courses\">Wes' Courses</a></li> <li><a href=\"https://www.youtube.com/user/LevelUpTuts\">Level UP Tutorials Youtube</a></li> </ul> Twitter <ul> <li><a href=\"https://twitter.com/wesbos\">Wes Bos</a></li> <li><a href=\"https://twitter.com/stolinski\">Scott Tolinski</a></li> <li><a href=\"https://twitter.com/SyntaxFM\">Syntax</a></li> </ul>","pubdate":"2017-08-23T13:16:14.000Z","link":"http://traffic.libsyn.com/syntax/Syntax008.mp3","guid":"5b5dec67b39c766d07f3e23cc6ec7254","image":"http://static.libsyn.com/p/assets/7/9/0/7/790703531a3c8eca/iTunes_Artwork.png","podcast":{"title":"Syntax - Tasty Web Development Treats","description":"Wes Bos and Scott Tolinski are two full stack web developers who like to break down complex topics and make them easy to understand.","image":"http://static.libsyn.com/p/assets/7/9/0/7/790703531a3c8eca/iTunes_Artwork.png"}},{"slug":"scott-tolinski-origin-story-f71bc1e63c890248416278bdf3307497","title":"Scott Tolinski Origin Story 🎧 📹 💻 🕺","description":"<p>In this episode, Scott talks about his unconventional career path and how to grow your career by working on what you love.</p> Sponsor <ul> <li><a href=\"https://freshbooks.com/syntax\">Freshbooks</a> - Get 30 days free. Make sure to enter SYNTAX into the \"How did you hear about us\" section.</li> </ul> Show Notes <ul> <li><a href= \"https://www.music.umich.edu/departments/pat/index.php\">UofM Performing Arts Technology</a></li> <li><a href=\"http://www.devinkerr.com/\">Devin Kerr</a></li> <li><a href=\"http://partybabymusic.com/\">Jamie Schefman</a></li> <li><a href=\"http://michellechamuel.com/\">Michelle Chamuel</a></li> <li><a href=\"http://www.guitarworld.com/\">Guitar World</a></li> <li><a href=\"http://www.ghostly.com/\">Ghostly International</a></li> <li><a href=\"http://qltd.com/\">Q LTD</a></li> <li><a href=\"https://creative.umich.edu/\">Michigan Creative</a></li> <li><a href=\"http://www.ford.com/\">Ford</a></li> <li><a href=\"https://www.gtb.com/\">GTB</a></li> <li><a href=\"https://www.leveluptutorials.com/\">Level Up Tutorials</a></li> <li><a href= \"https://www.youtube.com/edit?o=U&video_id=ApwQLpJgmqc\">Scott Concussion</a></li> <li><a href=\"https://getatya.com/\">Atya</a></li> </ul> Sick Picks <ul> <li><a href=\"https://goodhertz.co/\">Good Hertz</a></li> </ul> Shameless Plugs <ul> <li><a href=\"https://wesbos.com/courses\">Wes' Courses</a></li> <li><a href=\"https://www.youtube.com/user/LevelUpTuts\">Level Up Tutorials Youtube</a></li> <li><a href=\"https://www.howtographql.com/\">How to GraphQL</a></li> </ul> Twitter <ul> <li><a href=\"https://twitter.com/wesbos\">Wes Bos</a></li> <li><a href=\"https://twitter.com/stolinski\">Scott Tolinski</a></li> <li><a href=\"https://twitter.com/SyntaxFM\">Syntax</a></li> </ul> <p> </p>","pubdate":"2017-08-16T14:00:00.000Z","link":"http://traffic.libsyn.com/syntax/Syntax007.mp3","guid":"f71bc1e63c890248416278bdf3307497","image":"http://static.libsyn.com/p/assets/7/9/0/7/790703531a3c8eca/iTunes_Artwork.png","podcast":{"title":"Syntax - Tasty Web Development Treats","description":"Wes Bos and Scott Tolinski are two full stack web developers who like to break down complex topics and make them easy to understand.","image":"http://static.libsyn.com/p/assets/7/9/0/7/790703531a3c8eca/iTunes_Artwork.png"}},{"slug":"accepting-money-on-the-internet-c47fbf6911463017dbc81fc2a90e5ebc","title":"Accepting Money on the Internet 💰💸","description":"<p>In this episode we talk about how to accept money on the internet including the ups of Stripe, the downs of PayPal.</p> Sponsor <ul> <li><a href=\"https://freshbooks.com/syntax\">Freshbooks</a> - Get 30 days free. Make sure to enter SYNTAX into the \"How did you hear about us\" section.</li> </ul> Show Notes <ul> <li><a href=\"http://www.apollodata.com/\">Apollo</a></li> <li><a href=\"http://dev.apollodata.com/react/\">React Apollo</a></li> <li><a href=\"https://graph.cool/\">GraphCool</a></li> <li><a href=\"http://stripe.com/\">Stripe</a></li> <li><a href=\"http://paypal.com/\">PayPal</a></li> <li><a href=\"https://www.braintreepayments.com/\">Braintree</a></li> <li><a href=\"https://stripe.com/docs\">Stripe Docs</a></li> <li><a href=\"https://wiki.whatwg.org/wiki/Autocomplete_Types\">HTML5 Autocomplete Types</a></li> <li><a href=\"https://stripe.com/docs/radar\">Stripe Radar</a></li> <li><a href= \"http://travelblogbreakthrough.com/canadian-paypal-users-transfer-usd-bank/\"> Royal Bank PayPal WorkAround</a></li> <li><a href=\"https://stripe.com/atlas\">Stripe Atlas</a></li> <li><a href= \"https://transferwise.com/u/wesleyb22\">Transferwise</a></li> <li><a href=\"https://stripe.com/bitcoin\">Stripe Bitcoin</a></li> </ul> Sick Picks <ul> <li><a href= \"https://www.youtube.com/user/chefsteps\">ChefSteps</a></li> <li><a href=\"http://what-cha.com/\">What Cha Tea</a></li> </ul> Shameless Plugs <ul> <li><a href=\"https://wesbos.com/courses\">Wes' Courses</a></li> <li><a href=\"https://www.youtube.com/user/LevelUpTuts\">Level UP Tutorials Youtube</a></li> <li><a href=\"https://www.howtographql.com/\">How to GraphQL</a></li> </ul> Twitter <ul> <li><a href=\"https://twitter.com/wesbos\">Wes Bos</a></li> <li><a href=\"https://twitter.com/stolinski\">Scott Tolinski</a></li> <li><a href=\"https://twitter.com/SyntaxFM\">Syntax</a></li> </ul>","pubdate":"2017-08-09T15:30:00.000Z","link":"http://traffic.libsyn.com/syntax/Syntax006.mp3","guid":"c47fbf6911463017dbc81fc2a90e5ebc","image":"http://static.libsyn.com/p/assets/7/9/0/7/790703531a3c8eca/iTunes_Artwork.png","podcast":{"title":"Syntax - Tasty Web Development Treats","description":"Wes Bos and Scott Tolinski are two full stack web developers who like to break down complex topics and make them easy to understand.","image":"http://static.libsyn.com/p/assets/7/9/0/7/790703531a3c8eca/iTunes_Artwork.png"}},{"slug":"how-to-slam-dunk-freelancing-d9cdb5913780b7bd1952a83f9375ac79","title":"How to Slam Dunk Freelancing 🏀🤑","description":"Sponsor <ul> <li><a href=\"https://deliciousbrains.com/syntax\">Deliciousbrains WP Migrate DB Pro</a> - Use the code SYNTAX for 20% off</li> </ul> Show Notes <ul> <li><a href=\"https://bos.af/\">Stickers</a> - SOLD OUT MORE SOON</li> <li><a href=\"http://scotttolinski.com/\">Scott's Personal Website on Gatsby</a></li> <li><a href=\"https://www.youtube.com/watch?v=xqaThBnesfY\">Gatsby Codealong</a></li> <li><a href=\"https://github.com/gatsbyjs/gatsby\">Gatsby</a></li> <li><a href=\"https://mjml.io/\">MJML Email Framework</a></li> <li><a href=\"http://amzn.to/2f8y8Li\">The E-Myth Revisited Book</a></li> <li><a href=\"http://amzn.to/2uZ9CQw\">Design is a Job</a></li> <li><a href= \"https://www.freshbooks.com/blog/breakingthetimebarrier\">Breaking the Time Barrier</a></li> <li><a href=\"https://basecamp.com/\">Basecamp</a></li> <li><a href=\"https://trello.com/\">Trello</a></li> <li><a href= \"http://www.shareasale.com/r.cfm?B=963929&U=976068&M=52946&urllink=\"> Freshbooks</a></li> <li><a href=\"https://www.waveapps.com/\">Wave</a></li> </ul> Sick Picks <ul> <li><a href=\"https://github.com/tekezo/Karabiner-Elements/\">Hyper Key + Karabiner Elements</a></li> <li><a href=\"https://www.boastr.net/\">Better Touch Tool</a></li> <li><a href= \"https://www.viceland.com/en_us/show/king-of-the-road\">King of the Road</a></li> </ul> Twitter <ul> <li><a href=\"https://twitter.com/wesbos\">Wes Bos</a></li> <li><a href=\"https://twitter.com/stolinski\">Scott Tolinski</a></li> <li><a href=\"https://twitter.com/SyntaxFM\">Syntax</a></li> </ul>","pubdate":"2017-08-02T14:55:51.000Z","link":"http://traffic.libsyn.com/syntax/Syntax005.mp3","guid":"d9cdb5913780b7bd1952a83f9375ac79","image":"http://static.libsyn.com/p/assets/7/9/0/7/790703531a3c8eca/iTunes_Artwork.png","podcast":{"title":"Syntax - Tasty Web Development Treats","description":"Wes Bos and Scott Tolinski are two full stack web developers who like to break down complex topics and make them easy to understand.","image":"http://static.libsyn.com/p/assets/7/9/0/7/790703531a3c8eca/iTunes_Artwork.png"}},{"slug":"javascript-tooling-004-7e5dbc453f1cfba567cc158c4ad3f5ce","title":"JavaScript Tooling - 004","description":"Show Notes <ul> <li><a href= \"https://deliciousbrains.com/wp-migrate-db-pro/\">Deliciousbrains WP Migrate DB Pro</a></li> <li><a href=\"http://wesbos.com/\">WesBos Website</a></li> <li><a href=\"https://leveluptutorials.com/\">Level Up Tutorials</a></li> <li><a href=\"http://www.yes-www.org/why-use-www/\">WHY USE WWW?</a></li> <li><a href=\"https://webpack.github.io/\">Webpack</a></li> <li><a href=\"https://babeljs.io/\">Babel</a></li> <li><a href=\"http://eslint.org/\">ESLint</a></li> <li><a href= \"https://github.com/prettier/prettier\">Prettier</a></li> <li><a href=\"https://github.com/babel/babili\">Babili</a></li> <li><a href=\"https://prepack.io/\">Prepack</a></li> </ul> Sick Picks <a href= \"https://www.figma.com/\">Figma</a> <p>Turn Ideas into Products Faster Design, prototype, and gather feedback all in one place with Figma.</p>  <a href=\"http://www.caldigit.com/thunderbolt-3-dock/#TS3\">CalDigit TS3 Dock</a> <p>The TS3 is designed for users who require their Thunderbolt™ dock to act as the main charging hub for their laptop. Delivering the reality of single cable charging, ONE Thunderbolt™ 3 cable is all it takes for a clean, elegant and streamlined workspace.</p> Shameless Plugs <a href= \"https://javascript30.com/\">JavaScript30</a> <p>A Free 30 Day Vanilla JS Coding Challenge Course. Build 30 things in 30 days with 30 tutorials. No Frameworks No Compilers No Libraries No Boilerplate. Join 101,746 others.</p>  <a href= \"https://www.leveluptutorials.com/store/products/tutorials/lut-dd014\"> React Native for everyone</a> Twitter <ul> <li><a href=\"https://twitter.com/wesbos\">Wes Bos</a></li> <li><a href=\"https://twitter.com/stolinski\">Scott Tolinski</a></li> </ul>","pubdate":"2017-07-26T17:00:00.000Z","link":"http://traffic.libsyn.com/syntax/Syntax004.mp3","guid":"7e5dbc453f1cfba567cc158c4ad3f5ce","image":"http://static.libsyn.com/p/assets/7/9/0/7/790703531a3c8eca/iTunes_Artwork.png","podcast":{"title":"Syntax - Tasty Web Development Treats","description":"Wes Bos and Scott Tolinski are two full stack web developers who like to break down complex topics and make them easy to understand.","image":"http://static.libsyn.com/p/assets/7/9/0/7/790703531a3c8eca/iTunes_Artwork.png"}},{"slug":"css-preprocessors-and-structuring-css-003-116f0b7c607fee94ff6949bc3f2f86d4","title":"CSS Preprocessors and Structuring CSS - 003","description":"Show Notes <ul> <li><a href=\"http://wesbos.com/\">WesBos Website</a></li> <li><a href=\"https://leveluptutorials.com/\">Level Up Tutorials</a></li> <li><a href=\"http://graphql.org/\">GraphQL</a></li> <li><a href=\"https://dinosaurjs.org/\">Dinosaur JS Conference</a></li> <li><a href=\"https://angular.io/\">Angular</a></li> <li><a href=\"https://pugjs.org/api/getting-started.html\">Pug / Jade</a></li> <li><a href=\"http://www.embeddedjs.com/\">EJS</a></li> <li><a href=\"https://en.bem.info/methodology/\">BEM Methodology</a></li> <li><a href=\"http://stylus-lang.com/\">Stylus</a></li> <li><a href=\"http://jescalan.github.io/rupture/\">Rupture</a></li> <li><a href=\"http://lesscss.org/\">Less</a></li> <li><a href=\"http://sass-lang.com/\">Sass</a></li> <li><a href=\"http://postcss.org/\">PostCSS</a></li> <li><a href=\"https://github.com/postcss/autoprefixer\">PostCSS Autoprefixer</a></li> <li><a href= \"https://simplaio.github.io/rucksack/\">RuckSack</a></li> <li><a href=\"http://cssnext.io/\">cssnext</a></li> <li><a href=\"http://lostgrid.org/\">LostGrid</a></li> <li><a href=\"http://getbootstrap.com/\">Bootstrap</a></li> <li><a href=\"http://haml.info/\">Haml</a></li> <li><a href=\"https://babeljs.io/\">Babel</a></li> <li><a href=\"https://flickity.metafizzy.co/\">Flickity Plugin</a></li> <li><a href=\"https://webpack.js.org/\">webpack</a></li> <li><a href=\"http://compass-style.org/\">Compass</a></li> <li><a href=\"https://facebook.github.io/react/\">React</a></li> </ul> <a id=\"user-content-sick-picks\" class=\"anchor\" href= \"https://github.com/wesbos/Syntax/blob/master/shows/003%20-%20CSS%20Preprocessors%20and%20Structuring%20CSS.md#sick-picks\" name=\"user-content-sick-picks\"></a>Sick Picks <a id=\"user-content-bartender-2\" class=\"anchor\" href= \"https://github.com/wesbos/Syntax/blob/master/shows/003%20-%20CSS%20Preprocessors%20and%20Structuring%20CSS.md#bartender-2\" name=\"user-content-bartender-2\"></a><a href= \"https://www.macbartender.com/\">Bartender 2</a> <p>Lets you organize your menu bar apps, by hiding them, rearranging them, or moving them to the Bartender Bar.</p> <a id=\"user-content-vanilla\" class=\"anchor\" href= \"https://github.com/wesbos/Syntax/blob/master/shows/003%20-%20CSS%20Preprocessors%20and%20Structuring%20CSS.md#vanilla\" name=\"user-content-vanilla\"></a><a href= \"http://matthewpalmer.net/vanilla/\">Vanilla</a> <p>Hide menu bar icons on your Mac.</p> <a id=\"user-content-power-blocks\" class=\"anchor\" href= \"https://github.com/wesbos/Syntax/blob/master/shows/003%20-%20CSS%20Preprocessors%20and%20Structuring%20CSS.md#power-blocks\" name=\"user-content-power-blocks\"></a><a href= \"http://www.powerblock.com/\">Power Blocks</a> <p>One set of Power Block replaces racks of dumbbells</p> <a id=\"user-content-shameless-plugs\" class=\"anchor\" href= \"https://github.com/wesbos/Syntax/blob/master/shows/003%20-%20CSS%20Preprocessors%20and%20Structuring%20CSS.md#shameless-plugs\" name=\"user-content-shameless-plugs\"></a>Shameless Plugs <a id=\"user-content-javascript30\" class=\"anchor\" href= \"https://github.com/wesbos/Syntax/blob/master/shows/003%20-%20CSS%20Preprocessors%20and%20Structuring%20CSS.md#javascript30\" name=\"user-content-javascript30\"></a><a href= \"https://javascript30.com/\">JavaScript30</a> <p>A Free 30 Day Vanilla JS Coding Challenge Course. Build 30 things in 30 days with 30 tutorials. No Frameworks No Compilers No Libraries No Boilerplate. Join 101,746 others.</p> <a id= \"user-content-the-sketch-course--ux-prototyping-with-principle-combo\" class=\"anchor\" href= \"https://github.com/wesbos/Syntax/blob/master/shows/003%20-%20CSS%20Preprocessors%20and%20Structuring%20CSS.md#the-sketch-course--ux-prototyping-with-principle-combo\" name= \"user-content-the-sketch-course--ux-prototyping-with-principle-combo\"> </a><a href= \"https://store.leveluptutorials.com/products/tutorials/lut-dd013008\">The Sketch Course & UX Prototyping with Principle Combo</a> <p>Limited Sale Price: $39.99 $49.99</p> <p>Learn the new industry standard for web design. Become an expert in the app that is changing how designers work in the modern web and app design world.</p> <p><em>Animate Your Ideas, Design Better Apps</em></p> <p>Principle makes it easy to design animated and interactive user interfaces. Whether you're designing the flow of a multi-screen app, or new interactions and animations, Principle lets you create designs that look and feel amazing.</p> <a id=\"user-content-twitter\" class=\"anchor\" href= \"https://github.com/wesbos/Syntax/blob/master/shows/003%20-%20CSS%20Preprocessors%20and%20Structuring%20CSS.md#twitter\" name=\"user-content-twitter\"></a>Twitter <ul> <li><a href=\"https://twitter.com/wesbos\">Wes Bos</a></li> <li><a href=\"https://twitter.com/stolinski\">Scott Tolinski</a></li> </ul>","pubdate":"2017-07-19T12:00:00.000Z","link":"http://traffic.libsyn.com/syntax/Syntax003.mp3","guid":"116f0b7c607fee94ff6949bc3f2f86d4","image":"http://static.libsyn.com/p/assets/7/9/0/7/790703531a3c8eca/iTunes_Artwork.png","podcast":{"title":"Syntax - Tasty Web Development Treats","description":"Wes Bos and Scott Tolinski are two full stack web developers who like to break down complex topics and make them easy to understand.","image":"http://static.libsyn.com/p/assets/7/9/0/7/790703531a3c8eca/iTunes_Artwork.png"}},{"slug":"webcam-and-audio-access-with-webrtc-and-getusermedia-002-abe8cb60682a8127644f0927afea4adc","title":"Webcam and audio access with WebRTC and getUserMedia() - 002","description":"Show Notes <ul> <li><a href=\"https://webrtc.org/\">WebRTC</a></li> <li><a href= \"https://www.theregister.co.uk/2016/04/13/apple_rolling_webrtc_into_webkit/\"> Apple WebRTC Support</a></li> <li><a href= \"https://w3c.github.io/mediacapture-main/getusermedia.html\">GetUserMedia</a></li> <li><a href=\"https://slack.com/\">Slack</a></li> <li><a href=\"https://webtorrent.io/\">WebTorrent</a> <ul> <li><a href= \"https://github.com/webtorrent/webtorrent\">https://github.com/webtorrent/webtorrent</a></li> </ul> </li> <li><a href= \"https://github.com/wesbos/Syntax/blob/master/shows/TBC\">Soctt WebRtc Mirror - TBC</a></li> <li><a href= \"https://developer.mozilla.org/en-US/docs/Web/API/MediaRecorder\">MediaRecorder</a></li> <li><a href=\"https://electron.atom.io/\">Electron</a></li> <li><a href=\"https://getkap.co/\">Kap</a></li> <li><a href=\"https://github.com/wesbos/HTML5-Security-Camera\">Wes Security Cam</a></li> <li><a href= \"https://github.com/wesbos/Syntax/blob/master/shows/TBC\">Scott Colorbars YouTube - TBC</a></li> <li><a href=\"https://github.com/wesbos/HTML5-Face-Detection\">Wes Face Detection</a></li> <li><a href=\"https://conferences.oreilly.com/fluent/fl-ca\">Fluent Conf</a></li> </ul> <a id=\"user-content-sick-picks\" class=\"anchor\" href= \"https://github.com/wesbos/Syntax/blob/master/shows/002%20-%20Webcam%20and%20audio%20access%20with%20WebRTC%20and%20getUserMedia().md#sick-picks\" name=\"user-content-sick-picks\"></a>Sick Picks <ul> <li><a href=\"https://www.peakdesign.com/everyday-backpack\">Peak Design Everyday Backpack</a></li> <li><a href=\"https://www.youtube.com/watch?v=Wf8US4LJp1w\">Everyday Backpack Video</a></li> <li><a href=\"https://quik.gopro.com/\">Quik by GoPro</a></li> <li><a href=\"https://spliceapp.com/\">Splice</a></li> </ul> <a id=\"user-content-shameless-plugs\" class=\"anchor\" href= \"https://github.com/wesbos/Syntax/blob/master/shows/002%20-%20Webcam%20and%20audio%20access%20with%20WebRTC%20and%20getUserMedia().md#shameless-plugs\" name=\"user-content-shameless-plugs\"></a>Shameless Plugs <a id=\"user-content-javascript30\" class=\"anchor\" href= \"https://github.com/wesbos/Syntax/blob/master/shows/002%20-%20Webcam%20and%20audio%20access%20with%20WebRTC%20and%20getUserMedia().md#javascript30\" name=\"user-content-javascript30\"></a><a href= \"https://javascript30.com/\">JavaScript30</a> <p>A Free 30 Day Vanilla JS Coding Challenge Course. Build 30 things in 30 days with 30 tutorials. No Frameworks No Compilers No Libraries No Boilerplate. Join 101,746 others.</p> <a id=\"user-content-level-up-tutorials\" class=\"anchor\" href= \"https://github.com/wesbos/Syntax/blob/master/shows/002%20-%20Webcam%20and%20audio%20access%20with%20WebRTC%20and%20getUserMedia().md#level-up-tutorials\" name=\"user-content-level-up-tutorials\"></a><a href= \"https://leveluptutorials.com/\">Level Up Tutorials</a> <p>Over 860 free video tutorials for beginners, intermediate and expert web professionals. Level Up your skills with clear, high production, free video tutorials.</p> <a id=\"user-content-twitter\" class=\"anchor\" href= \"https://github.com/wesbos/Syntax/blob/master/shows/002%20-%20Webcam%20and%20audio%20access%20with%20WebRTC%20and%20getUserMedia().md#twitter\" name=\"user-content-twitter\"></a>Twitter <ul> <li><a href=\"https://twitter.com/syntaxfm\">@Syntax</a></li> <li><a href=\"https://twitter.com/wesbos\">@wesbos</a></li> <li><a href=\"https://twitter.com/stolinski\">@stolinski</a></li> </ul>","pubdate":"2017-07-12T12:00:00.000Z","link":"http://traffic.libsyn.com/syntax/syntax002.mp3","guid":"abe8cb60682a8127644f0927afea4adc","image":"http://static.libsyn.com/p/assets/7/9/0/7/790703531a3c8eca/iTunes_Artwork.png","podcast":{"title":"Syntax - Tasty Web Development Treats","description":"Wes Bos and Scott Tolinski are two full stack web developers who like to break down complex topics and make them easy to understand.","image":"http://static.libsyn.com/p/assets/7/9/0/7/790703531a3c8eca/iTunes_Artwork.png"}},{"slug":"react-tools-001-4cb16f0b4d505ab92cc9dbfc23736640","title":"React Tools - 001","description":"Show Notes <ul> <li><a href=\"https://wesbos.com/\">Wes Bos' Site</a></li> <li><a href=\"https://leveluptutorials.com/\">Level Up Tutorials site</a></li> <li><a href=\"https://www.youtube.com/user/LevelUpTuts\">Level Up Tutorials YouTube channel</a></li> <li><a href=\"https://leveluptutorials.com/\">Scott Tolinski personal site</a></li> <li><a href=\"https://www.cloudflare.com/\">Cloudflare</a></li> <li><a href=\"https://learnnextjs.com/\">Next.js</a></li> <li><a href=\"https://github.com/now-examples/next-news\">Hacker News Example in Next.js</a></li> <li><a href=\"http://graphql.org/learn/\">GraphQL</a></li> <li><a href=\"https://www.graph.cool/\">Graphcool</a></li> <li><a href= \"https://github.com/facebookincubator/create-react-app\">create-react-app</a></li> <li><a href=\"https://github.com/facebook/react-devtools\">React dev-tools</a></li> <li><a href=\"https://github.com/gaearon/redux-devtools\">Redux dev-tools</a></li> <li><a href=\"https://preactjs.com/\">Preact.js</a></li> <li><a href=\"https://github.com/storybooks/storybook\">React Storybook</a></li> <li><a href=\"https://www.meteor.com/\">Meteor</a></li> <li><a href=\"http://blazejs.org/\">Blaze</a></li> </ul> <a id=\"user-content-sick-picks\" class=\"anchor\" href= \"https://github.com/wesbos/Syntax/blob/master/shows/001%20-%20React%20Tools.md#sick-picks\" name=\"user-content-sick-picks\"></a>Sick Picks <ul> <li>Wes: <a href=\"https://parcelapp.net/\">Parcel App</a></li> <li>Scott: <a href=\"https://fishshell.com/\">Fish shell</a></li> </ul> <a id=\"user-content-shameless-plugs\" class=\"anchor\" href= \"https://github.com/wesbos/Syntax/blob/master/shows/001%20-%20React%20Tools.md#shameless-plugs\" name=\"user-content-shameless-plugs\"></a>Shameless Plugs <ul> <li><a href=\"http://wesbos.com/learn-node/\">Learn Node</a></li> <li><a href= \"https://store.leveluptutorials.com/products/tutorials/lut-dd014\">React Native for everyone</a></li> </ul>","pubdate":"2017-07-05T12:00:00.000Z","link":"http://traffic.libsyn.com/syntax/syntax001_4.mp3","guid":"4cb16f0b4d505ab92cc9dbfc23736640","image":"http://static.libsyn.com/p/assets/7/9/0/7/790703531a3c8eca/iTunes_Artwork.png","podcast":{"title":"Syntax - Tasty Web Development Treats","description":"Wes Bos and Scott Tolinski are two full stack web developers who like to break down complex topics and make them easy to understand.","image":"http://static.libsyn.com/p/assets/7/9/0/7/790703531a3c8eca/iTunes_Artwork.png"}},{"slug":"syntax-000-preview-39cdb0e187c02a0eb28d0c7744adae64","title":"Syntax 000 - PREVIEW","description":"<p>Subscribe to this podcast in your player of choice! Links available over at https://Syntax.fm</p>","pubdate":"2017-06-27T20:46:30.000Z","link":"http://feed.syntax.fm/syntax-000-preview","guid":"39cdb0e187c02a0eb28d0c7744adae64","image":"http://static.libsyn.com/p/assets/7/9/0/7/790703531a3c8eca/iTunes_Artwork.png","podcast":{"title":"Syntax - Tasty Web Development Treats","description":"Wes Bos and Scott Tolinski are two full stack web developers who like to break down complex topics and make them easy to understand.","image":"http://static.libsyn.com/p/assets/7/9/0/7/790703531a3c8eca/iTunes_Artwork.png"}}]}