{"Name":"Podstr","LongName":"Podstr","lowerAppName":"Podstr","slug":"that-vat-thing","title":"That VAT Thing","description":"<p>This week Keir tries to speak “Somerset” and no surprises for guessing the outcome of that one. Once that’s done and dusted we take a look at the rise in <a href=\"http://en.wikipedia.org/wiki/Markdown\">Markdown</a> based writing apps, examine a new ebook service from <a href=\"http://liber.io\">Liberio</a>, try and fail to work out the implications of the new <a href=\"https://www.gov.uk/government/publications/vat-supplying-digital-services-and-the-vat-mini-one-stop-shop/vat-supplying-digital-services-and-the-vat-mini-one-stop-shop\">EU VAT place of supply rule</a> for digital services and finally round it out with a chat about at a new comms tool.</p>\n\n<ul>\n  <li><a href=\"http://realmacsoftware.com/typed\">Typed</a></li>\n  <li><a href=\"http://usewhiskey.com/\">Whiskey</a></li>\n  <li><a href=\"http://liber.io/blog/introducing-the-ebooks-to-go\">Liberio -“eBooks to go”</a></li>\n  <li><a href=\"http://www.smashingmagazine.com/2014/10/10/interview-with-cat-noone/\">Cat Noone interview on Smashing Magazine</a></li>\n  <li><a href=\"https://www.sendowl.com/blog/np-eu-vat-2015-proof-of-address.html\">Sendowl and the VAT question</a></li>\n  <li><a href=\"http://rachelandrew.co.uk/archives/2014/11/30/how-the-eu-vat-rules-make-eu-startups-and-digital-businesses-uncompetitive-in-a-global-market/\">Rachel Andrew on the VAT rules</a></li>\n  <li><a href=\"https://www.wire.com/\">Wire</a></li>\n</ul>","layout":"default","app-shell":"app","body":"<div class=\"container\">  <div class=\"row\">\r\n    <div class=\"card\">\r\n      <img src=\"https://backtofrontshow.com/img/itunes-3000x3000.png\" alt=\"That VAT Thing\" class=\"card-img-top\">\r\n      <div class=\"card-body\">\r\n        <h3 class=\"card-title\">That VAT Thing</h3>\r\n      </div>\r\n      <i class=\"fa fa-plus\" aria-hidden=\"true\"></i>\r\n    </div>\r\n  </div>\r\n  <div class=\"row\">\r\n    <audio src=\"https://api.spreaker.com/download/episode/8734727/ep105_mixdown.mp3\" controls=\"controls\"></audio>\r\n  </div>\r\n  <div class=\"row\">\r\n    <p><p>This week Keir tries to speak “Somerset” and no surprises for guessing the outcome of that one. Once that’s done and dusted we take a look at the rise in <a href=\"http://en.wikipedia.org/wiki/Markdown\">Markdown</a> based writing apps, examine a new ebook service from <a href=\"http://liber.io\">Liberio</a>, try and fail to work out the implications of the new <a href=\"https://www.gov.uk/government/publications/vat-supplying-digital-services-and-the-vat-mini-one-stop-shop/vat-supplying-digital-services-and-the-vat-mini-one-stop-shop\">EU VAT place of supply rule</a> for digital services and finally round it out with a chat about at a new comms tool.</p>\n\n<ul>\n <li><a href=\"http://realmacsoftware.com/typed\">Typed</a></li>\n <li><a href=\"http://usewhiskey.com/\">Whiskey</a></li>\n <li><a href=\"http://liber.io/blog/introducing-the-ebooks-to-go\">Liberio -“eBooks to go”</a></li>\n <li><a href=\"http://www.smashingmagazine.com/2014/10/10/interview-with-cat-noone/\">Cat Noone interview on Smashing Magazine</a></li>\n <li><a href=\"https://www.sendowl.com/blog/np-eu-vat-2015-proof-of-address.html\">Sendowl and the VAT question</a></li>\n <li><a href=\"http://rachelandrew.co.uk/archives/2014/11/30/how-the-eu-vat-rules-make-eu-startups-and-digital-businesses-uncompetitive-in-a-global-market/\">Rachel Andrew on the VAT rules</a></li>\n <li><a href=\"https://www.wire.com/\">Wire</a></li>\n</ul></p>\r\n  </div>\r\n</div>","author":"Chris Love","facebook-publisher":"https://www.facebook.com/Love2Dev/","twitter":"ChrisLove","google-plus":"https://plus.google.com/b/110904107389779237581/?pageId=110904107389779237581","linkedin":"https://www.linkedin.com/in/Love2Dev/","pinterest":"https://www.pinterest.com/docluv/","youtube":"https://www.youtube.com/channel/UC3mfh2MN-5D-zOyiRLp9H6g","bing-user-key":"7EDAB92AF63E3B35E57195D810D64C57","image":{"url":"https://backtofrontshow.com/img/itunes-3000x3000.png","width":3000,"height":3000},"cache":{},"headers":{"Cache-Control":"public, max-age=30240, s-max-age=1200"},"meta":{"type":"article","og:type":"article","section":"progressive web apps","url":"https://podstr.love2dev.com/","route":"/"},"subtitle":null,"featured-image":"img/pwa-podstr-logo-600x310.png","abstract":"<img align='left' src='img/pwa-podstr-logo-600x310.png' style='margin: 18px 18px 18px 6px; float: left; display: inline' lazyload='1' lazyload='1' />Two years, it&#39;s hard to comprehend how fast the time has flown and how much my life has changed. November 2 marked my two year anniversary with Tellago and I thought I would try to express what these past two years have been like today, Thanksgiving. Back in July 2010, after about 8 months after joining Tellago I wrote about my experiences and thankfulness at the time. ","approved":true,"published":"2014-12-11T22:18:07.000Z","active":true,"tags":[],"publishedDay":20,"publishedMonth":10,"publishedYear":2117,"pubdate":"2014-12-11T22:18:07.000Z","link":"https://api.spreaker.com/download/episode/8734727/ep105_mixdown.mp3","guid":"https://backtofrontshow.com/episode-35/","podcast":{"title":"The Back to Front Show","description":"The Back to Front show was started in 2013 by web industry veterans Keir Whitaker and Kieran Masterton. Over the first 40 episodes they have discussed everything from web design and development to startups and dog related tech. Today the focus has shifted and includes topics including remote working, working in the web industry, productivity, hipster beards and much more. Released irregularly but always produced with passion The Back to Front Show runs for around 40 minutes per episode and comes to you from the beautiful West Country in the UK. Thanks for listening.","image":"https://backtofrontshow.com/img/itunes-3000x3000.png"}}