{"Name":"The World of Web Development","LongName":"The World of Web Development","lowerAppName":"The World of Web Development","slug":"the-world-of-web-development","title":"The World of Web Development","description":"Robert Dewitt / Anchor","layout":"default","app-shell":"app","body":"<div class=\"container\">  <div class=\"row\">\r\n    <div class=\"card\">\r\n      <img src=\"[object Object]\" alt=\"The World of Web Development\" class=\"card-img-top\">\r\n      <div class=\"card-body\">\r\n        <h3 class=\"card-title\">The World of Web Development</h3>\r\n      </div>\r\n      <i class=\"fa fa-plus\" aria-hidden=\"true\"></i>\r\n    </div>\r\n  </div>\r\n  <div class=\"row\">\r\n    <audio src=\"https://api.spreaker.com/download/episode/8734727/ep105_mixdown.mp3\" controls=\"controls\"></audio>\r\n  </div>\r\n  <div class=\"row\">\r\n    <p>Robert Dewitt / Anchor</p>\r\n  </div>\r\n</div>","author":"Chris Love","facebook-publisher":"https://www.facebook.com/Love2Dev/","twitter":"ChrisLove","google-plus":"https://plus.google.com/b/110904107389779237581/?pageId=110904107389779237581","linkedin":"https://www.linkedin.com/in/Love2Dev/","pinterest":"https://www.pinterest.com/docluv/","youtube":"https://www.youtube.com/channel/UC3mfh2MN-5D-zOyiRLp9H6g","bing-user-key":"7EDAB92AF63E3B35E57195D810D64C57","image":{"url":"http://is3.mzstatic.com/image/thumb/Music128/v4/db/cd/a5/dbcda5bb-39d5-4ebc-46c2-6817fd8ac334/source/600x600bb.jpg","width":600,"height":600},"cache":{},"headers":{"Cache-Control":"public, max-age=30240, s-max-age=1200"},"meta":{"type":"article","og:type":"article","section":"progressive web apps","url":"https://podstr.love2dev.com/","route":"/"},"subtitle":null,"featured-image":"img/pwa-podstr-logo-600x310.png","abstract":"Robert Dewitt / Anchor","approved":true,"published":"2017-08-09T15:30:00.000Z","active":true,"tags":[],"publishedDay":20,"publishedMonth":10,"publishedYear":2117,"pubdate":"2017-08-09T15:30:00.000Z","link":"https://api.spreaker.com/download/episode/8734727/ep105_mixdown.mp3","guid":"c47fbf6911463017dbc81fc2a90e5ebc","podcast":{"title":"Podcast Title","description":"podcast description.","image":"img/pwa-podstr-logo-310x310.png"},"collectionId":1274139715,"feedUrl":"https://anchor.fm/s/f0f014/podcast/rss","artwork":{"30":"http://is3.mzstatic.com/image/thumb/Music128/v4/db/cd/a5/dbcda5bb-39d5-4ebc-46c2-6817fd8ac334/source/30x30bb.jpg","60":"http://is3.mzstatic.com/image/thumb/Music128/v4/db/cd/a5/dbcda5bb-39d5-4ebc-46c2-6817fd8ac334/source/60x60bb.jpg","100":"http://is3.mzstatic.com/image/thumb/Music128/v4/db/cd/a5/dbcda5bb-39d5-4ebc-46c2-6817fd8ac334/source/100x100bb.jpg","600":"http://is3.mzstatic.com/image/thumb/Music128/v4/db/cd/a5/dbcda5bb-39d5-4ebc-46c2-6817fd8ac334/source/600x600bb.jpg"},"genres":["Technology","Podcasts"],"episodes":[{"slug":"getting-replaced-on-the-job-6e5462f8-4409-e371-ae15-fd1fb07bb6ca","title":"Getting Replaced on the Job","description":"First Segment!! Call in some ideas for me to talk about!! • Hey Robert! Welcome to Anchor! • Getting Replaced on the Job • End of Episode","pubdate":"2017-08-21T05:15:56.000Z","link":"https://anchor.fm/","guid":"6e5462f8-4409-e371-ae15-fd1fb07bb6ca","podcast":{"title":"The World of Web Development","description":"This podcast is all about my views of web development and also the news that revolves around it! Stay tuned to catch up on the most modern frameworks and ideals!","image":"https://s3-us-west-2.amazonaws.com/anchor-generated-image-bank/production/podcast/39330/anchor-podcast-6cot4t9855.jpg"}}]}