{"Name":"Podstr","LongName":"Podstr","lowerAppName":"Podstr","slug":"the-one-with-marc","title":"The One with Marc","description":"<p>In our first episode of 2014 I am joined by new guest co-host Marc Roberts of Neutron Creations. After a lengthy chat about his rather special coat we moved onto more web related links and finished up with a discussion on node.js. Big thanks for Marc for taking the time to come on the show.</p>\n\n<ul>\n  <li><a href=\"http://alldayer.mkgeeknight.co.uk/\">MKGN All Dayer</a></li>\n  <li><a href=\"http://elliotjaystocks.com/blog/this-is-not-2013-in-review/\">EJS on being less social</a></li>\n  <li><a href=\"http://www.lukew.com/ff/entry.asp?1815\">I can smell your CMS</a></li>\n  <li><a href=\"https://medium.com/p/73b4257ac833\">Bitcoins explained in terms a 5 year old can understand</a></li>\n  <li><a href=\"http://letterboxd.com/2013/\">Letterboxd 2013 review</a></li>\n  <li><a href=\"http://www.kickstarter.com/projects/cameronmoll/the-brooklyn-bridge-in-letterpress-type/posts/704856\">Cameron Moll’s “typo”</a></li>\n  <li><a href=\"http://nodejs.org/\">node.js</a></li>\n  <li><a href=\"http://expressjs.com/\">Express web application framework for node</a></li>\n  <li><a href=\"http://www.theparticlelab.com/\">The Particle Lab</a></li>\n  <li><a href=\"http://showterm.io/\">showterm</a></li>\n</ul>","layout":"default","app-shell":"app","body":"<div class=\"container\">  <div class=\"row\">\r\n    <div class=\"card\">\r\n      <img src=\"https://backtofrontshow.com/img/itunes-3000x3000.png\" alt=\"The One with Marc\" class=\"card-img-top\">\r\n      <div class=\"card-body\">\r\n        <h3 class=\"card-title\">The One with Marc</h3>\r\n      </div>\r\n      <i class=\"fa fa-plus\" aria-hidden=\"true\"></i>\r\n    </div>\r\n  </div>\r\n  <div class=\"row\">\r\n    <audio src=\"https://api.spreaker.com/download/episode/8734727/ep105_mixdown.mp3\" controls=\"controls\"></audio>\r\n  </div>\r\n  <div class=\"row\">\r\n    <p><p>In our first episode of 2014 I am joined by new guest co-host Marc Roberts of Neutron Creations. After a lengthy chat about his rather special coat we moved onto more web related links and finished up with a discussion on node.js. Big thanks for Marc for taking the time to come on the show.</p>\n\n<ul>\n <li><a href=\"http://alldayer.mkgeeknight.co.uk/\">MKGN All Dayer</a></li>\n <li><a href=\"http://elliotjaystocks.com/blog/this-is-not-2013-in-review/\">EJS on being less social</a></li>\n <li><a href=\"http://www.lukew.com/ff/entry.asp?1815\">I can smell your CMS</a></li>\n <li><a href=\"https://medium.com/p/73b4257ac833\">Bitcoins explained in terms a 5 year old can understand</a></li>\n <li><a href=\"http://letterboxd.com/2013/\">Letterboxd 2013 review</a></li>\n <li><a href=\"http://www.kickstarter.com/projects/cameronmoll/the-brooklyn-bridge-in-letterpress-type/posts/704856\">Cameron Moll’s “typo”</a></li>\n <li><a href=\"http://nodejs.org/\">node.js</a></li>\n <li><a href=\"http://expressjs.com/\">Express web application framework for node</a></li>\n <li><a href=\"http://www.theparticlelab.com/\">The Particle Lab</a></li>\n <li><a href=\"http://showterm.io/\">showterm</a></li>\n</ul></p>\r\n  </div>\r\n</div>","author":"Chris Love","facebook-publisher":"https://www.facebook.com/Love2Dev/","twitter":"ChrisLove","google-plus":"https://plus.google.com/b/110904107389779237581/?pageId=110904107389779237581","linkedin":"https://www.linkedin.com/in/Love2Dev/","pinterest":"https://www.pinterest.com/docluv/","youtube":"https://www.youtube.com/channel/UC3mfh2MN-5D-zOyiRLp9H6g","bing-user-key":"7EDAB92AF63E3B35E57195D810D64C57","image":{"url":"https://backtofrontshow.com/img/itunes-3000x3000.png","width":3000,"height":3000},"cache":{},"headers":{"Cache-Control":"public, max-age=30240, s-max-age=1200"},"meta":{"type":"article","og:type":"article","section":"progressive web apps","url":"https://podstr.love2dev.com/","route":"/"},"subtitle":null,"featured-image":"img/pwa-podstr-logo-600x310.png","abstract":"<img align='left' src='img/pwa-podstr-logo-600x310.png' style='margin: 18px 18px 18px 6px; float: left; display: inline' lazyload='1' lazyload='1' />Two years, it&#39;s hard to comprehend how fast the time has flown and how much my life has changed. November 2 marked my two year anniversary with Tellago and I thought I would try to express what these past two years have been like today, Thanksgiving. Back in July 2010, after about 8 months after joining Tellago I wrote about my experiences and thankfulness at the time. ","approved":true,"published":"2013-12-19T09:00:01.000Z","active":true,"tags":[],"publishedDay":20,"publishedMonth":10,"publishedYear":2117,"pubdate":"2013-12-19T09:00:01.000Z","link":"https://api.spreaker.com/download/episode/8734727/ep105_mixdown.mp3","guid":"https://backtofrontshow.com/episode-20/","podcast":{"title":"The Back to Front Show","description":"The Back to Front show was started in 2013 by web industry veterans Keir Whitaker and Kieran Masterton. Over the first 40 episodes they have discussed everything from web design and development to startups and dog related tech. Today the focus has shifted and includes topics including remote working, working in the web industry, productivity, hipster beards and much more. Released irregularly but always produced with passion The Back to Front Show runs for around 40 minutes per episode and comes to you from the beautiful West Country in the UK. Thanks for listening.","image":"https://backtofrontshow.com/img/itunes-3000x3000.png"}}