{"Name":"Podstr","LongName":"Podstr","lowerAppName":"Podstr","slug":"the-2014-baftas","title":"The 2014 BAFTAS","description":"<p>It’s that time of the year when we look back on the past 12 months and dish out our (cough, cough) highly prized awards! This year in the 2014 BAFTAS we have eight categories and round off the show with a little bit of crystal ball gazing in which we both make our predictions for 2015.</p>\n\n<p>Without further ado here are the categories and winners:</p>\n\n<ol>\n  <li><strong>The award for not being a very good year in the industry:</strong> 2014</li>\n  <li><strong>Conference/event of the year:</strong> <a href=\"http://webteachingday.wordpress.com/\">Web Teaching Day</a> &amp; <a href=\"http://beyondtellerrand.com/berlin-2014/\">Beyond Tellerrand Berlin</a></li>\n  <li><strong>Podcast of the year:</strong> <a href=\"http://gimletmedia.com/show/startup/\">Startup</a></li>\n  <li><strong>Most hyped app of the year:</strong> <a href=\"https://slack.com/\">Slack</a></li>\n  <li><strong>Man of the year:</strong> <a href=\"http://seanwes.com/\">Sean McCabe</a></li>\n  <li><strong>Woman of the year:</strong> <a href=\"http://rachelandrew.co.uk/\">Rachel Andrew</a></li>\n  <li><strong>Trend of the year:</strong> Privacy &amp; Security</li>\n  <li><strong>Foo Bar of the year:</strong> <a href=\"https://twitter.com/hashtag/vatmoss\">#VATMOSS</a></li>\n</ol>\n\n<p>Happy holidays to our all listeners. We really do appreciate including us in your weekly audio listening. See you in 2015.</p>","layout":"default","app-shell":"app","body":"<div class=\"container\">  <div class=\"row\">\r\n    <div class=\"card\">\r\n      <img src=\"https://backtofrontshow.com/img/itunes-3000x3000.png\" alt=\"The 2014 BAFTAS\" class=\"card-img-top\">\r\n      <div class=\"card-body\">\r\n        <h3 class=\"card-title\">The 2014 BAFTAS</h3>\r\n      </div>\r\n      <i class=\"fa fa-plus\" aria-hidden=\"true\"></i>\r\n    </div>\r\n  </div>\r\n  <div class=\"row\">\r\n    <audio src=\"https://api.spreaker.com/download/episode/8734727/ep105_mixdown.mp3\" controls=\"controls\"></audio>\r\n  </div>\r\n  <div class=\"row\">\r\n    <p><p>It’s that time of the year when we look back on the past 12 months and dish out our (cough, cough) highly prized awards! This year in the 2014 BAFTAS we have eight categories and round off the show with a little bit of crystal ball gazing in which we both make our predictions for 2015.</p>\n\n<p>Without further ado here are the categories and winners:</p>\n\n<ol>\n <li><strong>The award for not being a very good year in the industry:</strong> 2014</li>\n <li><strong>Conference/event of the year:</strong> <a href=\"http://webteachingday.wordpress.com/\">Web Teaching Day</a> &amp; <a href=\"http://beyondtellerrand.com/berlin-2014/\">Beyond Tellerrand Berlin</a></li>\n <li><strong>Podcast of the year:</strong> <a href=\"http://gimletmedia.com/show/startup/\">Startup</a></li>\n <li><strong>Most hyped app of the year:</strong> <a href=\"https://slack.com/\">Slack</a></li>\n <li><strong>Man of the year:</strong> <a href=\"http://seanwes.com/\">Sean McCabe</a></li>\n <li><strong>Woman of the year:</strong> <a href=\"http://rachelandrew.co.uk/\">Rachel Andrew</a></li>\n <li><strong>Trend of the year:</strong> Privacy &amp; Security</li>\n <li><strong>Foo Bar of the year:</strong> <a href=\"https://twitter.com/hashtag/vatmoss\">#VATMOSS</a></li>\n</ol>\n\n<p>Happy holidays to our all listeners. We really do appreciate including us in your weekly audio listening. See you in 2015.</p></p>\r\n  </div>\r\n</div>","author":"Chris Love","facebook-publisher":"https://www.facebook.com/Love2Dev/","twitter":"ChrisLove","google-plus":"https://plus.google.com/b/110904107389779237581/?pageId=110904107389779237581","linkedin":"https://www.linkedin.com/in/Love2Dev/","pinterest":"https://www.pinterest.com/docluv/","youtube":"https://www.youtube.com/channel/UC3mfh2MN-5D-zOyiRLp9H6g","bing-user-key":"7EDAB92AF63E3B35E57195D810D64C57","image":{"url":"https://backtofrontshow.com/img/itunes-3000x3000.png","width":3000,"height":3000},"cache":{},"headers":{"Cache-Control":"public, max-age=30240, s-max-age=1200"},"meta":{"type":"article","og:type":"article","section":"progressive web apps","url":"https://podstr.love2dev.com/","route":"/"},"subtitle":null,"featured-image":"img/pwa-podstr-logo-600x310.png","abstract":"<img align='left' src='img/pwa-podstr-logo-600x310.png' style='margin: 18px 18px 18px 6px; float: left; display: inline' lazyload='1' lazyload='1' />Two years, it&#39;s hard to comprehend how fast the time has flown and how much my life has changed. November 2 marked my two year anniversary with Tellago and I thought I would try to express what these past two years have been like today, Thanksgiving. Back in July 2010, after about 8 months after joining Tellago I wrote about my experiences and thankfulness at the time. ","approved":true,"published":"2014-12-19T15:10:48.000Z","active":true,"tags":[],"publishedDay":20,"publishedMonth":10,"publishedYear":2117,"pubdate":"2014-12-19T15:10:48.000Z","link":"https://api.spreaker.com/download/episode/8734727/ep105_mixdown.mp3","guid":"https://backtofrontshow.com/episode-36/","podcast":{"title":"The Back to Front Show","description":"The Back to Front show was started in 2013 by web industry veterans Keir Whitaker and Kieran Masterton. Over the first 40 episodes they have discussed everything from web design and development to startups and dog related tech. Today the focus has shifted and includes topics including remote working, working in the web industry, productivity, hipster beards and much more. Released irregularly but always produced with passion The Back to Front Show runs for around 40 minutes per episode and comes to you from the beautiful West Country in the UK. Thanks for listening.","image":"https://backtofrontshow.com/img/itunes-3000x3000.png"}}