{"Name":"Podstr","LongName":"Podstr","lowerAppName":"Podstr","slug":"the-future-of-medium","title":"The Future of Medium?","description":"<p>Happy New Year to you all! Rather unsurprisingly we missed our end of year review but the outline was probably one of our best. Maybe we’ll do it next year!</p>\n\n<p>This episode we catch up on Kieran’s move behind the camera, argue over what exactly constitutes a pair of Daps and delve into the future of Medium in light of Ev Williams recent announcement.</p>\n\n<ul>\n  <li><a href=\"https://vimeo.com/199295294\">Colonna Brewing Guide Video</a></li>\n  <li><a href=\"https://en.wikipedia.org/wiki/Plimsoll_shoe\">What are Daps?</a></li>\n  <li><a href=\"https://blog.medium.com/renewing-mediums-focus-98f374a960be#.5gjjn4z1l\">Renewing Medium’s Focus</a></li>\n  <li><a href=\"https://vimeo.com/144750828\">Joe Polastre at Canvas Conference 2015</a></li>\n  <li><a href=\"https://m.signalvnoise.com/venture-capital-is-going-to-murder-medium-656cbccf4829#.m3dcuepl2\">Venture Capital is going to Murder Medium</a></li>\n  <li><a href=\"https://m.signalvnoise.com/venture-capital-is-going-to-murder-medium-656cbccf4829#.m3dcuepl2\">Dear Medium … Why Didn’t You Ask Us?</a></li>\n  <li><a href=\"https://500ish.com/long-medium-b9ddfe2c3a0a#.t7eod0hle\">Long Medium</a></li>\n  <li><a href=\"http://caveweek.com/\">Drew Wilson’s Cave Week</a></li>\n</ul>\n\n<p>If you like the show don’t forget you can support our astronomical S3 costs by becoming an exclusive member of the <a href=\"http://backtofrontshow.com/club/\">Back to Front Show Club</a>!</p>","layout":"default","app-shell":"app","body":"<div class=\"container\">  <div class=\"row\">\r\n    <div class=\"card\">\r\n      <img src=\"https://backtofrontshow.com/img/itunes-3000x3000.png\" alt=\"The Future of Medium?\" class=\"card-img-top\">\r\n      <div class=\"card-body\">\r\n        <h3 class=\"card-title\">The Future of Medium?</h3>\r\n      </div>\r\n      <i class=\"fa fa-plus\" aria-hidden=\"true\"></i>\r\n    </div>\r\n  </div>\r\n  <div class=\"row\">\r\n    <audio src=\"https://api.spreaker.com/download/episode/8734727/ep105_mixdown.mp3\" controls=\"controls\"></audio>\r\n  </div>\r\n  <div class=\"row\">\r\n    <p><p>Happy New Year to you all! Rather unsurprisingly we missed our end of year review but the outline was probably one of our best. Maybe we’ll do it next year!</p>\n\n<p>This episode we catch up on Kieran’s move behind the camera, argue over what exactly constitutes a pair of Daps and delve into the future of Medium in light of Ev Williams recent announcement.</p>\n\n<ul>\n <li><a href=\"https://vimeo.com/199295294\">Colonna Brewing Guide Video</a></li>\n <li><a href=\"https://en.wikipedia.org/wiki/Plimsoll_shoe\">What are Daps?</a></li>\n <li><a href=\"https://blog.medium.com/renewing-mediums-focus-98f374a960be#.5gjjn4z1l\">Renewing Medium’s Focus</a></li>\n <li><a href=\"https://vimeo.com/144750828\">Joe Polastre at Canvas Conference 2015</a></li>\n <li><a href=\"https://m.signalvnoise.com/venture-capital-is-going-to-murder-medium-656cbccf4829#.m3dcuepl2\">Venture Capital is going to Murder Medium</a></li>\n <li><a href=\"https://m.signalvnoise.com/venture-capital-is-going-to-murder-medium-656cbccf4829#.m3dcuepl2\">Dear Medium … Why Didn’t You Ask Us?</a></li>\n <li><a href=\"https://500ish.com/long-medium-b9ddfe2c3a0a#.t7eod0hle\">Long Medium</a></li>\n <li><a href=\"http://caveweek.com/\">Drew Wilson’s Cave Week</a></li>\n</ul>\n\n<p>If you like the show don’t forget you can support our astronomical S3 costs by becoming an exclusive member of the <a href=\"http://backtofrontshow.com/club/\">Back to Front Show Club</a>!</p></p>\r\n  </div>\r\n</div>","author":"Chris Love","facebook-publisher":"https://www.facebook.com/Love2Dev/","twitter":"ChrisLove","google-plus":"https://plus.google.com/b/110904107389779237581/?pageId=110904107389779237581","linkedin":"https://www.linkedin.com/in/Love2Dev/","pinterest":"https://www.pinterest.com/docluv/","youtube":"https://www.youtube.com/channel/UC3mfh2MN-5D-zOyiRLp9H6g","bing-user-key":"7EDAB92AF63E3B35E57195D810D64C57","image":{"url":"https://backtofrontshow.com/img/itunes-3000x3000.png","width":3000,"height":3000},"cache":{},"headers":{"Cache-Control":"public, max-age=30240, s-max-age=1200"},"meta":{"type":"article","og:type":"article","section":"progressive web apps","url":"https://podstr.love2dev.com/","route":"/"},"subtitle":null,"featured-image":"img/pwa-podstr-logo-600x310.png","abstract":"<img align='left' src='img/pwa-podstr-logo-600x310.png' style='margin: 18px 18px 18px 6px; float: left; display: inline' lazyload='1' lazyload='1' />Two years, it&#39;s hard to comprehend how fast the time has flown and how much my life has changed. November 2 marked my two year anniversary with Tellago and I thought I would try to express what these past two years have been like today, Thanksgiving. Back in July 2010, after about 8 months after joining Tellago I wrote about my experiences and thankfulness at the time. ","approved":true,"published":"2017-01-20T10:20:26.000Z","active":true,"tags":[],"publishedDay":20,"publishedMonth":10,"publishedYear":2117,"pubdate":"2017-01-20T10:20:26.000Z","link":"https://api.spreaker.com/download/episode/8734727/ep105_mixdown.mp3","guid":"https://backtofrontshow.com/episode-46/","podcast":{"title":"The Back to Front Show","description":"The Back to Front show was started in 2013 by web industry veterans Keir Whitaker and Kieran Masterton. Over the first 40 episodes they have discussed everything from web design and development to startups and dog related tech. Today the focus has shifted and includes topics including remote working, working in the web industry, productivity, hipster beards and much more. Released irregularly but always produced with passion The Back to Front Show runs for around 40 minutes per episode and comes to you from the beautiful West Country in the UK. Thanks for listening.","image":"https://backtofrontshow.com/img/itunes-3000x3000.png"}}