{"Name":"Podstr","LongName":"Podstr","lowerAppName":"Podstr","slug":"the-super-lit-fam-dope-en-flique-episode","title":"The Super Lit, Fam, Dope, En Flique Episode","description":"<p>It feels like only last week that the two “K Units” got behind the Samson <a href=\"http://amzn.to/2cR3aGW\">CO1UPRO</a>‘s and recorded episode <a href=\"http://backtofrontshow.com/episode-43/\">#43</a>. So close in fact, that we even manage to think we are still actually recording episode #43!</p>\n\n<p>In this short 53 minute episode, we catch up on recent life goings on, learn that Kieran has been “tamping hard” in his role as “Digital Guy” at the bespoke artisanal <a href=\"https://colonnacoffee.com/\">coffee roasting company</a>, discuss language used by people under the age of 30, announce our new <a href=\"http://backtofrontshow.com/club/\">club</a>, and round out with a chat about Kickstarter. There may even be a mention of earphones!</p>\n\n<ul>\n  <li><a href=\"https://colonnacoffee.com/\">Colonna Coffee</a></li>\n  <li><a href=\"http://gavinballard.com/\">Sir Gavin Ballard</a> (see also <a href=\"http://backtofrontshow.com/episode-42/\">Episode #42</a>)</li>\n  <li><a href=\"https://www.instagram.com/p/BJWMWuXjdpa/\">Yorkshire Fat Rascal</a></li>\n  <li><a href=\"https://en.wikipedia.org/wiki/The_Get_Along_Gang\">The Get Along Gang</a></li>\n  <li><a href=\"http://www.childofthe1980s.com/2008/10/06/sport-billy/\">Sport Billy</a></li>\n  <li><a href=\"https://twitter.com/oh_cat\">Super Lit Cat</a></li>\n  <li><a href=\"http://definithing.com/en-flique/\">En Flique</a></li>\n  <li><a href=\"https://www.kickstarter.com/projects/elliotjaystocks/8-faces-collected\">8 Faces Collected</a></li>\n  <li><a href=\"https://www.kickstarter.com/projects/neilmacqueen/origin-the-ultimate-coffee-brew-stand\">Origin – The Ultimate Coffee Brew Stand</a></li>\n  <li><a href=\"https://woodbuds.com/\">Woodbuds</a></li>\n</ul>","layout":"default","app-shell":"app","body":"<div class=\"container\">  <div class=\"row\">\r\n    <div class=\"card\">\r\n      <img src=\"https://backtofrontshow.com/img/itunes-3000x3000.png\" alt=\"The Super Lit, Fam, Dope, En Flique Episode\" class=\"card-img-top\">\r\n      <div class=\"card-body\">\r\n        <h3 class=\"card-title\">The Super Lit, Fam, Dope, En Flique Episode</h3>\r\n      </div>\r\n      <i class=\"fa fa-plus\" aria-hidden=\"true\"></i>\r\n    </div>\r\n  </div>\r\n  <div class=\"row\">\r\n    <audio src=\"https://api.spreaker.com/download/episode/8734727/ep105_mixdown.mp3\" controls=\"controls\"></audio>\r\n  </div>\r\n  <div class=\"row\">\r\n    <p><p>It feels like only last week that the two “K Units” got behind the Samson <a href=\"http://amzn.to/2cR3aGW\">CO1UPRO</a>‘s and recorded episode <a href=\"http://backtofrontshow.com/episode-43/\">#43</a>. So close in fact, that we even manage to think we are still actually recording episode #43!</p>\n\n<p>In this short 53 minute episode, we catch up on recent life goings on, learn that Kieran has been “tamping hard” in his role as “Digital Guy” at the bespoke artisanal <a href=\"https://colonnacoffee.com/\">coffee roasting company</a>, discuss language used by people under the age of 30, announce our new <a href=\"http://backtofrontshow.com/club/\">club</a>, and round out with a chat about Kickstarter. There may even be a mention of earphones!</p>\n\n<ul>\n <li><a href=\"https://colonnacoffee.com/\">Colonna Coffee</a></li>\n <li><a href=\"http://gavinballard.com/\">Sir Gavin Ballard</a> (see also <a href=\"http://backtofrontshow.com/episode-42/\">Episode #42</a>)</li>\n <li><a href=\"https://www.instagram.com/p/BJWMWuXjdpa/\">Yorkshire Fat Rascal</a></li>\n <li><a href=\"https://en.wikipedia.org/wiki/The_Get_Along_Gang\">The Get Along Gang</a></li>\n <li><a href=\"http://www.childofthe1980s.com/2008/10/06/sport-billy/\">Sport Billy</a></li>\n <li><a href=\"https://twitter.com/oh_cat\">Super Lit Cat</a></li>\n <li><a href=\"http://definithing.com/en-flique/\">En Flique</a></li>\n <li><a href=\"https://www.kickstarter.com/projects/elliotjaystocks/8-faces-collected\">8 Faces Collected</a></li>\n <li><a href=\"https://www.kickstarter.com/projects/neilmacqueen/origin-the-ultimate-coffee-brew-stand\">Origin – The Ultimate Coffee Brew Stand</a></li>\n <li><a href=\"https://woodbuds.com/\">Woodbuds</a></li>\n</ul></p>\r\n  </div>\r\n</div>","author":"Chris Love","facebook-publisher":"https://www.facebook.com/Love2Dev/","twitter":"ChrisLove","google-plus":"https://plus.google.com/b/110904107389779237581/?pageId=110904107389779237581","linkedin":"https://www.linkedin.com/in/Love2Dev/","pinterest":"https://www.pinterest.com/docluv/","youtube":"https://www.youtube.com/channel/UC3mfh2MN-5D-zOyiRLp9H6g","bing-user-key":"7EDAB92AF63E3B35E57195D810D64C57","image":{"url":"https://backtofrontshow.com/img/itunes-3000x3000.png","width":3000,"height":3000},"cache":{},"headers":{"Cache-Control":"public, max-age=30240, s-max-age=1200"},"meta":{"type":"article","og:type":"article","section":"progressive web apps","url":"https://podstr.love2dev.com/","route":"/"},"subtitle":null,"featured-image":"img/pwa-podstr-logo-600x310.png","abstract":"<img align='left' src='img/pwa-podstr-logo-600x310.png' style='margin: 18px 18px 18px 6px; float: left; display: inline' lazyload='1' lazyload='1' />Two years, it&#39;s hard to comprehend how fast the time has flown and how much my life has changed. November 2 marked my two year anniversary with Tellago and I thought I would try to express what these past two years have been like today, Thanksgiving. Back in July 2010, after about 8 months after joining Tellago I wrote about my experiences and thankfulness at the time. ","approved":true,"published":"2016-09-23T12:24:26.000Z","active":true,"tags":[],"publishedDay":20,"publishedMonth":10,"publishedYear":2117,"pubdate":"2016-09-23T12:24:26.000Z","link":"https://api.spreaker.com/download/episode/8734727/ep105_mixdown.mp3","guid":"https://backtofrontshow.com/episode-44/","podcast":{"title":"The Back to Front Show","description":"The Back to Front show was started in 2013 by web industry veterans Keir Whitaker and Kieran Masterton. Over the first 40 episodes they have discussed everything from web design and development to startups and dog related tech. Today the focus has shifted and includes topics including remote working, working in the web industry, productivity, hipster beards and much more. Released irregularly but always produced with passion The Back to Front Show runs for around 40 minutes per episode and comes to you from the beautiful West Country in the UK. Thanks for listening.","image":"https://backtofrontshow.com/img/itunes-3000x3000.png"}}