{"Name":"Podstr","LongName":"Podstr","lowerAppName":"Podstr","slug":"the-joys-038-perils-of-remote-working","title":"The Joys &#038; Perils of Remote Working","description":"<p>In a change to the announced billing, an impromptu early morning phone call made us think a chat about remote working might be in order. As many of us fight the January blues, and inevitable bout of illness that the new year often brings, it felt a timely opportunity to discuss the good, and the bad, aspects of working from a distance.</p>\n\n<p>Topics we discuss include:</p>\n\n<ul>\n  <li>How does working remotely affect us?</li>\n  <li>What we both like and dislike about it</li>\n  <li>How much real work you achieve per day</li>\n  <li>The importance of “banter”</li>\n  <li>Is the reality like the dream?</li>\n  <li>A typical day for remote working?</li>\n  <li>Do we put extra pressure on ourselves to output more as we are not in the office?</li>\n  <li>How to feel part of the company you work for</li>\n</ul>\n\n<p>And finally for those Nabaztag doubters out there you can read the full history of the internet enabled rabbit on <a href=\"http://en.wikipedia.org/wiki/Nabaztag\">Wikipedia</a>!</p>\n\n<h3 id=\"five-simple-steps-giveaway\">Five Simple Steps Giveaway</h3>\n\n<p>To be in with a chance of winning one of the two sets of <a href=\"http://www.fivesimplesteps.com/products/the-pocket-guide-series-collection-three\">Five Simple Step’s Pocket Guide Collection 3</a> all you have to do it answer one of the following two questions correctly. Kieran’s decision will be final (he’s a harsh judge):</p>\n\n<ol>\n  <li><strong>Q:</strong> What was Matthew Lillard’s handle in the cult-classic 1995 film Hackers?</li>\n  <li><strong>Q:</strong> In the same year Sandra Bullock played a Systems Analyst in the film The Net. During the course of the film her identity is changed by cyber criminals but what is the name they gave her?</li>\n</ol>\n\n<p>To enter just send a tweet to <a href=\"http://twitter.com/share?url=a&amp;text=@backtofrontshow%20re:&amp;hashtags=btfs038\">@backtofrontshow</a> with your answer. We’ll announce winners on the next episode.</p>","layout":"default","app-shell":"app","body":"<div class=\"container\">  <div class=\"row\">\r\n    <div class=\"card\">\r\n      <img src=\"https://backtofrontshow.com/img/itunes-3000x3000.png\" alt=\"The Joys &amp;#038; Perils of Remote Working\" class=\"card-img-top\">\r\n      <div class=\"card-body\">\r\n        <h3 class=\"card-title\">The Joys &amp;#038; Perils of Remote Working</h3>\r\n      </div>\r\n      <i class=\"fa fa-plus\" aria-hidden=\"true\"></i>\r\n    </div>\r\n  </div>\r\n  <div class=\"row\">\r\n    <audio src=\"https://api.spreaker.com/download/episode/8734727/ep105_mixdown.mp3\" controls=\"controls\"></audio>\r\n  </div>\r\n  <div class=\"row\">\r\n    <p><p>In a change to the announced billing, an impromptu early morning phone call made us think a chat about remote working might be in order. As many of us fight the January blues, and inevitable bout of illness that the new year often brings, it felt a timely opportunity to discuss the good, and the bad, aspects of working from a distance.</p>\n\n<p>Topics we discuss include:</p>\n\n<ul>\n <li>How does working remotely affect us?</li>\n <li>What we both like and dislike about it</li>\n <li>How much real work you achieve per day</li>\n <li>The importance of “banter”</li>\n <li>Is the reality like the dream?</li>\n <li>A typical day for remote working?</li>\n <li>Do we put extra pressure on ourselves to output more as we are not in the office?</li>\n <li>How to feel part of the company you work for</li>\n</ul>\n\n<p>And finally for those Nabaztag doubters out there you can read the full history of the internet enabled rabbit on <a href=\"http://en.wikipedia.org/wiki/Nabaztag\">Wikipedia</a>!</p>\n\n<h3 id=\"five-simple-steps-giveaway\">Five Simple Steps Giveaway</h3>\n\n<p>To be in with a chance of winning one of the two sets of <a href=\"http://www.fivesimplesteps.com/products/the-pocket-guide-series-collection-three\">Five Simple Step’s Pocket Guide Collection 3</a> all you have to do it answer one of the following two questions correctly. Kieran’s decision will be final (he’s a harsh judge):</p>\n\n<ol>\n <li><strong>Q:</strong> What was Matthew Lillard’s handle in the cult-classic 1995 film Hackers?</li>\n <li><strong>Q:</strong> In the same year Sandra Bullock played a Systems Analyst in the film The Net. During the course of the film her identity is changed by cyber criminals but what is the name they gave her?</li>\n</ol>\n\n<p>To enter just send a tweet to <a href=\"http://twitter.com/share?url=a&amp;text=@backtofrontshow%20re:&amp;hashtags=btfs038\">@backtofrontshow</a> with your answer. We’ll announce winners on the next episode.</p></p>\r\n  </div>\r\n</div>","author":"Chris Love","facebook-publisher":"https://www.facebook.com/Love2Dev/","twitter":"ChrisLove","google-plus":"https://plus.google.com/b/110904107389779237581/?pageId=110904107389779237581","linkedin":"https://www.linkedin.com/in/Love2Dev/","pinterest":"https://www.pinterest.com/docluv/","youtube":"https://www.youtube.com/channel/UC3mfh2MN-5D-zOyiRLp9H6g","bing-user-key":"7EDAB92AF63E3B35E57195D810D64C57","image":{"url":"https://backtofrontshow.com/img/itunes-3000x3000.png","width":3000,"height":3000},"cache":{},"headers":{"Cache-Control":"public, max-age=30240, s-max-age=1200"},"meta":{"type":"article","og:type":"article","section":"progressive web apps","url":"https://podstr.love2dev.com/","route":"/"},"subtitle":null,"featured-image":"img/pwa-podstr-logo-600x310.png","abstract":"<img align='left' src='img/pwa-podstr-logo-600x310.png' style='margin: 18px 18px 18px 6px; float: left; display: inline' lazyload='1' lazyload='1' />Two years, it&#39;s hard to comprehend how fast the time has flown and how much my life has changed. November 2 marked my two year anniversary with Tellago and I thought I would try to express what these past two years have been like today, Thanksgiving. Back in July 2010, after about 8 months after joining Tellago I wrote about my experiences and thankfulness at the time. ","approved":true,"published":"2015-01-17T09:17:03.000Z","active":true,"tags":[],"publishedDay":20,"publishedMonth":10,"publishedYear":2117,"pubdate":"2015-01-17T09:17:03.000Z","link":"https://api.spreaker.com/download/episode/8734727/ep105_mixdown.mp3","guid":"https://backtofrontshow.com/episode-38/","podcast":{"title":"The Back to Front Show","description":"The Back to Front show was started in 2013 by web industry veterans Keir Whitaker and Kieran Masterton. Over the first 40 episodes they have discussed everything from web design and development to startups and dog related tech. Today the focus has shifted and includes topics including remote working, working in the web industry, productivity, hipster beards and much more. Released irregularly but always produced with passion The Back to Front Show runs for around 40 minutes per episode and comes to you from the beautiful West Country in the UK. Thanks for listening.","image":"https://backtofrontshow.com/img/itunes-3000x3000.png"}}