{"Name":"Podstr","LongName":"Podstr","lowerAppName":"Podstr","slug":"the-difficult-first-episode","title":"The Difficult First Episode","description":"<p>In our very first episode we discuss the difficulty of writing your own online biography, the pros and cons of co-working, the move towards flat file site generation, the upcoming New Adventures in Web Design conference, the shiny new Rode iXY microphone and end with bespoke fixed gear bikes.</p>\n\n<ul>\n  <li><a href=\"http://twitter.com/backtofrontshow\" title=\"http://twitter.com/backtofrontshow\">The Back to Front Show on Twitter</a></li>\n  <li><a href=\"http://www.site44.com/\" title=\"http://www.site44.com/\">Site44</a></li>\n  <li><a href=\"http://jekyllrb.com/\" title=\"http://jekyllrb.com/\">Jekyll</a></li>\n  <li><a href=\"http://getkirby.com/\">Kirby</a></li>\n  <li><a href=\"http://grabaperch.com/\">Perch</a></li>\n  <li><a href=\"http://wordpress.org/extend/plugins/wp-super-cache/\" title=\"http://wordpress.org/extend/plugins/wp-super-cache/\">WP Super Cache</a></li>\n  <li><a href=\"http://incident57.com/codekit/\" title=\"http://incident57.com/codekit/\">Codekit for Mac</a></li>\n  <li><a href=\"http://mixture.io/\" title=\"http://mixture.io/\">Mixture</a></li>\n  <li><a href=\"http://www.youtube.com/watch?v=ER-la4wunyo&amp;hd=1\" title=\"http://www.youtube.com/watch?v=ER-la4wunyo&amp;hd=1\">Mixture multiple device demo</a></li>\n  <li><a href=\"http://www.fastcompany.com/3004788/future-coworking-and-why-it-will-give-your-business-huge-edge\" title=\"http://www.fastcompany.com/3004788/future-coworking-and-why-it-will-give-your-business-huge-edge\">Fast Company article on co-working</a></li>\n  <li><a href=\"http://www.ixymic.com/\" title=\"http://www.ixymic.com\">The Rode iXY Mic</a></li>\n  <li><a href=\"http://2013.newadventuresconf.com/\" title=\"http://2013.newadventuresconf.com/\">New Adventures in Web Design</a></li>\n  <li><a href=\"http://www.boikzmoind.com/\">BÃ–IKZMÃ–IND</a></li>\n  <li><a href=\"http://www.mangobikes.co.uk/\" title=\"http://www.mangobikes.co.uk/\">Mango Bikes</a></li>\n  <li><a href=\"http://www.statebicycle.co.uk/product_p/zombiestomper.htm\">The Zombie Stomper</a></li>\n</ul>","layout":"default","app-shell":"app","body":"<div class=\"container\">  <div class=\"row\">\r\n    <div class=\"card\">\r\n      <img src=\"https://backtofrontshow.com/img/itunes-3000x3000.png\" alt=\"The Difficult First Episode\" class=\"card-img-top\">\r\n      <div class=\"card-body\">\r\n        <h3 class=\"card-title\">The Difficult First Episode</h3>\r\n      </div>\r\n      <i class=\"fa fa-plus\" aria-hidden=\"true\"></i>\r\n    </div>\r\n  </div>\r\n  <div class=\"row\">\r\n    <audio src=\"https://api.spreaker.com/download/episode/8734727/ep105_mixdown.mp3\" controls=\"controls\"></audio>\r\n  </div>\r\n  <div class=\"row\">\r\n    <p><p>In our very first episode we discuss the difficulty of writing your own online biography, the pros and cons of co-working, the move towards flat file site generation, the upcoming New Adventures in Web Design conference, the shiny new Rode iXY microphone and end with bespoke fixed gear bikes.</p>\n\n<ul>\n <li><a href=\"http://twitter.com/backtofrontshow\" title=\"http://twitter.com/backtofrontshow\">The Back to Front Show on Twitter</a></li>\n <li><a href=\"http://www.site44.com/\" title=\"http://www.site44.com/\">Site44</a></li>\n <li><a href=\"http://jekyllrb.com/\" title=\"http://jekyllrb.com/\">Jekyll</a></li>\n <li><a href=\"http://getkirby.com/\">Kirby</a></li>\n <li><a href=\"http://grabaperch.com/\">Perch</a></li>\n <li><a href=\"http://wordpress.org/extend/plugins/wp-super-cache/\" title=\"http://wordpress.org/extend/plugins/wp-super-cache/\">WP Super Cache</a></li>\n <li><a href=\"http://incident57.com/codekit/\" title=\"http://incident57.com/codekit/\">Codekit for Mac</a></li>\n <li><a href=\"http://mixture.io/\" title=\"http://mixture.io/\">Mixture</a></li>\n <li><a href=\"http://www.youtube.com/watch?v=ER-la4wunyo&amp;hd=1\" title=\"http://www.youtube.com/watch?v=ER-la4wunyo&amp;hd=1\">Mixture multiple device demo</a></li>\n <li><a href=\"http://www.fastcompany.com/3004788/future-coworking-and-why-it-will-give-your-business-huge-edge\" title=\"http://www.fastcompany.com/3004788/future-coworking-and-why-it-will-give-your-business-huge-edge\">Fast Company article on co-working</a></li>\n <li><a href=\"http://www.ixymic.com/\" title=\"http://www.ixymic.com\">The Rode iXY Mic</a></li>\n <li><a href=\"http://2013.newadventuresconf.com/\" title=\"http://2013.newadventuresconf.com/\">New Adventures in Web Design</a></li>\n <li><a href=\"http://www.boikzmoind.com/\">BÃ–IKZMÃ–IND</a></li>\n <li><a href=\"http://www.mangobikes.co.uk/\" title=\"http://www.mangobikes.co.uk/\">Mango Bikes</a></li>\n <li><a href=\"http://www.statebicycle.co.uk/product_p/zombiestomper.htm\">The Zombie Stomper</a></li>\n</ul></p>\r\n  </div>\r\n</div>","author":"Chris Love","facebook-publisher":"https://www.facebook.com/Love2Dev/","twitter":"ChrisLove","google-plus":"https://plus.google.com/b/110904107389779237581/?pageId=110904107389779237581","linkedin":"https://www.linkedin.com/in/Love2Dev/","pinterest":"https://www.pinterest.com/docluv/","youtube":"https://www.youtube.com/channel/UC3mfh2MN-5D-zOyiRLp9H6g","bing-user-key":"7EDAB92AF63E3B35E57195D810D64C57","image":{"url":"https://backtofrontshow.com/img/itunes-3000x3000.png","width":3000,"height":3000},"cache":{},"headers":{"Cache-Control":"public, max-age=30240, s-max-age=1200"},"meta":{"type":"article","og:type":"article","section":"progressive web apps","url":"https://podstr.love2dev.com/","route":"/"},"subtitle":null,"featured-image":"img/pwa-podstr-logo-600x310.png","abstract":"<img align='left' src='img/pwa-podstr-logo-600x310.png' style='margin: 18px 18px 18px 6px; float: left; display: inline' lazyload='1' lazyload='1' />Two years, it&#39;s hard to comprehend how fast the time has flown and how much my life has changed. November 2 marked my two year anniversary with Tellago and I thought I would try to express what these past two years have been like today, Thanksgiving. Back in July 2010, after about 8 months after joining Tellago I wrote about my experiences and thankfulness at the time. ","approved":true,"published":"2013-01-19T03:00:00.000Z","active":true,"tags":[],"publishedDay":20,"publishedMonth":10,"publishedYear":2117,"pubdate":"2013-01-19T03:00:00.000Z","link":"https://api.spreaker.com/download/episode/8734727/ep105_mixdown.mp3","guid":"https://backtofrontshow.com/episode-1/","podcast":{"title":"The Back to Front Show","description":"The Back to Front show was started in 2013 by web industry veterans Keir Whitaker and Kieran Masterton. Over the first 40 episodes they have discussed everything from web design and development to startups and dog related tech. Today the focus has shifted and includes topics including remote working, working in the web industry, productivity, hipster beards and much more. Released irregularly but always produced with passion The Back to Front Show runs for around 40 minutes per episode and comes to you from the beautiful West Country in the UK. Thanks for listening.","image":"https://backtofrontshow.com/img/itunes-3000x3000.png"}}