{"Name":"Podstr","LongName":"Podstr","lowerAppName":"Podstr","slug":"the-command-line-for-web-developers","title":"The Command Line for Web Developers","description":"<p>This episode is all about how to become comfortable and proficient with the command line. This one includes windows users too!</p> Sponsor <p>Need to learn Docker? Check out Nick Janetakis' <a href= \"http://wes.io/mkHG\" target=\"_blank\" rel=\"noopener\">Dive into Docker</a> course which is currently on sale!</p> Show Notes <ul> <li><a href= \"https://facebook.github.io/react/blog/2017/09/26/react-v16.0.html\" target=\"_blank\" rel=\"noopener\">React 16</a></li> <li><a href=\"https://commandlinepoweruser.com/\" target=\"_blank\" rel=\"noopener\">Command Line Power User Course</a></li> <li><a href=\"https://www.iterm2.com/\" target=\"_blank\" rel= \"noopener\">iTerm2</a></li> <li><a href=\"https://hyper.is/\" target=\"_blank\" rel= \"noopener\">Hyper</a></li> <li><a href=\"https://github.com/bnb/awesome-hyper\" target=\"_blank\" rel=\"noopener\">Awesome Hyper</a></li> <li><a href=\"http://cmder.net/\" target=\"_blank\" rel= \"noopener\">Cmder for Windows</a></li> <li><a href= \"https://msdn.microsoft.com/en-us/commandline/wsl/install_guide\" target=\"_blank\" rel=\"noopener\">Windows Subsystem Linux</a></li> <li><a href=\"https://insider.windows.com/en-us/\" target=\"_blank\" rel=\"noopener\">Windows 10 Insiders Program</a></li> <li><a href=\"http://www.zsh.org/\" target=\"_blank\" rel= \"noopener\">ZSH</a></li> <li><a href=\"http://ohmyz.sh/\" target=\"_blank\" rel=\"noopener\">Oh My ZSH</a> - You'll want to start here, not on zsh.org</li> <li><a href=\"https://fishshell.com/\" target=\"_blank\" rel= \"noopener\">Fish Shell</a></li> <li><a href=\"https://github.com/oh-my-fish/oh-my-fish\" target= \"_blank\" rel=\"noopener\">Oh My Fish</a></li> <li><a href=\"https://github.com/fisherman/fisherman\" target= \"_blank\" rel=\"noopener\">Fisherman</a></li> <li><a href=\"https://github.com/edc/bass\" target=\"_blank\" rel= \"noopener\">Bass</a></li> <li><a href=\"https://github.com/zsh-users/zsh-autosuggestions\" target=\"_blank\" rel=\"noopener\">ZSH Autosuggestion</a></li> <li><a href=\"https://github.com/zsh-users/zsh-syntax-highlighting\" target=\"_blank\" rel=\"noopener\">ZSH Syntax Highlighting</a></li> <li><a href=\"https://github.com/rupa/z\" target=\"_blank\" rel= \"noopener\">z Frecent</a> (GET THIS)</li> <li><a href=\"http://brewformulas.org/Tree\" target=\"_blank\" rel= \"noopener\">Tree</a></li> <li><a href=\"https://brew.sh/\" target=\"_blank\" rel= \"noopener\">Brew</a></li> <li><a href=\"https://caskroom.github.io/\" target=\"_blank\" rel= \"noopener\">Brew Cask</a></li> <li><a href=\"https://github.com/sindresorhus/trash-cli\" target= \"_blank\" rel=\"noopener\">Trash CLI</a></li> <li><a href=\"https://rg3.github.io/youtube-dl/\" target=\"_blank\" rel=\"noopener\">YouTube-DL</a></li> <li><a href=\"https://www.youtube.com/watch?v=-eUd2k5M1B0\" target= \"_blank\" rel=\"noopener\">Wes' Video on youtube-dl</a></li> <li><a href= \"http://osxdaily.com/2007/03/05/manipulating-the-clipboard-from-the-command-line/\" target=\"_blank\" rel=\"noopener\">pbcopy</a></li> <li><a href= \"https://coderwall.com/p/arwifq/extracting-archives-from-the-terminal-easily\" target=\"_blank\" rel=\"noopener\">ZSH Extract</a></li> <li> .. or ... or .... or ..... or ......</li> <li>!! re-runs the last command (careful!)</li> <li>cd - back to last folder - this works with lots of commands like git checkout -</li> <li>⌘ + K to clear. ⌘ + R to clear but maintain scrollback</li> <li><a href=\"https://github.com/wesbos/Cobalt2-iterm\" target= \"_blank\" rel=\"noopener\">Cobalt2 for ZSH + iTerm2</a></li> <li><a href=\"https://github.com/wesbos/hyperterm-cobalt2-theme\" target=\"_blank\" rel=\"noopener\">Cobalt2 for Hyper</a></li> <li><a href=\"https://github.com/powerline/fonts\" target=\"_blank\" rel=\"noopener\">Patched Powerline Fonts</a></li> <li><a href=\"https://github.com/yangwao/omf-theme-slavic-cat\" target=\"_blank\" rel=\"noopener\">Slavic Cat</a></li> <li><a href=\"https://github.com/mashaal/wild-cherry\" target= \"_blank\" rel=\"noopener\">Wild Cherry</a></li> </ul> Sick Picks <ul> <li>Scott: <a href=\"https://sourcemaking.com/\" target=\"_blank\" rel=\"noopener\">Source Making</a></li> <li>Wes: <a href=\"http://www.myfitnesspal.com/\" target= \"_blank\" rel=\"noopener\">My Fitness Pal</a></li> </ul> Tweet us your tips! <ul> <li><a href=\"https://twitter.com/wesbos\" target=\"_blank\" rel= \"noopener\">Wes Bos</a></li> <li><a href=\"https://twitter.com/stolinski\" target=\"_blank\" rel= \"noopener\">Scott Tolinski</a></li> <li>Make sure to include <a href= \"https://twitter.com/SyntaxFM\" target=\"_blank\" rel= \"noopener\">@SyntaxFM</a></li> </ul> Shameless Plugs <ul> <li><a href=\"https://www.leveluptutorials.com/\" target=\"_blank\" rel=\"noopener\">Level Up Tuts</a> - check out scott's new shopping cart!</li> <li><a href=\"https://es6.io/\" target=\"_blank\" rel=\"noopener\">Wes just updated his ES6 course!</a></li> <li><a href=\"https://bos.af/\" target=\"_blank\" rel= \"noopener\">Stickers are coming!</a></li> </ul>","layout":"default","app-shell":"app","body":"<div class=\"container\">  <div class=\"row\">\r\n    <div class=\"card\">\r\n      <img src=\"http://static.libsyn.com/p/assets/7/9/0/7/790703531a3c8eca/iTunes_Artwork.png\" alt=\"The Command Line for Web Developers\" class=\"card-img-top\">\r\n      <div class=\"card-body\">\r\n        <h3 class=\"card-title\">The Command Line for Web Developers</h3>\r\n      </div>\r\n      <i class=\"fa fa-plus\" aria-hidden=\"true\"></i>\r\n    </div>\r\n  </div>\r\n  <div class=\"row\">\r\n    <audio src=\"https://api.spreaker.com/download/episode/8734727/ep105_mixdown.mp3\" controls=\"controls\"></audio>\r\n  </div>\r\n  <div class=\"row\">\r\n    <p><p>This episode is all about how to become comfortable and proficient with the command line. This one includes windows users too!</p> Sponsor <p>Need to learn Docker? Check out Nick Janetakis' <a href= \"http://wes.io/mkHG\" target=\"_blank\" rel=\"noopener\">Dive into Docker</a> course which is currently on sale!</p> Show Notes <ul> <li><a href= \"https://facebook.github.io/react/blog/2017/09/26/react-v16.0.html\" target=\"_blank\" rel=\"noopener\">React 16</a></li> <li><a href=\"https://commandlinepoweruser.com/\" target=\"_blank\" rel=\"noopener\">Command Line Power User Course</a></li> <li><a href=\"https://www.iterm2.com/\" target=\"_blank\" rel= \"noopener\">iTerm2</a></li> <li><a href=\"https://hyper.is/\" target=\"_blank\" rel= \"noopener\">Hyper</a></li> <li><a href=\"https://github.com/bnb/awesome-hyper\" target=\"_blank\" rel=\"noopener\">Awesome Hyper</a></li> <li><a href=\"http://cmder.net/\" target=\"_blank\" rel= \"noopener\">Cmder for Windows</a></li> <li><a href= \"https://msdn.microsoft.com/en-us/commandline/wsl/install_guide\" target=\"_blank\" rel=\"noopener\">Windows Subsystem Linux</a></li> <li><a href=\"https://insider.windows.com/en-us/\" target=\"_blank\" rel=\"noopener\">Windows 10 Insiders Program</a></li> <li><a href=\"http://www.zsh.org/\" target=\"_blank\" rel= \"noopener\">ZSH</a></li> <li><a href=\"http://ohmyz.sh/\" target=\"_blank\" rel=\"noopener\">Oh My ZSH</a> - You'll want to start here, not on zsh.org</li> <li><a href=\"https://fishshell.com/\" target=\"_blank\" rel= \"noopener\">Fish Shell</a></li> <li><a href=\"https://github.com/oh-my-fish/oh-my-fish\" target= \"_blank\" rel=\"noopener\">Oh My Fish</a></li> <li><a href=\"https://github.com/fisherman/fisherman\" target= \"_blank\" rel=\"noopener\">Fisherman</a></li> <li><a href=\"https://github.com/edc/bass\" target=\"_blank\" rel= \"noopener\">Bass</a></li> <li><a href=\"https://github.com/zsh-users/zsh-autosuggestions\" target=\"_blank\" rel=\"noopener\">ZSH Autosuggestion</a></li> <li><a href=\"https://github.com/zsh-users/zsh-syntax-highlighting\" target=\"_blank\" rel=\"noopener\">ZSH Syntax Highlighting</a></li> <li><a href=\"https://github.com/rupa/z\" target=\"_blank\" rel= \"noopener\">z Frecent</a> (GET THIS)</li> <li><a href=\"http://brewformulas.org/Tree\" target=\"_blank\" rel= \"noopener\">Tree</a></li> <li><a href=\"https://brew.sh/\" target=\"_blank\" rel= \"noopener\">Brew</a></li> <li><a href=\"https://caskroom.github.io/\" target=\"_blank\" rel= \"noopener\">Brew Cask</a></li> <li><a href=\"https://github.com/sindresorhus/trash-cli\" target= \"_blank\" rel=\"noopener\">Trash CLI</a></li> <li><a href=\"https://rg3.github.io/youtube-dl/\" target=\"_blank\" rel=\"noopener\">YouTube-DL</a></li> <li><a href=\"https://www.youtube.com/watch?v=-eUd2k5M1B0\" target= \"_blank\" rel=\"noopener\">Wes' Video on youtube-dl</a></li> <li><a href= \"http://osxdaily.com/2007/03/05/manipulating-the-clipboard-from-the-command-line/\" target=\"_blank\" rel=\"noopener\">pbcopy</a></li> <li><a href= \"https://coderwall.com/p/arwifq/extracting-archives-from-the-terminal-easily\" target=\"_blank\" rel=\"noopener\">ZSH Extract</a></li> <li> .. or ... or .... or ..... or ......</li> <li>!! re-runs the last command (careful!)</li> <li>cd - back to last folder - this works with lots of commands like git checkout -</li> <li>⌘ + K to clear. ⌘ + R to clear but maintain scrollback</li> <li><a href=\"https://github.com/wesbos/Cobalt2-iterm\" target= \"_blank\" rel=\"noopener\">Cobalt2 for ZSH + iTerm2</a></li> <li><a href=\"https://github.com/wesbos/hyperterm-cobalt2-theme\" target=\"_blank\" rel=\"noopener\">Cobalt2 for Hyper</a></li> <li><a href=\"https://github.com/powerline/fonts\" target=\"_blank\" rel=\"noopener\">Patched Powerline Fonts</a></li> <li><a href=\"https://github.com/yangwao/omf-theme-slavic-cat\" target=\"_blank\" rel=\"noopener\">Slavic Cat</a></li> <li><a href=\"https://github.com/mashaal/wild-cherry\" target= \"_blank\" rel=\"noopener\">Wild Cherry</a></li> </ul> Sick Picks <ul> <li>Scott: <a href=\"https://sourcemaking.com/\" target=\"_blank\" rel=\"noopener\">Source Making</a></li> <li>Wes: <a href=\"http://www.myfitnesspal.com/\" target= \"_blank\" rel=\"noopener\">My Fitness Pal</a></li> </ul> Tweet us your tips! <ul> <li><a href=\"https://twitter.com/wesbos\" target=\"_blank\" rel= \"noopener\">Wes Bos</a></li> <li><a href=\"https://twitter.com/stolinski\" target=\"_blank\" rel= \"noopener\">Scott Tolinski</a></li> <li>Make sure to include <a href= \"https://twitter.com/SyntaxFM\" target=\"_blank\" rel= \"noopener\">@SyntaxFM</a></li> </ul> Shameless Plugs <ul> <li><a href=\"https://www.leveluptutorials.com/\" target=\"_blank\" rel=\"noopener\">Level Up Tuts</a> - check out scott's new shopping cart!</li> <li><a href=\"https://es6.io/\" target=\"_blank\" rel=\"noopener\">Wes just updated his ES6 course!</a></li> <li><a href=\"https://bos.af/\" target=\"_blank\" rel= \"noopener\">Stickers are coming!</a></li> </ul></p>\r\n  </div>\r\n</div>","author":"Chris Love","facebook-publisher":"https://www.facebook.com/Love2Dev/","twitter":"ChrisLove","google-plus":"https://plus.google.com/b/110904107389779237581/?pageId=110904107389779237581","linkedin":"https://www.linkedin.com/in/Love2Dev/","pinterest":"https://www.pinterest.com/docluv/","youtube":"https://www.youtube.com/channel/UC3mfh2MN-5D-zOyiRLp9H6g","bing-user-key":"7EDAB92AF63E3B35E57195D810D64C57","image":{"url":"http://static.libsyn.com/p/assets/7/9/0/7/790703531a3c8eca/iTunes_Artwork.png","width":1800,"height":1800},"cache":{},"headers":{"Cache-Control":"public, max-age=30240, s-max-age=1200"},"meta":{"type":"article","og:type":"article","section":"progressive web apps","url":"https://podstr.love2dev.com/","route":"/"},"subtitle":null,"featured-image":"img/pwa-podstr-logo-600x310.png","abstract":"<img align='left' src='img/pwa-podstr-logo-600x310.png' style='margin: 18px 18px 18px 6px; float: left; display: inline' lazyload='1' lazyload='1' />Two years, it&#39;s hard to comprehend how fast the time has flown and how much my life has changed. November 2 marked my two year anniversary with Tellago and I thought I would try to express what these past two years have been like today, Thanksgiving. Back in July 2010, after about 8 months after joining Tellago I wrote about my experiences and thankfulness at the time. ","approved":true,"published":"2017-09-27T14:23:00.000Z","active":true,"tags":[],"publishedDay":20,"publishedMonth":10,"publishedYear":2117,"pubdate":"2017-09-27T14:23:00.000Z","link":"https://api.spreaker.com/download/episode/8734727/ep105_mixdown.mp3","guid":"3a9167ca1c34c5ea302ae93da1709729","podcast":{"title":"Syntax - Tasty Web Development Treats","description":"Wes Bos and Scott Tolinski are two full stack web developers who like to break down complex topics and make them easy to understand.","image":"http://static.libsyn.com/p/assets/7/9/0/7/790703531a3c8eca/iTunes_Artwork.png"}}