{"Name":"This Week In Web Development","LongName":"This Week In Web Development","lowerAppName":"This Week In Web Development","slug":"this-week-in-web-development","title":"This Week In Web Development","description":"Trevor Tye, Daelan Wood","layout":"default","app-shell":"app","body":"<div class=\"container\">  <div class=\"row\">\r\n    <div class=\"card\">\r\n      <img src=\"[object Object]\" alt=\"This Week In Web Development\" class=\"card-img-top\">\r\n      <div class=\"card-body\">\r\n        <h3 class=\"card-title\">This Week In Web Development</h3>\r\n      </div>\r\n      <i class=\"fa fa-plus\" aria-hidden=\"true\"></i>\r\n    </div>\r\n  </div>\r\n  <div class=\"row\">\r\n    <audio src=\"https://api.spreaker.com/download/episode/8734727/ep105_mixdown.mp3\" controls=\"controls\"></audio>\r\n  </div>\r\n  <div class=\"row\">\r\n    <p>Trevor Tye, Daelan Wood</p>\r\n  </div>\r\n</div>","author":"Chris Love","facebook-publisher":"https://www.facebook.com/Love2Dev/","twitter":"ChrisLove","google-plus":"https://plus.google.com/b/110904107389779237581/?pageId=110904107389779237581","linkedin":"https://www.linkedin.com/in/Love2Dev/","pinterest":"https://www.pinterest.com/docluv/","youtube":"https://www.youtube.com/channel/UC3mfh2MN-5D-zOyiRLp9H6g","bing-user-key":"7EDAB92AF63E3B35E57195D810D64C57","image":{"url":"http://is5.mzstatic.com/image/thumb/Music/v4/bd/cb/9a/bdcb9a41-64be-1355-e3bd-ff9e77be0c9c/source/600x600bb.jpg","width":600,"height":600},"cache":{},"headers":{"Cache-Control":"public, max-age=30240, s-max-age=1200"},"meta":{"type":"article","og:type":"article","section":"progressive web apps","url":"https://podstr.love2dev.com/","route":"/"},"subtitle":null,"featured-image":"img/pwa-podstr-logo-600x310.png","abstract":"Trevor Tye, Daelan Wood","approved":true,"published":"2017-08-09T15:30:00.000Z","active":true,"tags":[],"publishedDay":20,"publishedMonth":10,"publishedYear":2117,"pubdate":"2017-08-09T15:30:00.000Z","link":"https://api.spreaker.com/download/episode/8734727/ep105_mixdown.mp3","guid":"c47fbf6911463017dbc81fc2a90e5ebc","podcast":{"title":"Podcast Title","description":"podcast description.","image":"img/pwa-podstr-logo-310x310.png"},"collectionId":399208936,"feedUrl":"http://www.optionkey.ca/webcasts/twiwd/podcast.xml","artwork":{"30":"http://is5.mzstatic.com/image/thumb/Music/v4/bd/cb/9a/bdcb9a41-64be-1355-e3bd-ff9e77be0c9c/source/30x30bb.jpg","60":"http://is5.mzstatic.com/image/thumb/Music/v4/bd/cb/9a/bdcb9a41-64be-1355-e3bd-ff9e77be0c9c/source/60x60bb.jpg","100":"http://is5.mzstatic.com/image/thumb/Music/v4/bd/cb/9a/bdcb9a41-64be-1355-e3bd-ff9e77be0c9c/source/100x100bb.jpg","600":"http://is5.mzstatic.com/image/thumb/Music/v4/bd/cb/9a/bdcb9a41-64be-1355-e3bd-ff9e77be0c9c/source/600x600bb.jpg"},"genres":["Software How-To","Podcasts","Technology"],"episodes":[{"slug":"this-week-in-web-development-httpwwwoptionkeycawebcaststwiwdtwiwd_20101019mp3","title":"This Week In Web Development","description":"Mobile Website Development and patients.","pubdate":"2010-10-19T07:08:52.000Z","link":"http://www.optionkey.ca/webcasts/twiwd/twiwd_20101019.mp3","guid":"http://www.optionkey.ca/webcasts/twiwd/twiwd_20101019.mp3","podcast":{"title":"This Week In Web Development","description":"This Week In Web Development Covers News in the Web Developer community as well as web development techniques.","image":"http://www.optionkey.ca/webcasts/twiwd/twiwd.png"}},{"slug":"this-week-in-web-development-httpwwwoptionkeycawebcaststwiwdtwiwd_20101027mp3","title":"This Week In Web Development","description":"Professional Development; Client and Relationship Building","pubdate":"2010-11-01T06:44:14.000Z","link":"http://www.optionkey.ca/webcasts/twiwd/twiwd_20101027.mp3","guid":"http://www.optionkey.ca/webcasts/twiwd/twiwd_20101027.mp3","podcast":{"title":"This Week In Web Development","description":"This Week In Web Development Covers News in the Web Developer community as well as web development techniques.","image":"http://www.optionkey.ca/webcasts/twiwd/twiwd.png"}}]}