{"Name":"Topics in Law - Untangling the Web of Urban Development Seminar","LongName":"Topics in Law - Untangling the Web of Urban Development Seminar","lowerAppName":"Topics in Law - Untangling the Web of Urban Development Seminar","slug":"topics-in-law-untangling-the-web-of-urban-development-seminar","title":"Topics in Law - Untangling the Web of Urban Development Seminar","description":"Instructor:","layout":"default","app-shell":"app","body":"<div class=\"container\">  <div class=\"row\">\r\n    <div class=\"card\">\r\n      <img src=\"[object Object]\" alt=\"Topics in Law - Untangling the Web of Urban Development Seminar\" class=\"card-img-top\">\r\n      <div class=\"card-body\">\r\n        <h3 class=\"card-title\">Topics in Law - Untangling the Web of Urban Development Seminar</h3>\r\n      </div>\r\n      <i class=\"fa fa-plus\" aria-hidden=\"true\"></i>\r\n    </div>\r\n  </div>\r\n  <div class=\"row\">\r\n    <audio src=\"https://api.spreaker.com/download/episode/8734727/ep105_mixdown.mp3\" controls=\"controls\"></audio>\r\n  </div>\r\n  <div class=\"row\">\r\n    <p>Instructor:</p>\r\n  </div>\r\n</div>","author":"Chris Love","facebook-publisher":"https://www.facebook.com/Love2Dev/","twitter":"ChrisLove","google-plus":"https://plus.google.com/b/110904107389779237581/?pageId=110904107389779237581","linkedin":"https://www.linkedin.com/in/Love2Dev/","pinterest":"https://www.pinterest.com/docluv/","youtube":"https://www.youtube.com/channel/UC3mfh2MN-5D-zOyiRLp9H6g","bing-user-key":"7EDAB92AF63E3B35E57195D810D64C57","image":{"url":"http://is4.mzstatic.com/image/thumb/Music/v4/6c/37/0f/6c370f5a-38d2-a3f2-3bac-35a8b3fca118/source/600x600bb.jpg","width":300,"height":300},"cache":{},"headers":{"Cache-Control":"public, max-age=30240, s-max-age=1200"},"meta":{"type":"article","og:type":"article","section":"progressive web apps","url":"https://podstr.love2dev.com/","route":"/"},"subtitle":null,"featured-image":"img/pwa-podstr-logo-600x310.png","abstract":"Instructor:","approved":true,"published":"2017-08-09T15:30:00.000Z","active":true,"tags":[],"publishedDay":20,"publishedMonth":10,"publishedYear":2117,"pubdate":"2017-08-09T15:30:00.000Z","link":"https://api.spreaker.com/download/episode/8734727/ep105_mixdown.mp3","guid":"c47fbf6911463017dbc81fc2a90e5ebc","podcast":{"title":"Podcast Title","description":"podcast description.","image":"img/pwa-podstr-logo-310x310.png"},"collectionId":405938393,"artwork":{"30":"http://is4.mzstatic.com/image/thumb/Music/v4/6c/37/0f/6c370f5a-38d2-a3f2-3bac-35a8b3fca118/source/30x30bb.jpg","60":"http://is4.mzstatic.com/image/thumb/Music/v4/6c/37/0f/6c370f5a-38d2-a3f2-3bac-35a8b3fca118/source/60x60bb.jpg","100":"http://is4.mzstatic.com/image/thumb/Music/v4/6c/37/0f/6c370f5a-38d2-a3f2-3bac-35a8b3fca118/source/100x100bb.jpg","600":"http://is4.mzstatic.com/image/thumb/Music/v4/6c/37/0f/6c370f5a-38d2-a3f2-3bac-35a8b3fca118/source/600x600bb.jpg"},"genres":["Society & Culture","Podcasts"]}