{"Name":"Podstr","LongName":"Podstr","lowerAppName":"Podstr","slug":"transitioning","title":"Transitioning","description":"<p>Just when you thought you could delete us from your podcatcher we are back and with a distinct lack of excuses for our absence. This week we discuss our new weekly formats and chat extensively about “transitioning”.</p>\n\n<p>Over the last few months both of us have found our main focuses shifting and as a result the way we present ourselves online has changed, or had to change, too. We revisit our discussion on “flowery Twitter bios” and look at ways in which our friends, colleagues and heroes represent themselves online – through the blog posts they write, links they curate and share and other output including podcasts and videos. We touch on expectations, schedules and much more in our first episode back behind the Yeti’s.</p>\n\n<ul>\n  <li><a href=\"http://seanwes.com/\">Sean Wes</a></li>\n  <li><a href=\"http://seanwes.com/podcast/092-4-keys-to-growing-an-audience-when-you-feel-like-youre-not-getting-recognition/\">The Sean Wes Podcast: Episode 92</a></li>\n  <li><a href=\"https://twitter.com/howells\">Daniel Howells on Twitter</a></li>\n  <li><a href=\"https://twitter.com/garyvee\">Gary Vee</a></li>\n  <li><a href=\"https://www.youtube.com/user/GaryVaynerchuk\">Gary Vee on YouTube</a></li>\n</ul>\n\n<p>We’d love to hear about your experiences of transitioning. Get in touch on <a href=\"http://twitter.com/backtofrontshow\">Twitter</a> and <a href=\"https://www.facebook.com/backtofrontshow\">Facebook</a>.</p>","layout":"default","app-shell":"app","body":"<div class=\"container\">  <div class=\"row\">\r\n    <div class=\"card\">\r\n      <img src=\"https://backtofrontshow.com/img/itunes-3000x3000.png\" alt=\"Transitioning\" class=\"card-img-top\">\r\n      <div class=\"card-body\">\r\n        <h3 class=\"card-title\">Transitioning</h3>\r\n      </div>\r\n      <i class=\"fa fa-plus\" aria-hidden=\"true\"></i>\r\n    </div>\r\n  </div>\r\n  <div class=\"row\">\r\n    <audio src=\"https://api.spreaker.com/download/episode/8734727/ep105_mixdown.mp3\" controls=\"controls\"></audio>\r\n  </div>\r\n  <div class=\"row\">\r\n    <p><p>Just when you thought you could delete us from your podcatcher we are back and with a distinct lack of excuses for our absence. This week we discuss our new weekly formats and chat extensively about “transitioning”.</p>\n\n<p>Over the last few months both of us have found our main focuses shifting and as a result the way we present ourselves online has changed, or had to change, too. We revisit our discussion on “flowery Twitter bios” and look at ways in which our friends, colleagues and heroes represent themselves online – through the blog posts they write, links they curate and share and other output including podcasts and videos. We touch on expectations, schedules and much more in our first episode back behind the Yeti’s.</p>\n\n<ul>\n <li><a href=\"http://seanwes.com/\">Sean Wes</a></li>\n <li><a href=\"http://seanwes.com/podcast/092-4-keys-to-growing-an-audience-when-you-feel-like-youre-not-getting-recognition/\">The Sean Wes Podcast: Episode 92</a></li>\n <li><a href=\"https://twitter.com/howells\">Daniel Howells on Twitter</a></li>\n <li><a href=\"https://twitter.com/garyvee\">Gary Vee</a></li>\n <li><a href=\"https://www.youtube.com/user/GaryVaynerchuk\">Gary Vee on YouTube</a></li>\n</ul>\n\n<p>We’d love to hear about your experiences of transitioning. Get in touch on <a href=\"http://twitter.com/backtofrontshow\">Twitter</a> and <a href=\"https://www.facebook.com/backtofrontshow\">Facebook</a>.</p></p>\r\n  </div>\r\n</div>","author":"Chris Love","facebook-publisher":"https://www.facebook.com/Love2Dev/","twitter":"ChrisLove","google-plus":"https://plus.google.com/b/110904107389779237581/?pageId=110904107389779237581","linkedin":"https://www.linkedin.com/in/Love2Dev/","pinterest":"https://www.pinterest.com/docluv/","youtube":"https://www.youtube.com/channel/UC3mfh2MN-5D-zOyiRLp9H6g","bing-user-key":"7EDAB92AF63E3B35E57195D810D64C57","image":{"url":"https://backtofrontshow.com/img/itunes-3000x3000.png","width":3000,"height":3000},"cache":{},"headers":{"Cache-Control":"public, max-age=30240, s-max-age=1200"},"meta":{"type":"article","og:type":"article","section":"progressive web apps","url":"https://podstr.love2dev.com/","route":"/"},"subtitle":null,"featured-image":"img/pwa-podstr-logo-600x310.png","abstract":"<img align='left' src='img/pwa-podstr-logo-600x310.png' style='margin: 18px 18px 18px 6px; float: left; display: inline' lazyload='1' lazyload='1' />Two years, it&#39;s hard to comprehend how fast the time has flown and how much my life has changed. November 2 marked my two year anniversary with Tellago and I thought I would try to express what these past two years have been like today, Thanksgiving. Back in July 2010, after about 8 months after joining Tellago I wrote about my experiences and thankfulness at the time. ","approved":true,"published":"2014-09-04T12:00:00.000Z","active":true,"tags":[],"publishedDay":20,"publishedMonth":10,"publishedYear":2117,"pubdate":"2014-09-04T12:00:00.000Z","link":"https://api.spreaker.com/download/episode/8734727/ep105_mixdown.mp3","guid":"https://backtofrontshow.com/episode-24/","podcast":{"title":"The Back to Front Show","description":"The Back to Front show was started in 2013 by web industry veterans Keir Whitaker and Kieran Masterton. Over the first 40 episodes they have discussed everything from web design and development to startups and dog related tech. Today the focus has shifted and includes topics including remote working, working in the web industry, productivity, hipster beards and much more. Released irregularly but always produced with passion The Back to Front Show runs for around 40 minutes per episode and comes to you from the beautiful West Country in the UK. Thanks for listening.","image":"https://backtofrontshow.com/img/itunes-3000x3000.png"}}