{"Name":"Podstr","LongName":"Podstr","lowerAppName":"Podstr","slug":"we-don8217t-need-no-education","title":"We Don&#8217;t Need no Education","description":"<p>I’ll say this — time off between episodes certainly gives us plenty to talk about. In our 45th, almost hour–long, outing behind the mics we welcome new members to “<a href=\"http://backtofrontshow.com/club/\">the club</a>“, discuss Kieran’s move into the world of coffee capsule commerce, ponder on new forms of web education, and learn more what Kieran receives in the post!</p>\n\n<ul>\n  <li><a href=\"http://backtofrontshow.com/club/#david-mccann\">David McCann</a></li>\n  <li><a href=\"http://backtofrontshow.com/club/#matt-willmott\">Matt Wilmott</a></li>\n  <li><a href=\"https://colonnacoffee.com/\">Colonna Coffee</a></li>\n  <li><a href=\"https://oliverlindberg.com/\">Oliver Lindberg</a></li>\n  <li><a href=\"https://www.kickstarter.com/projects/1437234252/the-new-digital-school-an-alternative-to-design-ed\">The New Digital School</a></li>\n  <li><a href=\"http://lectureinprogress.com\">Lecture In Progress</a></li>\n  <li><a href=\"https://www.kickstarter.com/projects/hudsonbecgroup/lecture-in-progress\">Lecture In Progress Kickstarter</a></li>\n  <li><a href=\"http://webteaching.today/\">Web Teaching Day</a></li>\n  <li><a href=\"http://www.creativebloq.com/advice/how-to-survive-as-a-web-designer-beyond-2020\">How to Survive as a Web Designer Beyond 2020</a></li>\n</ul>","layout":"default","app-shell":"app","body":"<div class=\"container\">  <div class=\"row\">\r\n    <div class=\"card\">\r\n      <img src=\"https://backtofrontshow.com/img/itunes-3000x3000.png\" alt=\"We Don&amp;#8217;t Need no Education\" class=\"card-img-top\">\r\n      <div class=\"card-body\">\r\n        <h3 class=\"card-title\">We Don&amp;#8217;t Need no Education</h3>\r\n      </div>\r\n      <i class=\"fa fa-plus\" aria-hidden=\"true\"></i>\r\n    </div>\r\n  </div>\r\n  <div class=\"row\">\r\n    <audio src=\"https://api.spreaker.com/download/episode/8734727/ep105_mixdown.mp3\" controls=\"controls\"></audio>\r\n  </div>\r\n  <div class=\"row\">\r\n    <p><p>I’ll say this — time off between episodes certainly gives us plenty to talk about. In our 45th, almost hour–long, outing behind the mics we welcome new members to “<a href=\"http://backtofrontshow.com/club/\">the club</a>“, discuss Kieran’s move into the world of coffee capsule commerce, ponder on new forms of web education, and learn more what Kieran receives in the post!</p>\n\n<ul>\n <li><a href=\"http://backtofrontshow.com/club/#david-mccann\">David McCann</a></li>\n <li><a href=\"http://backtofrontshow.com/club/#matt-willmott\">Matt Wilmott</a></li>\n <li><a href=\"https://colonnacoffee.com/\">Colonna Coffee</a></li>\n <li><a href=\"https://oliverlindberg.com/\">Oliver Lindberg</a></li>\n <li><a href=\"https://www.kickstarter.com/projects/1437234252/the-new-digital-school-an-alternative-to-design-ed\">The New Digital School</a></li>\n <li><a href=\"http://lectureinprogress.com\">Lecture In Progress</a></li>\n <li><a href=\"https://www.kickstarter.com/projects/hudsonbecgroup/lecture-in-progress\">Lecture In Progress Kickstarter</a></li>\n <li><a href=\"http://webteaching.today/\">Web Teaching Day</a></li>\n <li><a href=\"http://www.creativebloq.com/advice/how-to-survive-as-a-web-designer-beyond-2020\">How to Survive as a Web Designer Beyond 2020</a></li>\n</ul></p>\r\n  </div>\r\n</div>","author":"Chris Love","facebook-publisher":"https://www.facebook.com/Love2Dev/","twitter":"ChrisLove","google-plus":"https://plus.google.com/b/110904107389779237581/?pageId=110904107389779237581","linkedin":"https://www.linkedin.com/in/Love2Dev/","pinterest":"https://www.pinterest.com/docluv/","youtube":"https://www.youtube.com/channel/UC3mfh2MN-5D-zOyiRLp9H6g","bing-user-key":"7EDAB92AF63E3B35E57195D810D64C57","image":{"url":"https://backtofrontshow.com/img/itunes-3000x3000.png","width":3000,"height":3000},"cache":{},"headers":{"Cache-Control":"public, max-age=30240, s-max-age=1200"},"meta":{"type":"article","og:type":"article","section":"progressive web apps","url":"https://podstr.love2dev.com/","route":"/"},"subtitle":null,"featured-image":"img/pwa-podstr-logo-600x310.png","abstract":"<img align='left' src='img/pwa-podstr-logo-600x310.png' style='margin: 18px 18px 18px 6px; float: left; display: inline' lazyload='1' lazyload='1' />Two years, it&#39;s hard to comprehend how fast the time has flown and how much my life has changed. November 2 marked my two year anniversary with Tellago and I thought I would try to express what these past two years have been like today, Thanksgiving. Back in July 2010, after about 8 months after joining Tellago I wrote about my experiences and thankfulness at the time. ","approved":true,"published":"2016-11-17T09:54:01.000Z","active":true,"tags":[],"publishedDay":20,"publishedMonth":10,"publishedYear":2117,"pubdate":"2016-11-17T09:54:01.000Z","link":"https://api.spreaker.com/download/episode/8734727/ep105_mixdown.mp3","guid":"https://backtofrontshow.com/episode-45/","podcast":{"title":"The Back to Front Show","description":"The Back to Front show was started in 2013 by web industry veterans Keir Whitaker and Kieran Masterton. Over the first 40 episodes they have discussed everything from web design and development to startups and dog related tech. Today the focus has shifted and includes topics including remote working, working in the web industry, productivity, hipster beards and much more. Released irregularly but always produced with passion The Back to Front Show runs for around 40 minutes per episode and comes to you from the beautiful West Country in the UK. Thanks for listening.","image":"https://backtofrontshow.com/img/itunes-3000x3000.png"}}