{"Name":"Web Development Fundamentals - SOFT6007 Com1","LongName":"Web Development Fundamentals - SOFT6007 Com1","lowerAppName":"Web Development Fundamentals - SOFT6007 Com1","slug":"web-development-fundamentals-soft6007-com1","title":"Web Development Fundamentals - SOFT6007 Com1","description":"Colin Manning","layout":"default","app-shell":"app","body":"<div class=\"container\">  <div class=\"row\">\r\n    <div class=\"card\">\r\n      <img src=\"[object Object]\" alt=\"Web Development Fundamentals - SOFT6007 Com1\" class=\"card-img-top\">\r\n      <div class=\"card-body\">\r\n        <h3 class=\"card-title\">Web Development Fundamentals - SOFT6007 Com1</h3>\r\n      </div>\r\n      <i class=\"fa fa-plus\" aria-hidden=\"true\"></i>\r\n    </div>\r\n  </div>\r\n  <div class=\"row\">\r\n    <audio src=\"https://api.spreaker.com/download/episode/8734727/ep105_mixdown.mp3\" controls=\"controls\"></audio>\r\n  </div>\r\n  <div class=\"row\">\r\n    <p>Colin Manning</p>\r\n  </div>\r\n</div>","author":"Chris Love","facebook-publisher":"https://www.facebook.com/Love2Dev/","twitter":"ChrisLove","google-plus":"https://plus.google.com/b/110904107389779237581/?pageId=110904107389779237581","linkedin":"https://www.linkedin.com/in/Love2Dev/","pinterest":"https://www.pinterest.com/docluv/","youtube":"https://www.youtube.com/channel/UC3mfh2MN-5D-zOyiRLp9H6g","bing-user-key":"7EDAB92AF63E3B35E57195D810D64C57","image":{"url":"http://is2.mzstatic.com/image/thumb/Music/v4/b3/84/50/b38450b9-6063-35a6-70e4-d1d2259f96c8/source/600x600bb.jpg","width":600,"height":600},"cache":{},"headers":{"Cache-Control":"public, max-age=30240, s-max-age=1200"},"meta":{"type":"article","og:type":"article","section":"progressive web apps","url":"https://podstr.love2dev.com/","route":"/"},"subtitle":null,"featured-image":"img/pwa-podstr-logo-600x310.png","abstract":"Colin Manning","approved":true,"published":"2017-08-09T15:30:00.000Z","active":true,"tags":[],"publishedDay":20,"publishedMonth":10,"publishedYear":2117,"pubdate":"2017-08-09T15:30:00.000Z","link":"https://api.spreaker.com/download/episode/8734727/ep105_mixdown.mp3","guid":"c47fbf6911463017dbc81fc2a90e5ebc","podcast":{"title":"Podcast Title","description":"podcast description.","image":"img/pwa-podstr-logo-310x310.png"},"collectionId":510070709,"feedUrl":"https://deimos.apple.com/WebObjects/Core.woa/GetRSS/cit.ie-dz.13988592001.013988592003?U=http%3A%2F%2Fwww.mycit.ie%2Fitunesu%2Fcolinmanning%2Fsoft6007-com1.xml","artwork":{"30":"http://is2.mzstatic.com/image/thumb/Music/v4/b3/84/50/b38450b9-6063-35a6-70e4-d1d2259f96c8/source/30x30bb.jpg","60":"http://is2.mzstatic.com/image/thumb/Music/v4/b3/84/50/b38450b9-6063-35a6-70e4-d1d2259f96c8/source/60x60bb.jpg","100":"http://is2.mzstatic.com/image/thumb/Music/v4/b3/84/50/b38450b9-6063-35a6-70e4-d1d2259f96c8/source/100x100bb.jpg","600":"http://is2.mzstatic.com/image/thumb/Music/v4/b3/84/50/b38450b9-6063-35a6-70e4-d1d2259f96c8/source/600x600bb.jpg"},"genres":["Technology","Podcasts"],"episodes":[{"slug":"class-01-13988673896","title":"Class 01","description":"Module descriptor. Bits & Bytes. Representing text.","pubdate":"2012-01-30T17:13:58.000Z","link":null,"guid":"13988673896","podcast":{"title":"Web Development Fundamentals - SOFT6007 Com1","description":"Web Development Fundamentals - SOFT6007 Com1","image":"http://deimos3.apple.com/indigo//66/b4/3f/25/66b43f25396ed9e6c498518129a2dd6550e9e394e92a892e3d7b150b14d34780-14421770806.png"}},{"slug":"soft6007-slides01pdf-14240065241","title":"SOFT6007-Slides01.pdf","description":"Bits & Bytes","pubdate":"2012-01-30T13:19:41.000Z","link":null,"guid":"14240065241","podcast":{"title":"Web Development Fundamentals - SOFT6007 Com1","description":"Web Development Fundamentals - SOFT6007 Com1","image":"http://deimos3.apple.com/indigo//66/b4/3f/25/66b43f25396ed9e6c498518129a2dd6550e9e394e92a892e3d7b150b14d34780-14421770806.png"}},{"slug":"class-02-lab-group-a-13988673893","title":"Class 02 - Lab Group A","description":"Representing text. HTML. Entities. History of the Internet. Sample HTML pages","pubdate":"2012-02-02T17:17:11.000Z","link":null,"guid":"13988673893","podcast":{"title":"Web Development Fundamentals - SOFT6007 Com1","description":"Web Development Fundamentals - SOFT6007 Com1","image":"http://deimos3.apple.com/indigo//66/b4/3f/25/66b43f25396ed9e6c498518129a2dd6550e9e394e92a892e3d7b150b14d34780-14421770806.png"}},{"slug":"class-02-lab-group-b-14017530097","title":"Class 02 - Lab Group B","description":"Representing text. HTML. Entities. History of the Internet. Sample HTML pages.","pubdate":"2012-02-02T13:47:03.000Z","link":null,"guid":"14017530097","podcast":{"title":"Web Development Fundamentals - SOFT6007 Com1","description":"Web Development Fundamentals - SOFT6007 Com1","image":"http://deimos3.apple.com/indigo//66/b4/3f/25/66b43f25396ed9e6c498518129a2dd6550e9e394e92a892e3d7b150b14d34780-14421770806.png"}},{"slug":"soft6007-slides02pdf-14240065244","title":"SOFT6007-Slides02.pdf","description":"Representing Text","pubdate":"2012-01-30T13:20:31.000Z","link":null,"guid":"14240065244","podcast":{"title":"Web Development Fundamentals - SOFT6007 Com1","description":"Web Development Fundamentals - SOFT6007 Com1","image":"http://deimos3.apple.com/indigo//66/b4/3f/25/66b43f25396ed9e6c498518129a2dd6550e9e394e92a892e3d7b150b14d34780-14421770806.png"}},{"slug":"class-03-14017530095","title":"Class 03","description":"Image tags.","pubdate":"2012-02-03T13:47:10.000Z","link":null,"guid":"14017530095","podcast":{"title":"Web Development Fundamentals - SOFT6007 Com1","description":"Web Development Fundamentals - SOFT6007 Com1","image":"http://deimos3.apple.com/indigo//66/b4/3f/25/66b43f25396ed9e6c498518129a2dd6550e9e394e92a892e3d7b150b14d34780-14421770806.png"}},{"slug":"soft6007-slides03pdf-14240065247","title":"SOFT6007-Slides03.pdf","description":"History or the Internet. Introduction to HTML","pubdate":"2012-02-02T13:22:24.000Z","link":null,"guid":"14240065247","podcast":{"title":"Web Development Fundamentals - SOFT6007 Com1","description":"Web Development Fundamentals - SOFT6007 Com1","image":"http://deimos3.apple.com/indigo//66/b4/3f/25/66b43f25396ed9e6c498518129a2dd6550e9e394e92a892e3d7b150b14d34780-14421770806.png"}},{"slug":"class-04-14017530093","title":"Class 04","description":"Nested lists. HTML character entities.","pubdate":"2012-02-06T13:47:59.000Z","link":null,"guid":"14017530093","podcast":{"title":"Web Development Fundamentals - SOFT6007 Com1","description":"Web Development Fundamentals - SOFT6007 Com1","image":"http://deimos3.apple.com/indigo//66/b4/3f/25/66b43f25396ed9e6c498518129a2dd6550e9e394e92a892e3d7b150b14d34780-14421770806.png"}},{"slug":"soft6007-slides04pdf-14240065250","title":"SOFT6007-Slides04.pdf","description":"Lists. Logical vs Physical Markup. Image Maps","pubdate":"2012-02-17T13:21:43.000Z","link":null,"guid":"14240065250","podcast":{"title":"Web Development Fundamentals - SOFT6007 Com1","description":"Web Development Fundamentals - SOFT6007 Com1","image":"http://deimos3.apple.com/indigo//66/b4/3f/25/66b43f25396ed9e6c498518129a2dd6550e9e394e92a892e3d7b150b14d34780-14421770806.png"}},{"slug":"class-05-lab-group-a-14017530091","title":"Class 05 - Lab Group A","description":"Links","pubdate":"2012-02-09T13:49:12.000Z","link":null,"guid":"14017530091","podcast":{"title":"Web Development Fundamentals - SOFT6007 Com1","description":"Web Development Fundamentals - SOFT6007 Com1","image":"http://deimos3.apple.com/indigo//66/b4/3f/25/66b43f25396ed9e6c498518129a2dd6550e9e394e92a892e3d7b150b14d34780-14421770806.png"}},{"slug":"class-05-lab-group-b-14017530089","title":"Class 05 - Lab Group B","description":"Links.","pubdate":"2012-02-09T13:50:36.000Z","link":null,"guid":"14017530089","podcast":{"title":"Web Development Fundamentals - SOFT6007 Com1","description":"Web Development Fundamentals - SOFT6007 Com1","image":"http://deimos3.apple.com/indigo//66/b4/3f/25/66b43f25396ed9e6c498518129a2dd6550e9e394e92a892e3d7b150b14d34780-14421770806.png"}},{"slug":"soft6007-slides05pdf-14240065253","title":"SOFT6007-Slides05.pdf","description":"Cascading Style Sheets (CSS)","pubdate":"2012-02-27T13:25:36.000Z","link":null,"guid":"14240065253","podcast":{"title":"Web Development Fundamentals - SOFT6007 Com1","description":"Web Development Fundamentals - SOFT6007 Com1","image":"http://deimos3.apple.com/indigo//66/b4/3f/25/66b43f25396ed9e6c498518129a2dd6550e9e394e92a892e3d7b150b14d34780-14421770806.png"}},{"slug":"class-06-14017530087","title":"Class 06","description":"Tables","pubdate":"2012-02-10T13:50:53.000Z","link":null,"guid":"14017530087","podcast":{"title":"Web Development Fundamentals - SOFT6007 Com1","description":"Web Development Fundamentals - SOFT6007 Com1","image":"http://deimos3.apple.com/indigo//66/b4/3f/25/66b43f25396ed9e6c498518129a2dd6550e9e394e92a892e3d7b150b14d34780-14421770806.png"}},{"slug":"soft6007-slides06pdf-14240065256","title":"SOFT6007-Slides06.pdf","description":"Digital Colour","pubdate":"2012-03-09T13:23:39.000Z","link":null,"guid":"14240065256","podcast":{"title":"Web Development Fundamentals - SOFT6007 Com1","description":"Web Development Fundamentals - SOFT6007 Com1","image":"http://deimos3.apple.com/indigo//66/b4/3f/25/66b43f25396ed9e6c498518129a2dd6550e9e394e92a892e3d7b150b14d34780-14421770806.png"}},{"slug":"soft6007-slides07pdf-14240065259","title":"SOFT6007-Slides07.pdf","description":"How Many Colours in the Rainbow?","pubdate":"2012-02-24T13:22:41.000Z","link":null,"guid":"14240065259","podcast":{"title":"Web Development Fundamentals - SOFT6007 Com1","description":"Web Development Fundamentals - SOFT6007 Com1","image":"http://deimos3.apple.com/indigo//66/b4/3f/25/66b43f25396ed9e6c498518129a2dd6550e9e394e92a892e3d7b150b14d34780-14421770806.png"}},{"slug":"soft6007-slides08pdf-14240065262","title":"SOFT6007-Slides08.pdf","description":"Position. Background images. Color","pubdate":"2012-03-15T13:26:19.000Z","link":null,"guid":"14240065262","podcast":{"title":"Web Development Fundamentals - SOFT6007 Com1","description":"Web Development Fundamentals - SOFT6007 Com1","image":"http://deimos3.apple.com/indigo//66/b4/3f/25/66b43f25396ed9e6c498518129a2dd6550e9e394e92a892e3d7b150b14d34780-14421770806.png"}},{"slug":"class-09-14017530085","title":"Class 09","description":"Definition lists. Logical vs physical markup. Image maps.","pubdate":"2012-02-17T13:52:18.000Z","link":null,"guid":"14017530085","podcast":{"title":"Web Development Fundamentals - SOFT6007 Com1","description":"Web Development Fundamentals - SOFT6007 Com1","image":"http://deimos3.apple.com/indigo//66/b4/3f/25/66b43f25396ed9e6c498518129a2dd6550e9e394e92a892e3d7b150b14d34780-14421770806.png"}},{"slug":"class-12-14017530083","title":"Class 12","description":"How many colours in the rainbow?","pubdate":"2012-02-20T13:53:33.000Z","link":null,"guid":"14017530083","podcast":{"title":"Web Development Fundamentals - SOFT6007 Com1","description":"Web Development Fundamentals - SOFT6007 Com1","image":"http://deimos3.apple.com/indigo//66/b4/3f/25/66b43f25396ed9e6c498518129a2dd6550e9e394e92a892e3d7b150b14d34780-14421770806.png"}},{"slug":"class-13-14017530081","title":"Class 13","description":"Cascading Style Sheets (CSS).","pubdate":"2012-02-27T13:54:38.000Z","link":null,"guid":"14017530081","podcast":{"title":"Web Development Fundamentals - SOFT6007 Com1","description":"Web Development Fundamentals - SOFT6007 Com1","image":"http://deimos3.apple.com/indigo//66/b4/3f/25/66b43f25396ed9e6c498518129a2dd6550e9e394e92a892e3d7b150b14d34780-14421770806.png"}},{"slug":"class-14-lab-group-b-14017530079","title":"Class 14 - Lab Group B","description":"We added CSS to the timetable.","pubdate":"2012-03-01T13:55:55.000Z","link":null,"guid":"14017530079","podcast":{"title":"Web Development Fundamentals - SOFT6007 Com1","description":"Web Development Fundamentals - SOFT6007 Com1","image":"http://deimos3.apple.com/indigo//66/b4/3f/25/66b43f25396ed9e6c498518129a2dd6550e9e394e92a892e3d7b150b14d34780-14421770806.png"}},{"slug":"class-17-lab-group-a-14017530078","title":"Class 17 - Lab Group A","description":null,"pubdate":"2012-03-08T13:56:42.000Z","link":null,"guid":"14017530078","podcast":{"title":"Web Development Fundamentals - SOFT6007 Com1","description":"Web Development Fundamentals - SOFT6007 Com1","image":"http://deimos3.apple.com/indigo//66/b4/3f/25/66b43f25396ed9e6c498518129a2dd6550e9e394e92a892e3d7b150b14d34780-14421770806.png"}},{"slug":"class-17-lab-group-b-14017530077","title":"Class 17 - Lab Group B","description":null,"pubdate":"2012-03-08T13:57:09.000Z","link":null,"guid":"14017530077","podcast":{"title":"Web Development Fundamentals - SOFT6007 Com1","description":"Web Development Fundamentals - SOFT6007 Com1","image":"http://deimos3.apple.com/indigo//66/b4/3f/25/66b43f25396ed9e6c498518129a2dd6550e9e394e92a892e3d7b150b14d34780-14421770806.png"}},{"slug":"class-18-14017530075","title":"Class 18","description":"Digital Colour. Hue Saturation Brightness (HSB). Red Green Blue (RGB)","pubdate":"2012-03-09T13:58:04.000Z","link":null,"guid":"14017530075","podcast":{"title":"Web Development Fundamentals - SOFT6007 Com1","description":"Web Development Fundamentals - SOFT6007 Com1","image":"http://deimos3.apple.com/indigo//66/b4/3f/25/66b43f25396ed9e6c498518129a2dd6550e9e394e92a892e3d7b150b14d34780-14421770806.png"}},{"slug":"class-19-14017530073","title":"Class 19","description":"RGB. Lab. Cyan Magent Yellow Black (CMYK). Graphics Interchange Format (GIF).","pubdate":"2012-03-12T13:59:19.000Z","link":null,"guid":"14017530073","podcast":{"title":"Web Development Fundamentals - SOFT6007 Com1","description":"Web Development Fundamentals - SOFT6007 Com1","image":"http://deimos3.apple.com/indigo//66/b4/3f/25/66b43f25396ed9e6c498518129a2dd6550e9e394e92a892e3d7b150b14d34780-14421770806.png"}},{"slug":"class-20-lab-group-a-14363819303","title":"Class 20 - Lab Group A","description":"Float. Position.","pubdate":"2012-03-15T14:51:16.000Z","link":null,"guid":"14363819303","podcast":{"title":"Web Development Fundamentals - SOFT6007 Com1","description":"Web Development Fundamentals - SOFT6007 Com1","image":"http://deimos3.apple.com/indigo//66/b4/3f/25/66b43f25396ed9e6c498518129a2dd6550e9e394e92a892e3d7b150b14d34780-14421770806.png"}},{"slug":"class-21-14363819305","title":"Class 21","description":"Three Column Layout in CSS","pubdate":"2012-03-16T14:52:02.000Z","link":null,"guid":"14363819305","podcast":{"title":"Web Development Fundamentals - SOFT6007 Com1","description":"Web Development Fundamentals - SOFT6007 Com1","image":"http://deimos3.apple.com/indigo//66/b4/3f/25/66b43f25396ed9e6c498518129a2dd6550e9e394e92a892e3d7b150b14d34780-14421770806.png"}},{"slug":"class-23-lab-group-b-14363819307","title":"Class 23 - Lab Group B","description":"Forms.","pubdate":"2012-03-22T14:53:56.000Z","link":null,"guid":"14363819307","podcast":{"title":"Web Development Fundamentals - SOFT6007 Com1","description":"Web Development Fundamentals - SOFT6007 Com1","image":"http://deimos3.apple.com/indigo//66/b4/3f/25/66b43f25396ed9e6c498518129a2dd6550e9e394e92a892e3d7b150b14d34780-14421770806.png"}},{"slug":"class-24-14363819309","title":"Class 24","description":"Three Column Layout in CSS. JavaScript.","pubdate":"2012-03-23T14:54:43.000Z","link":null,"guid":"14363819309","podcast":{"title":"Web Development Fundamentals - SOFT6007 Com1","description":"Web Development Fundamentals - SOFT6007 Com1","image":"http://deimos3.apple.com/indigo//66/b4/3f/25/66b43f25396ed9e6c498518129a2dd6550e9e394e92a892e3d7b150b14d34780-14421770806.png"}},{"slug":"class-25-14363819311","title":"Class 25","description":"JavaScript. Rollovers.","pubdate":"2012-03-26T13:55:27.000Z","link":null,"guid":"14363819311","podcast":{"title":"Web Development Fundamentals - SOFT6007 Com1","description":"Web Development Fundamentals - SOFT6007 Com1","image":"http://deimos3.apple.com/indigo//66/b4/3f/25/66b43f25396ed9e6c498518129a2dd6550e9e394e92a892e3d7b150b14d34780-14421770806.png"}},{"slug":"class-27-14772802214","title":"Class 27","description":"GIF. JPEG. PNG.","pubdate":"2012-03-30T10:57:02.000Z","link":null,"guid":"14772802214","podcast":{"title":"Web Development Fundamentals - SOFT6007 Com1","description":"Web Development Fundamentals - SOFT6007 Com1","image":"http://deimos3.apple.com/indigo//66/b4/3f/25/66b43f25396ed9e6c498518129a2dd6550e9e394e92a892e3d7b150b14d34780-14421770806.png"}},{"slug":"soft6008-01bpdf-14269701309","title":"SOFT6008-01b.pdf","description":"Intro. to JavaScript. Time based greeting. Random numbers. Image tags","pubdate":"2012-03-23T16:20:08.000Z","link":null,"guid":"14269701309","podcast":{"title":"Web Development Fundamentals - SOFT6007 Com1","description":"Web Development Fundamentals - SOFT6007 Com1","image":"http://deimos3.apple.com/indigo//66/b4/3f/25/66b43f25396ed9e6c498518129a2dd6550e9e394e92a892e3d7b150b14d34780-14421770806.png"}},{"slug":"soft6008-02jpdf-14269701312","title":"SOFT6008-02j.pdf","description":"Prompts. Loops. Rollovers","pubdate":"2012-03-26T15:21:12.000Z","link":null,"guid":"14269701312","podcast":{"title":"Web Development Fundamentals - SOFT6007 Com1","description":"Web Development Fundamentals - SOFT6007 Com1","image":"http://deimos3.apple.com/indigo//66/b4/3f/25/66b43f25396ed9e6c498518129a2dd6550e9e394e92a892e3d7b150b14d34780-14421770806.png"}},{"slug":"special-charspdf-14269701315","title":"special-chars.pdf","description":"HTML Entities","pubdate":"2012-02-06T16:22:14.000Z","link":null,"guid":"14269701315","podcast":{"title":"Web Development Fundamentals - SOFT6007 Com1","description":"Web Development Fundamentals - SOFT6007 Com1","image":"http://deimos3.apple.com/indigo//66/b4/3f/25/66b43f25396ed9e6c498518129a2dd6550e9e394e92a892e3d7b150b14d34780-14421770806.png"}},{"slug":"html-12-formspdf-14269701318","title":"html-12-forms.pdf","description":"Forms","pubdate":"2012-03-22T16:23:28.000Z","link":null,"guid":"14269701318","podcast":{"title":"Web Development Fundamentals - SOFT6007 Com1","description":"Web Development Fundamentals - SOFT6007 Com1","image":"http://deimos3.apple.com/indigo//66/b4/3f/25/66b43f25396ed9e6c498518129a2dd6550e9e394e92a892e3d7b150b14d34780-14421770806.png"}}]}