{"Name":"Web Design Therapy","LongName":"Web Design Therapy","lowerAppName":"Web Design Therapy","slug":"web-design-therapy","title":"Web Design Therapy","description":"Web Design Development Agency business advice","layout":"default","app-shell":"app","body":"<div class=\"container\">  <div class=\"row\">\r\n    <div class=\"card\">\r\n      <img src=\"[object Object]\" alt=\"Web Design Therapy\" class=\"card-img-top\">\r\n      <div class=\"card-body\">\r\n        <h3 class=\"card-title\">Web Design Therapy</h3>\r\n      </div>\r\n      <i class=\"fa fa-plus\" aria-hidden=\"true\"></i>\r\n    </div>\r\n  </div>\r\n  <div class=\"row\">\r\n    <audio src=\"https://api.spreaker.com/download/episode/8734727/ep105_mixdown.mp3\" controls=\"controls\"></audio>\r\n  </div>\r\n  <div class=\"row\">\r\n    <p>Web Design Development Agency business advice</p>\r\n  </div>\r\n</div>","author":"Chris Love","facebook-publisher":"https://www.facebook.com/Love2Dev/","twitter":"ChrisLove","google-plus":"https://plus.google.com/b/110904107389779237581/?pageId=110904107389779237581","linkedin":"https://www.linkedin.com/in/Love2Dev/","pinterest":"https://www.pinterest.com/docluv/","youtube":"https://www.youtube.com/channel/UC3mfh2MN-5D-zOyiRLp9H6g","bing-user-key":"7EDAB92AF63E3B35E57195D810D64C57","image":{"url":"http://is3.mzstatic.com/image/thumb/Music62/v4/e7/f2/0d/e7f20d70-9d27-c3c5-8274-9b1a29457970/source/600x600bb.jpg","width":600,"height":600},"cache":{},"headers":{"Cache-Control":"public, max-age=30240, s-max-age=1200"},"meta":{"type":"article","og:type":"article","section":"progressive web apps","url":"https://podstr.love2dev.com/","route":"/"},"subtitle":null,"featured-image":"img/pwa-podstr-logo-600x310.png","abstract":"Web Design Development Agency business advice","approved":true,"published":"2017-08-09T15:30:00.000Z","active":true,"tags":[],"publishedDay":20,"publishedMonth":10,"publishedYear":2117,"pubdate":"2017-08-09T15:30:00.000Z","link":"https://api.spreaker.com/download/episode/8734727/ep105_mixdown.mp3","guid":"c47fbf6911463017dbc81fc2a90e5ebc","podcast":{"title":"Podcast Title","description":"podcast description.","image":"img/pwa-podstr-logo-310x310.png"},"collectionId":1126812740,"feedUrl":"http://feeds.feedburner.com/WebDesignTherapy","artwork":{"30":"http://is3.mzstatic.com/image/thumb/Music62/v4/e7/f2/0d/e7f20d70-9d27-c3c5-8274-9b1a29457970/source/30x30bb.jpg","60":"http://is3.mzstatic.com/image/thumb/Music62/v4/e7/f2/0d/e7f20d70-9d27-c3c5-8274-9b1a29457970/source/60x60bb.jpg","100":"http://is3.mzstatic.com/image/thumb/Music62/v4/e7/f2/0d/e7f20d70-9d27-c3c5-8274-9b1a29457970/source/100x100bb.jpg","600":"http://is3.mzstatic.com/image/thumb/Music62/v4/e7/f2/0d/e7f20d70-9d27-c3c5-8274-9b1a29457970/source/600x600bb.jpg"},"genres":["Management & Marketing","Podcasts","Business"],"episodes":[{"slug":"episode-3-hiring-being-busy-and-how-to-raise-prices-1136","title":"Episode 3 - Hiring, being busy and how to raise prices","description":"<p>1. Do you guys do retainer work? How do you upsell the benefit of being on a retainer?</p><p>2. What are some practical things for ensuring that you hire the right people for your agency?</p><p>3. How do you manage to balance growth? Were you successful in growing inbound leads/clients first, then focused on growing your team, the other way around, or a 50/50 split?</p><p>4. What&#39;s your favourite website?</p><p>5. Is there a benefit to putting your prices on show? How do you raise prices?</p><p>6. How might location help/hinder new startups. I&rsquo;m based in the North, in a small town. It&rsquo;s not an affluent area and small businesses locally see even &pound;200 as expensive for a website, so it&rsquo;s tough. The closest area to me with any significant growth is Sheffield.&nbsp;</p><p>7. How key is location? Do you meet with every potential client?</p>","pubdate":"2016-06-23T09:41:12.000Z","link":"https://wemakewebsites.com/blog/episode-3-hiring-being-busy-and-how-to-raise-prices","guid":"1136","podcast":{"title":"Web Design Therapy","description":"This is the WEB DESIGN THERAPY. Learn the inside secrets of running a successful web design agency. You send in the questions and we answer them. Our company, We Make Websites, has been around for seven years and we’ve learnt a serious amount about running an agency - and we also have a small claim to fame for being the no.1 experts in Design, Development and Marketing in the UK on the Shopify platform. Our founders Alex and Piers will answer your questions each week on this new channel.Alex O’Byrne is a co-founder at We Make Websites, he is an international speaker on the topic of ecommerce and has spoken at Google, Digital Shoreditch and Top Drawer. Piers Thorogood is a co-founder and lead designer at WeMakeWebsites. He has built websites for companies large and small and now runs the design team at WeMakeWebsites’s London HQ.Thanks for tuning in and be sure to send all your questions to therapy@wemakewebsites.com","image":"http://wemakewebsites.com/sites/default/files/styles/original/public/images/WebDesignTherapy.jpg"}},{"slug":"episode-2-project-workflow-coding-standards-and-cats-1129","title":"Episode 2 - Project workflow, coding standards and cats","description":"<p>1. What are the red flags when onboarding new clients?</p><p>2. I&rsquo;d like to know about your sales process, do you have salespeople? When did you bring them on? How does it work?</p><p>3. How do agencies diversify their client base? And, how do you cope when one big client tries to monopolise all your resources?</p><p>4. Do you / at what point did you start introducing / enforcing &ldquo;style guides&rdquo; for written code?</p><p>5. Would love a walk through your general client workflow - how you plan and schedule a client project, and how you deliver on it.</p><p>6. How do you find good office space? How important is a good office?</p><p>&nbsp;</p><p><strong>DO YOU HAVE A QUESTION TO ASK?&nbsp;</strong><br /><strong>EMAIL US</strong>: <a href=\"mailto:therapy@wemakewebsites.com\">therapy@wemakewebsites.com</a></p>","pubdate":"2016-06-08T08:39:40.000Z","link":"https://wemakewebsites.com/blog/episode-2-project-workflow-coding-standards-and-cats","guid":"1129","podcast":{"title":"Web Design Therapy","description":"This is the WEB DESIGN THERAPY. Learn the inside secrets of running a successful web design agency. You send in the questions and we answer them. Our company, We Make Websites, has been around for seven years and we’ve learnt a serious amount about running an agency - and we also have a small claim to fame for being the no.1 experts in Design, Development and Marketing in the UK on the Shopify platform. Our founders Alex and Piers will answer your questions each week on this new channel.Alex O’Byrne is a co-founder at We Make Websites, he is an international speaker on the topic of ecommerce and has spoken at Google, Digital Shoreditch and Top Drawer. Piers Thorogood is a co-founder and lead designer at WeMakeWebsites. He has built websites for companies large and small and now runs the design team at WeMakeWebsites’s London HQ.Thanks for tuning in and be sure to send all your questions to therapy@wemakewebsites.com","image":"http://wemakewebsites.com/sites/default/files/styles/original/public/images/WebDesignTherapy.jpg"}},{"slug":"episode-1-being-a-salesperson-late-payments-and-mcvities-biscuits-1125","title":"Episode 1 - Being a salesperson, late payments and Mcvities biscuits","description":"<p>1. I have a frequent problem where clients change their mind or ask for new features during the build of a site. I end up either making the changes for free, or pissing off the client by pushing back. How do you guys deal with that?</p><p>2. I&#39;m currently freelancing, but want to start and agency. What&#39;s your best piece of advice for getting started?</p><p>3. At the moment, all of my clients come through word of mouth, which is great, but I don&#39;t want to rely on it. How can I generate more business?</p><p>4. My web agency builds any and every type of website. I notice you guys specialise in e-commerce and, more specifically, Shopify - what made you do that and would you recommend it?</p><p>5. How do you guys deal with clients not paying / paying late?</p><p>6. I&#39;m a designer and the most irritating part of my job is when clients&#39; feedback ends up butchering my designs. What&#39;s the best way to stop this?</p><p><strong>DO YOU HAVE A QUESTION TO ASK?&nbsp;</strong><br />EMAIL US: <a href=\"mailto:therapy@wemakewebsites.com\">therapy@wemakewebsites.com</a></p>","pubdate":"2016-06-07T14:32:52.000Z","link":"https://wemakewebsites.com/blog/episode-1-being-a-salesperson-late-payments-and-mcvities-biscuits","guid":"1125","podcast":{"title":"Web Design Therapy","description":"This is the WEB DESIGN THERAPY. Learn the inside secrets of running a successful web design agency. You send in the questions and we answer them. Our company, We Make Websites, has been around for seven years and we’ve learnt a serious amount about running an agency - and we also have a small claim to fame for being the no.1 experts in Design, Development and Marketing in the UK on the Shopify platform. Our founders Alex and Piers will answer your questions each week on this new channel.Alex O’Byrne is a co-founder at We Make Websites, he is an international speaker on the topic of ecommerce and has spoken at Google, Digital Shoreditch and Top Drawer. Piers Thorogood is a co-founder and lead designer at WeMakeWebsites. He has built websites for companies large and small and now runs the design team at WeMakeWebsites’s London HQ.Thanks for tuning in and be sure to send all your questions to therapy@wemakewebsites.com","image":"http://wemakewebsites.com/sites/default/files/styles/original/public/images/WebDesignTherapy.jpg"}}]}