{"Name":"Web Tales: Web Design & Development. A Small Agency perspective.","LongName":"Web Tales: Web Design & Development. A Small Agency perspective.","lowerAppName":"Web Tales: Web Design & Development. A Small Agency perspective.","slug":"web-tales-web-design-development-a-small-agency-perspective","title":"Web Tales: Web Design & Development. A Small Agency perspective.","description":"Karmabunny","layout":"default","app-shell":"app","body":"<div class=\"container\">  <div class=\"row\">\r\n    <div class=\"card\">\r\n      <img src=\"[object Object]\" alt=\"Web Tales: Web Design &amp; Development. A Small Agency perspective.\" class=\"card-img-top\">\r\n      <div class=\"card-body\">\r\n        <h3 class=\"card-title\">Web Tales: Web Design &amp; Development. A Small Agency perspective.</h3>\r\n      </div>\r\n      <i class=\"fa fa-plus\" aria-hidden=\"true\"></i>\r\n    </div>\r\n  </div>\r\n  <div class=\"row\">\r\n    <audio src=\"https://api.spreaker.com/download/episode/8734727/ep105_mixdown.mp3\" controls=\"controls\"></audio>\r\n  </div>\r\n  <div class=\"row\">\r\n    <p>Karmabunny</p>\r\n  </div>\r\n</div>","author":"Chris Love","facebook-publisher":"https://www.facebook.com/Love2Dev/","twitter":"ChrisLove","google-plus":"https://plus.google.com/b/110904107389779237581/?pageId=110904107389779237581","linkedin":"https://www.linkedin.com/in/Love2Dev/","pinterest":"https://www.pinterest.com/docluv/","youtube":"https://www.youtube.com/channel/UC3mfh2MN-5D-zOyiRLp9H6g","bing-user-key":"7EDAB92AF63E3B35E57195D810D64C57","image":{"url":"http://is3.mzstatic.com/image/thumb/Music62/v4/09/fd/05/09fd0530-0ea7-3a96-a623-afdee901eb1d/source/600x600bb.jpg","width":600,"height":600},"cache":{},"headers":{"Cache-Control":"public, max-age=30240, s-max-age=1200"},"meta":{"type":"article","og:type":"article","section":"progressive web apps","url":"https://podstr.love2dev.com/","route":"/"},"subtitle":null,"featured-image":"img/pwa-podstr-logo-600x310.png","abstract":"Karmabunny","approved":true,"published":"2017-08-09T15:30:00.000Z","active":true,"tags":[],"publishedDay":20,"publishedMonth":10,"publishedYear":2117,"pubdate":"2017-08-09T15:30:00.000Z","link":"https://api.spreaker.com/download/episode/8734727/ep105_mixdown.mp3","guid":"c47fbf6911463017dbc81fc2a90e5ebc","podcast":{"title":"Podcast Title","description":"podcast description.","image":"img/pwa-podstr-logo-310x310.png"},"collectionId":940045345,"feedUrl":"http://karmabunny.libsyn.com/rss","artwork":{"30":"http://is3.mzstatic.com/image/thumb/Music62/v4/09/fd/05/09fd0530-0ea7-3a96-a623-afdee901eb1d/source/30x30bb.jpg","60":"http://is3.mzstatic.com/image/thumb/Music62/v4/09/fd/05/09fd0530-0ea7-3a96-a623-afdee901eb1d/source/60x60bb.jpg","100":"http://is3.mzstatic.com/image/thumb/Music62/v4/09/fd/05/09fd0530-0ea7-3a96-a623-afdee901eb1d/source/100x100bb.jpg","600":"http://is3.mzstatic.com/image/thumb/Music62/v4/09/fd/05/09fd0530-0ea7-3a96-a623-afdee901eb1d/source/600x600bb.jpg"},"genres":["Tech News","Podcasts","Technology"],"episodes":[{"slug":"episode-4-2014-our-year-in-review-68382590218917f3a185b1929f2b7604","title":"Episode 4: 2014 our year in review","description":"<p>This is an episode in two parts.</p><p>First we discuss 2014 in relation to:</p><ul><li>Memorable Karmabunny projects</li><li>Technical challenges</li><li>Changes we have adopted into our workflow</li><li>Web and tech news</li><li>Design trends</li><li>Software we have enjoyed</li><li>Anything else that occurs to us</li></ul><p>In part two we play Nostradamus and try to predict what we will be chatting about at the end of 2015.</p><p> </p>","pubdate":"2014-12-16T11:55:24.000Z","link":"http://karmabunny.libsyn.com/episode-4-2014-our-year-in-review","guid":"68382590218917f3a185b1929f2b7604","image":"http://static.libsyn.com/p/assets/e/7/8/7/e787aab2e3fcd02b/web_tales_2048x2048_final.png","podcast":{"title":"Web Tales: Web Design & Development. A Small Agency perspective.","description":"This podcast is for web agency owners and freelancers, and checks in on the more vocal members of Karmabunny Web Design as they discuss the latest web design and development news and the day to day ups, downs and round-abouts of running a website development business.","image":"http://static.libsyn.com/p/assets/e/7/8/7/e787aab2e3fcd02b/web_tales_2048x2048_final.png"}},{"slug":"episode-3-decision-time-on-our-cms-content-management-system-9b6f8d29a04d6c9d6697c0e801865c47","title":"Episode 3: decision time on our CMS (content management system)","description":"<p>In this special episode we talk strategically and ethically about the CMS solutions we offer our clients. We shortly have a big decision to make as we discuss the pros and cons of our long term in-house CMS (SproutCMS) versus the many good 3rd party and open source systems available, including Wordpress, Craft CMS, Expression Engine, Concrete 5 and Silver Stripe.</p><p>Topics include</p><ul><li>Why are we having this discussion?</li><li>Why did we build our own CMS in the first place?</li><li>Is our position defendable in this day and age?</li><li>Do we throw out a very mature and trusted code base and just turn to a mature open source or licensed product?</li><li>Do we fork a new version and make it open source given how much work is in the code base?</li></ul><p>Note that this is in no way a review of these 3rd party CMS offerings, rather it is a discussion of how they might fit within Karmabunny's client offerings in comparison with our existing in-house CMS.Articles referenced in this podcast:<a href=\"http://www.outerboxdesign.com/web-design-articles/Why-A-Custom-CMS\">Why Use a Custom Content Management System (CMS)</a><a href=\"http://gadgetopia.com/post/9092\">Never Fall for a Custom CMS. Ever. </a>Content Management Systems referenced in this podcast:<a href=\"https://wordpress.org/\">Wordpress</a><a href=\"http://www.concrete5.org/\">http://www.concrete5.org/</a><a href=\"https://ellislab.com/expressionengine\">Expression Engine</a><a href=\"http://www.buildwithcraft.com/\">Craft CMS</a><a href=\"http://www.silverstripe.org/\">Silver Stripe</a></p>","pubdate":"2014-12-03T12:42:28.000Z","link":"http://karmabunny.libsyn.com/episode-3-decision-time-on-our-cms-content-management-system","guid":"9b6f8d29a04d6c9d6697c0e801865c47","image":"http://static.libsyn.com/p/assets/e/7/8/7/e787aab2e3fcd02b/web_tales_2048x2048_final.png","podcast":{"title":"Web Tales: Web Design & Development. A Small Agency perspective.","description":"This podcast is for web agency owners and freelancers, and checks in on the more vocal members of Karmabunny Web Design as they discuss the latest web design and development news and the day to day ups, downs and round-abouts of running a website development business.","image":"http://static.libsyn.com/p/assets/e/7/8/7/e787aab2e3fcd02b/web_tales_2048x2048_final.png"}},{"slug":"episode-2-profile-of-a-small-web-agency-31c44961f918d85f227668bba0f5a63b","title":"Episode 2: profile of a small web agency","description":"This week the Karmabunny crew chat about:<p>The bold design direction Google are going in, the moves Mozilla are making to protect your online privacy and the way that Microsoft are making people love them again.</p>In our big chat we discuss who Karmabunny Web Design is:<ul><li>How we began</li><li>Our path to steady growth</li><li>The impact of a portfolio</li><li>The importance of design and a client-first mentality</li><li>Employing people</li><li>Where we are now and where we want to be</li></ul>Websites referenced in this episode:<p><a href=\"https://blog.mozilla.org/privacy/2014/11/10/introducing-polaris-privacy-initiative-to-accelerate-user-focused-privacy-online/\" target=\"_blank\">Polaris privacy initiative to accelerate user focused privacy online</a></p><p><a href=\"https://addons.mozilla.org/en-US/firefox/addon/lightbeam/\" target=\"_blank\">Lightbeam Firefox plugin</a></p><p><a href=\"http://www.google.com/design/spec/material-design/introduction.html\" target=\"_blank\">Google's material design language</a></p><p><a href=\"http://developers.slashdot.org/story/14/11/12/1557239/microsoft-to-open-source-net-and-take-it-cross-platform\" target=\"_blank\">Microsoft to open-source entire .NET stack</a></p><p><a href=\"http://news.microsoft.com/2014/11/12/microsoft-takes-net-open-source-and-cross-platform-adds-new-development-capabilities-with-visual-studio-2015-net-2015-and-visual-studio-online/\" target=\"_blank\">Visual Studio goes cross platform and open source as well</a></p><p>Visit our <a href=\"http://www.karmabunny.com.au\" target=\"_blank\">website</a> for all of our <a href=\"http://www.karmabunny.com.au/web_tales_podcast\" target=\"_blank\">podcasts</a> and the <a href=\"http://www.karmabunny.com.au/blog\" target=\"_blank\">Karmabunny Web Design blog</a>.</p>","pubdate":"2014-11-18T11:59:14.000Z","link":"http://karmabunny.libsyn.com/episode-2-profile-of-a-small-web-agency","guid":"31c44961f918d85f227668bba0f5a63b","image":"http://static.libsyn.com/p/assets/e/7/8/7/e787aab2e3fcd02b/web_tales_2048x2048_final.png","podcast":{"title":"Web Tales: Web Design & Development. A Small Agency perspective.","description":"This podcast is for web agency owners and freelancers, and checks in on the more vocal members of Karmabunny Web Design as they discuss the latest web design and development news and the day to day ups, downs and round-abouts of running a website development business.","image":"http://static.libsyn.com/p/assets/e/7/8/7/e787aab2e3fcd02b/web_tales_2048x2048_final.png"}},{"slug":"episode-1-web-privacy-and-online-user-authentication-b4f898fca22dbeec41a18a630762e266","title":"Episode 1: web privacy and online user authentication","description":"This week the Karmabunny crew chat about:<ul><li>The questionable usability of a popular ecommerce navigation pattern</li><li>Josh's favourite new feature in Android Lollipop</li><li>What Jana thinks of her early Google Inbox experiences</li></ul>In our big topic we discuss:<ul><li>Darren's unfortunate brush with identity theft</li><li>Changes to the Australian Privacy Act that came in to play earlier this year</li><li>The current state of user authentication methods</li></ul>Websites referenced in this episode:<ul><li>Form Usability: The Pitfalls of Inline Accordion and Tab Designs<a href=\"http://baymard.com/blog/accordion-and-tab-design\">http://baymard.com/blog/accordion-and-tab-design</a></li><li>12 of the best new features in Android Lollipop<a href=\"http://www.theverge.com/2014/10/28/7082875/12-best-new-features-android-lollipop-nexus\">http://www.theverge.com/2014/10/28/7082875/12-best-new-features-android-lollipop-nexus</a></li><li>Googles new uber-nice email client<a href=\"http://Inbox.google.com\">http://Inbox.google.com</a></li><li>The Sunk Cost Fallacy<a href=\"http://youarenotsosmart.com/2011/03/25/the-sunk-cost-fallacy/\">http://youarenotsosmart.com/2011/03/25/the-sunk-cost-fallacy/</a></li><li>The Australian Privacy Act changes<a href=\"http://www.oaic.gov.au/privacy/privacy-act/privacy-law-reform\">http://www.oaic.gov.au/privacy/privacy-act/privacy-law-reform</a></li><li>Mailchimp – the beautiful email marketing management tool<a href=\"http://www.mailchimp.com\">http://www.mailchimp.com</a></li><li>Chris Coyer's great blog on CSS tips and techniques<a href=\"http://css-tricks.com/\">http://css-tricks.com/</a></li><li>The amazing and somewhat disturbing chat between Chris Coyer and the guy who hacked his life<a href=\"http://shoptalkshow.com/episodes/special-one-one-hacker\">http://shoptalkshow.com/episodes/special-one-one-hacker</a></li><li>2 factor authentication application development<a href=\"http://www.toopher.com\">http://www.toopher.com</a></li><li>Forget your passwords and rely on your phone<a href=\"http://www.digits.com\">http://www.digits.com</a></li></ul>","pubdate":"2014-11-10T07:10:14.000Z","link":"http://karmabunny.libsyn.com/episode-1-web-privacy-and-online-user-authentication","guid":"b4f898fca22dbeec41a18a630762e266","image":"http://static.libsyn.com/p/assets/e/7/8/7/e787aab2e3fcd02b/web_tales_2048x2048_final.png","podcast":{"title":"Web Tales: Web Design & Development. A Small Agency perspective.","description":"This podcast is for web agency owners and freelancers, and checks in on the more vocal members of Karmabunny Web Design as they discuss the latest web design and development news and the day to day ups, downs and round-abouts of running a website development business.","image":"http://static.libsyn.com/p/assets/e/7/8/7/e787aab2e3fcd02b/web_tales_2048x2048_final.png"}}]}