{"Name":"Podstr","LongName":"Podstr","lowerAppName":"Podstr","slug":"webcam-and-audio-access-with-webrtc-and-getusermedia-002","title":"Webcam and audio access with WebRTC and getUserMedia() - 002","description":"Show Notes <ul> <li><a href=\"https://webrtc.org/\">WebRTC</a></li> <li><a href= \"https://www.theregister.co.uk/2016/04/13/apple_rolling_webrtc_into_webkit/\"> Apple WebRTC Support</a></li> <li><a href= \"https://w3c.github.io/mediacapture-main/getusermedia.html\">GetUserMedia</a></li> <li><a href=\"https://slack.com/\">Slack</a></li> <li><a href=\"https://webtorrent.io/\">WebTorrent</a> <ul> <li><a href= \"https://github.com/webtorrent/webtorrent\">https://github.com/webtorrent/webtorrent</a></li> </ul> </li> <li><a href= \"https://github.com/wesbos/Syntax/blob/master/shows/TBC\">Soctt WebRtc Mirror - TBC</a></li> <li><a href= \"https://developer.mozilla.org/en-US/docs/Web/API/MediaRecorder\">MediaRecorder</a></li> <li><a href=\"https://electron.atom.io/\">Electron</a></li> <li><a href=\"https://getkap.co/\">Kap</a></li> <li><a href=\"https://github.com/wesbos/HTML5-Security-Camera\">Wes Security Cam</a></li> <li><a href= \"https://github.com/wesbos/Syntax/blob/master/shows/TBC\">Scott Colorbars YouTube - TBC</a></li> <li><a href=\"https://github.com/wesbos/HTML5-Face-Detection\">Wes Face Detection</a></li> <li><a href=\"https://conferences.oreilly.com/fluent/fl-ca\">Fluent Conf</a></li> </ul> <a id=\"user-content-sick-picks\" class=\"anchor\" href= \"https://github.com/wesbos/Syntax/blob/master/shows/002%20-%20Webcam%20and%20audio%20access%20with%20WebRTC%20and%20getUserMedia().md#sick-picks\" name=\"user-content-sick-picks\"></a>Sick Picks <ul> <li><a href=\"https://www.peakdesign.com/everyday-backpack\">Peak Design Everyday Backpack</a></li> <li><a href=\"https://www.youtube.com/watch?v=Wf8US4LJp1w\">Everyday Backpack Video</a></li> <li><a href=\"https://quik.gopro.com/\">Quik by GoPro</a></li> <li><a href=\"https://spliceapp.com/\">Splice</a></li> </ul> <a id=\"user-content-shameless-plugs\" class=\"anchor\" href= \"https://github.com/wesbos/Syntax/blob/master/shows/002%20-%20Webcam%20and%20audio%20access%20with%20WebRTC%20and%20getUserMedia().md#shameless-plugs\" name=\"user-content-shameless-plugs\"></a>Shameless Plugs <a id=\"user-content-javascript30\" class=\"anchor\" href= \"https://github.com/wesbos/Syntax/blob/master/shows/002%20-%20Webcam%20and%20audio%20access%20with%20WebRTC%20and%20getUserMedia().md#javascript30\" name=\"user-content-javascript30\"></a><a href= \"https://javascript30.com/\">JavaScript30</a> <p>A Free 30 Day Vanilla JS Coding Challenge Course. Build 30 things in 30 days with 30 tutorials. No Frameworks No Compilers No Libraries No Boilerplate. Join 101,746 others.</p> <a id=\"user-content-level-up-tutorials\" class=\"anchor\" href= \"https://github.com/wesbos/Syntax/blob/master/shows/002%20-%20Webcam%20and%20audio%20access%20with%20WebRTC%20and%20getUserMedia().md#level-up-tutorials\" name=\"user-content-level-up-tutorials\"></a><a href= \"https://leveluptutorials.com/\">Level Up Tutorials</a> <p>Over 860 free video tutorials for beginners, intermediate and expert web professionals. Level Up your skills with clear, high production, free video tutorials.</p> <a id=\"user-content-twitter\" class=\"anchor\" href= \"https://github.com/wesbos/Syntax/blob/master/shows/002%20-%20Webcam%20and%20audio%20access%20with%20WebRTC%20and%20getUserMedia().md#twitter\" name=\"user-content-twitter\"></a>Twitter <ul> <li><a href=\"https://twitter.com/syntaxfm\">@Syntax</a></li> <li><a href=\"https://twitter.com/wesbos\">@wesbos</a></li> <li><a href=\"https://twitter.com/stolinski\">@stolinski</a></li> </ul>","layout":"default","app-shell":"app","body":"<div class=\"container\">  <div class=\"row\">\r\n    <div class=\"card\">\r\n      <img src=\"http://static.libsyn.com/p/assets/7/9/0/7/790703531a3c8eca/iTunes_Artwork.png\" alt=\"Webcam and audio access with WebRTC and getUserMedia() - 002\" class=\"card-img-top\">\r\n      <div class=\"card-body\">\r\n        <h3 class=\"card-title\">Webcam and audio access with WebRTC and getUserMedia() - 002</h3>\r\n      </div>\r\n      <i class=\"fa fa-plus\" aria-hidden=\"true\"></i>\r\n    </div>\r\n  </div>\r\n  <div class=\"row\">\r\n    <audio src=\"https://api.spreaker.com/download/episode/8734727/ep105_mixdown.mp3\" controls=\"controls\"></audio>\r\n  </div>\r\n  <div class=\"row\">\r\n    <p>Show Notes <ul> <li><a href=\"https://webrtc.org/\">WebRTC</a></li> <li><a href= \"https://www.theregister.co.uk/2016/04/13/apple_rolling_webrtc_into_webkit/\"> Apple WebRTC Support</a></li> <li><a href= \"https://w3c.github.io/mediacapture-main/getusermedia.html\">GetUserMedia</a></li> <li><a href=\"https://slack.com/\">Slack</a></li> <li><a href=\"https://webtorrent.io/\">WebTorrent</a> <ul> <li><a href= \"https://github.com/webtorrent/webtorrent\">https://github.com/webtorrent/webtorrent</a></li> </ul> </li> <li><a href= \"https://github.com/wesbos/Syntax/blob/master/shows/TBC\">Soctt WebRtc Mirror - TBC</a></li> <li><a href= \"https://developer.mozilla.org/en-US/docs/Web/API/MediaRecorder\">MediaRecorder</a></li> <li><a href=\"https://electron.atom.io/\">Electron</a></li> <li><a href=\"https://getkap.co/\">Kap</a></li> <li><a href=\"https://github.com/wesbos/HTML5-Security-Camera\">Wes Security Cam</a></li> <li><a href= \"https://github.com/wesbos/Syntax/blob/master/shows/TBC\">Scott Colorbars YouTube - TBC</a></li> <li><a href=\"https://github.com/wesbos/HTML5-Face-Detection\">Wes Face Detection</a></li> <li><a href=\"https://conferences.oreilly.com/fluent/fl-ca\">Fluent Conf</a></li> </ul> <a id=\"user-content-sick-picks\" class=\"anchor\" href= \"https://github.com/wesbos/Syntax/blob/master/shows/002%20-%20Webcam%20and%20audio%20access%20with%20WebRTC%20and%20getUserMedia().md#sick-picks\" name=\"user-content-sick-picks\"></a>Sick Picks <ul> <li><a href=\"https://www.peakdesign.com/everyday-backpack\">Peak Design Everyday Backpack</a></li> <li><a href=\"https://www.youtube.com/watch?v=Wf8US4LJp1w\">Everyday Backpack Video</a></li> <li><a href=\"https://quik.gopro.com/\">Quik by GoPro</a></li> <li><a href=\"https://spliceapp.com/\">Splice</a></li> </ul> <a id=\"user-content-shameless-plugs\" class=\"anchor\" href= \"https://github.com/wesbos/Syntax/blob/master/shows/002%20-%20Webcam%20and%20audio%20access%20with%20WebRTC%20and%20getUserMedia().md#shameless-plugs\" name=\"user-content-shameless-plugs\"></a>Shameless Plugs <a id=\"user-content-javascript30\" class=\"anchor\" href= \"https://github.com/wesbos/Syntax/blob/master/shows/002%20-%20Webcam%20and%20audio%20access%20with%20WebRTC%20and%20getUserMedia().md#javascript30\" name=\"user-content-javascript30\"></a><a href= \"https://javascript30.com/\">JavaScript30</a> <p>A Free 30 Day Vanilla JS Coding Challenge Course. Build 30 things in 30 days with 30 tutorials. No Frameworks No Compilers No Libraries No Boilerplate. Join 101,746 others.</p> <a id=\"user-content-level-up-tutorials\" class=\"anchor\" href= \"https://github.com/wesbos/Syntax/blob/master/shows/002%20-%20Webcam%20and%20audio%20access%20with%20WebRTC%20and%20getUserMedia().md#level-up-tutorials\" name=\"user-content-level-up-tutorials\"></a><a href= \"https://leveluptutorials.com/\">Level Up Tutorials</a> <p>Over 860 free video tutorials for beginners, intermediate and expert web professionals. Level Up your skills with clear, high production, free video tutorials.</p> <a id=\"user-content-twitter\" class=\"anchor\" href= \"https://github.com/wesbos/Syntax/blob/master/shows/002%20-%20Webcam%20and%20audio%20access%20with%20WebRTC%20and%20getUserMedia().md#twitter\" name=\"user-content-twitter\"></a>Twitter <ul> <li><a href=\"https://twitter.com/syntaxfm\">@Syntax</a></li> <li><a href=\"https://twitter.com/wesbos\">@wesbos</a></li> <li><a href=\"https://twitter.com/stolinski\">@stolinski</a></li> </ul></p>\r\n  </div>\r\n</div>","author":"Chris Love","facebook-publisher":"https://www.facebook.com/Love2Dev/","twitter":"ChrisLove","google-plus":"https://plus.google.com/b/110904107389779237581/?pageId=110904107389779237581","linkedin":"https://www.linkedin.com/in/Love2Dev/","pinterest":"https://www.pinterest.com/docluv/","youtube":"https://www.youtube.com/channel/UC3mfh2MN-5D-zOyiRLp9H6g","bing-user-key":"7EDAB92AF63E3B35E57195D810D64C57","image":{"url":"http://static.libsyn.com/p/assets/7/9/0/7/790703531a3c8eca/iTunes_Artwork.png","width":1800,"height":1800},"cache":{},"headers":{"Cache-Control":"public, max-age=30240, s-max-age=1200"},"meta":{"type":"article","og:type":"article","section":"progressive web apps","url":"https://podstr.love2dev.com/","route":"/"},"subtitle":null,"featured-image":"img/pwa-podstr-logo-600x310.png","abstract":"<img align='left' src='img/pwa-podstr-logo-600x310.png' style='margin: 18px 18px 18px 6px; float: left; display: inline' lazyload='1' lazyload='1' />Two years, it&#39;s hard to comprehend how fast the time has flown and how much my life has changed. November 2 marked my two year anniversary with Tellago and I thought I would try to express what these past two years have been like today, Thanksgiving. Back in July 2010, after about 8 months after joining Tellago I wrote about my experiences and thankfulness at the time. ","approved":true,"published":"2017-07-12T12:00:00.000Z","active":true,"tags":[],"publishedDay":20,"publishedMonth":10,"publishedYear":2117,"pubdate":"2017-07-12T12:00:00.000Z","link":"https://api.spreaker.com/download/episode/8734727/ep105_mixdown.mp3","guid":"abe8cb60682a8127644f0927afea4adc","podcast":{"title":"Syntax - Tasty Web Development Treats","description":"Wes Bos and Scott Tolinski are two full stack web developers who like to break down complex topics and make them easy to understand.","image":"http://static.libsyn.com/p/assets/7/9/0/7/790703531a3c8eca/iTunes_Artwork.png"}}