{"Name":"Podstr","LongName":"Podstr","lowerAppName":"Podstr","slug":"wes-bos-origin-story-","title":"Wes Bos Origin Story 🎸💼💻🔥🐷","description":"<p>In this episode, Wes talks about his career path from a MySpace customizer to where he is now.</p> Sponsor <ul> <li><a href=\"https://freshbooks.com/syntax\">Freshbooks</a> - Get 30 days free. Make sure to enter SYNTAX into the \"How did you hear about us\" section.</li> </ul> Show Notes <ul> <li><a href=\"http://ps20.itgo.com/\">Brootal PS20.itgo.com</a></li> <li><a href=\"http://cdn-money.com/\">CDN Money</a></li> <li><a href= \"https://web.archive.org/web/20040715000000*/http://wesbos.com\">2004 WesBos.com</a></li> <li><a href= \"http://soft4inventory.com/blog/the-success-of-zara-technology-makes-it-possible/\"> The Success of Zara: Technology Makes It Possible</a></li> <li><a href=\"https://www.rei.com/\">REI</a></li> <li><a href= \"http://www.ryerson.ca/programs/undergraduate/business-technology-management/\"> BTM at Ryerson University</a></li> <li><a href=\"https://codex.wordpress.org/\">WordPress Codex</a></li> <li><a href=\"http://www.anglemediagroup.com/\">Angle Media Group</a></li> <li><a href=\"http://www.ryerson.ca/trsm-co-op/\">Ryerson Co-op</a></li> <li><a href=\"http://www.jetcooper.com/\">Jet Cooper</a></li> <li><a href=\"http://www.darcyclarke.me/\">Darcy Clarke</a></li> <li><a href=\"https://web.archive.org/web/*/dealpage.ca\">DealPage Daily Deal Aggregation</a></li> <li><a href=\"https://irc.jquery.org/\">jQuery IRC</a></li> <li><a href=\"http://yayquery.com/\">YayQuery</a></li> <li><a href=\"http://ladieslearningcode.com/\">Ladies Learning Code</a></li> <li><a href=\"http://hackeryou.com/\">HackerYou</a></li> <li><a href=\"http://wesbos.com/\">Wes' Blog</a></li> <li><a href=\"https://sublimetextbook.com/\">Sublime Text Book</a></li> <li><a href=\"https://commandlinepoweruser.com/\">Command Line Power User</a></li> <li><a href=\"https://flexbox.io/\">Flexbox.io</a></li> <li><a href=\"https://reactforbeginners.com/\">React For Beginners</a></li> <li><a href=\"https://es6.io/\">ES6 for Everyone</a></li> <li><a href=\"https://javascript30.com/\">JavaScript30</a></li> <li><a href=\"https://syntax.fm/\">This Podcast</a></li> </ul> Sick Picks <ul> <li><a href=\"https://motoread.com/\">MotoRead</a></li> </ul> Shameless Plugs <ul> <li><a href=\"https://wesbos.com/courses\">Wes' Courses</a></li> <li><a href=\"https://www.youtube.com/user/LevelUpTuts\">Level UP Tutorials Youtube</a></li> </ul> Twitter <ul> <li><a href=\"https://twitter.com/wesbos\">Wes Bos</a></li> <li><a href=\"https://twitter.com/stolinski\">Scott Tolinski</a></li> <li><a href=\"https://twitter.com/SyntaxFM\">Syntax</a></li> </ul>","layout":"default","app-shell":"app","body":"<div class=\"container\">  <div class=\"row\">\r\n    <div class=\"card\">\r\n      <img src=\"http://static.libsyn.com/p/assets/7/9/0/7/790703531a3c8eca/iTunes_Artwork.png\" alt=\"Wes Bos Origin Story 🎸💼💻🔥🐷\" class=\"card-img-top\">\r\n      <div class=\"card-body\">\r\n        <h3 class=\"card-title\">Wes Bos Origin Story 🎸💼💻🔥🐷</h3>\r\n      </div>\r\n      <i class=\"fa fa-plus\" aria-hidden=\"true\"></i>\r\n    </div>\r\n  </div>\r\n  <div class=\"row\">\r\n    <audio src=\"https://api.spreaker.com/download/episode/8734727/ep105_mixdown.mp3\" controls=\"controls\"></audio>\r\n  </div>\r\n  <div class=\"row\">\r\n    <p><p>In this episode, Wes talks about his career path from a MySpace customizer to where he is now.</p> Sponsor <ul> <li><a href=\"https://freshbooks.com/syntax\">Freshbooks</a> - Get 30 days free. Make sure to enter SYNTAX into the \"How did you hear about us\" section.</li> </ul> Show Notes <ul> <li><a href=\"http://ps20.itgo.com/\">Brootal PS20.itgo.com</a></li> <li><a href=\"http://cdn-money.com/\">CDN Money</a></li> <li><a href= \"https://web.archive.org/web/20040715000000*/http://wesbos.com\">2004 WesBos.com</a></li> <li><a href= \"http://soft4inventory.com/blog/the-success-of-zara-technology-makes-it-possible/\"> The Success of Zara: Technology Makes It Possible</a></li> <li><a href=\"https://www.rei.com/\">REI</a></li> <li><a href= \"http://www.ryerson.ca/programs/undergraduate/business-technology-management/\"> BTM at Ryerson University</a></li> <li><a href=\"https://codex.wordpress.org/\">WordPress Codex</a></li> <li><a href=\"http://www.anglemediagroup.com/\">Angle Media Group</a></li> <li><a href=\"http://www.ryerson.ca/trsm-co-op/\">Ryerson Co-op</a></li> <li><a href=\"http://www.jetcooper.com/\">Jet Cooper</a></li> <li><a href=\"http://www.darcyclarke.me/\">Darcy Clarke</a></li> <li><a href=\"https://web.archive.org/web/*/dealpage.ca\">DealPage Daily Deal Aggregation</a></li> <li><a href=\"https://irc.jquery.org/\">jQuery IRC</a></li> <li><a href=\"http://yayquery.com/\">YayQuery</a></li> <li><a href=\"http://ladieslearningcode.com/\">Ladies Learning Code</a></li> <li><a href=\"http://hackeryou.com/\">HackerYou</a></li> <li><a href=\"http://wesbos.com/\">Wes' Blog</a></li> <li><a href=\"https://sublimetextbook.com/\">Sublime Text Book</a></li> <li><a href=\"https://commandlinepoweruser.com/\">Command Line Power User</a></li> <li><a href=\"https://flexbox.io/\">Flexbox.io</a></li> <li><a href=\"https://reactforbeginners.com/\">React For Beginners</a></li> <li><a href=\"https://es6.io/\">ES6 for Everyone</a></li> <li><a href=\"https://javascript30.com/\">JavaScript30</a></li> <li><a href=\"https://syntax.fm/\">This Podcast</a></li> </ul> Sick Picks <ul> <li><a href=\"https://motoread.com/\">MotoRead</a></li> </ul> Shameless Plugs <ul> <li><a href=\"https://wesbos.com/courses\">Wes' Courses</a></li> <li><a href=\"https://www.youtube.com/user/LevelUpTuts\">Level UP Tutorials Youtube</a></li> </ul> Twitter <ul> <li><a href=\"https://twitter.com/wesbos\">Wes Bos</a></li> <li><a href=\"https://twitter.com/stolinski\">Scott Tolinski</a></li> <li><a href=\"https://twitter.com/SyntaxFM\">Syntax</a></li> </ul></p>\r\n  </div>\r\n</div>","author":"Chris Love","facebook-publisher":"https://www.facebook.com/Love2Dev/","twitter":"ChrisLove","google-plus":"https://plus.google.com/b/110904107389779237581/?pageId=110904107389779237581","linkedin":"https://www.linkedin.com/in/Love2Dev/","pinterest":"https://www.pinterest.com/docluv/","youtube":"https://www.youtube.com/channel/UC3mfh2MN-5D-zOyiRLp9H6g","bing-user-key":"7EDAB92AF63E3B35E57195D810D64C57","image":{"url":"http://static.libsyn.com/p/assets/7/9/0/7/790703531a3c8eca/iTunes_Artwork.png","width":1800,"height":1800},"cache":{},"headers":{"Cache-Control":"public, max-age=30240, s-max-age=1200"},"meta":{"type":"article","og:type":"article","section":"progressive web apps","url":"https://podstr.love2dev.com/","route":"/"},"subtitle":null,"featured-image":"img/pwa-podstr-logo-600x310.png","abstract":"<img align='left' src='img/pwa-podstr-logo-600x310.png' style='margin: 18px 18px 18px 6px; float: left; display: inline' lazyload='1' lazyload='1' />Two years, it&#39;s hard to comprehend how fast the time has flown and how much my life has changed. November 2 marked my two year anniversary with Tellago and I thought I would try to express what these past two years have been like today, Thanksgiving. Back in July 2010, after about 8 months after joining Tellago I wrote about my experiences and thankfulness at the time. ","approved":true,"published":"2017-08-23T13:16:14.000Z","active":true,"tags":[],"publishedDay":20,"publishedMonth":10,"publishedYear":2117,"pubdate":"2017-08-23T13:16:14.000Z","link":"https://api.spreaker.com/download/episode/8734727/ep105_mixdown.mp3","guid":"5b5dec67b39c766d07f3e23cc6ec7254","podcast":{"title":"Syntax - Tasty Web Development Treats","description":"Wes Bos and Scott Tolinski are two full stack web developers who like to break down complex topics and make them easy to understand.","image":"http://static.libsyn.com/p/assets/7/9/0/7/790703531a3c8eca/iTunes_Artwork.png"}}