{"Name":"Podstr","LongName":"Podstr","lowerAppName":"Podstr","slug":"why-is-everyone-switching-to-vs-code","title":"Why is everyone switching to VS Code?","description":"<p>Scott and Wes talk about switching to VS Code. What is so good about it? Killer features? Must have Plugins!</p> Sponsor <p>Need to learn Docker? Check out Nick Janetakis' <a href= \"https://diveintodocker.com/ref-bwfff\" target=\"_blank\" rel= \"noopener\">Dive into Docker</a> course which is currently on sale!</p> Follow us on twitter! <ul> <li><a href=\"https://twitter.com/wesbos\" target=\"_blank\" rel= \"noopener\">Wes Bos</a></li> <li><a href=\"https://twitter.com/stolinski\" target=\"_blank\" rel= \"noopener\">Scott Tolinski</a></li> <li><a href=\"https://twitter.com/SyntaxFM\" target=\"_blank\" rel= \"noopener\">Syntax</a></li> </ul> Show Notes <ul> <li><a href= \"https://marketplace.visualstudio.com/items?itemName=wesbos.theme-cobalt2\" target=\"_blank\" rel=\"noopener\">Cobalt2 for VS Code</a></li> <li><a href=\"https://code.visualstudio.com/\" target=\"_blank\" rel= \"noopener\">Visual Studio Code</a></li> <li><a href= \"https://twitter.com/rachsmithtweets/status/907350440634748928\" target=\"_blank\" rel=\"noopener\">@rachsmithtweets 🔥 rename symbol tip</a> - you should follow her too!</li> <li>Use F8 to cycle through inline errors</li> <li>Open the problems tab to see all your applications errors and warnings</li> <li>The built in debugger</li> <li><a href= \"https://marketplace.visualstudio.com/items?itemName=dbaeumer.vscode-eslint\" target=\"_blank\" rel=\"noopener\">ESlint Package</a></li> <li>You can use the <a href= \"https://marketplace.visualstudio.com/items?itemName=esbenp.prettier-vscode\" target=\"_blank\" rel=\"noopener\">Prettier Package</a> on it's own, or use via your .eslintrc file and just use the above ESLint plugin.</li> <li><a href= \"https://marketplace.visualstudio.com/items?itemName=donjayamanne.githistory\" target=\"_blank\" rel=\"noopener\">Git History</a></li> <li><a href= \"https://marketplace.visualstudio.com/items?itemName=eamodio.gitlens\" target=\"_blank\" rel=\"noopener\">Git Lens</a></li> <li><a href= \"https://marketplace.visualstudio.com/items?itemName=msjsdiag.debugger-for-chrome\" target=\"_blank\" rel=\"noopener\">Debugger for Chrome</a></li> <li><a href= \"https://marketplace.visualstudio.com/items?itemName=naumovs.color-highlight\" target=\"_blank\" rel=\"noopener\">Color Highlight</a></li> <li>Settings: \"editor.formatOnSave\": true and \"eslint.autoFixOnSave\": true</li> <li><a href=\"http://wes.io/maOn\" target=\"_blank\" rel= \"noopener\">Wes' Current ESLint + Prettier Config</a></li> <li><a href= \"https://twitter.com/kurtinatlanta/status/909821362197401601\" target=\"_blank\" rel=\"noopener\">Grumpy Developer</a></li> <li><a href= \"https://marketplace.visualstudio.com/items?itemName=wix.vscode-import-cost\" target=\"_blank\" rel=\"noopener\">Import Cost</a></li> <li><a href= \"https://marketplace.visualstudio.com/items?itemName=christian-kohler.path-intellisense\" target=\"_blank\" rel=\"noopener\">Path Intellisense</a></li> <li><a href= \"https://marketplace.visualstudio.com/items?itemName=christian-kohler.npm-intellisense\" target=\"_blank\" rel=\"noopener\">npm Intellisense</a></li> <li><a href= \"https://marketplace.visualstudio.com/items?itemName=Zignd.html-css-class-completion\" target=\"_blank\" rel=\"noopener\">CSS Intellisense</a></li> <li><a href= \"https://marketplace.visualstudio.com/items?itemName=HvyIndustries.crane\" target=\"_blank\" rel=\"noopener\">PHP Intellisense</a></li> <li><a href= \"https://marketplace.visualstudio.com/items?itemName=felixfbecker.php-intellisense\" target=\"_blank\" rel=\"noopener\">Another PHP Intellisense</a></li> <li><a href= \"https://marketplace.visualstudio.com/items?itemName=be5invis.vscode-custom-css\" target=\"_blank\" rel=\"noopener\">Custom CSS and JS Loader</a></li> <li><a href= \"https://marketplace.visualstudio.com/items?itemName=wesbos.theme-cobalt2\" target=\"_blank\" rel=\"noopener\">Cobalt2 Theme</a></li> <li><a href= \"https://marketplace.visualstudio.com/items?itemName=Equinusocio.vsc-material-theme\" target=\"_blank\" rel=\"noopener\">Material Theme</a></li> <li><a href= \"https://marketplace.visualstudio.com/items?itemName=whizkydee.material-palenight-theme\" target=\"_blank\" rel=\"noopener\">Material Pale Night Theme</a></li> <li><a href= \"https://marketplace.visualstudio.com/items?itemName=pflannery.vscode-versionlens\" target=\"_blank\" rel=\"noopener\">Version Lens for npm</a></li> <li><a href= \"https://marketplace.visualstudio.com/items?itemName=alefragnani.project-manager\" target=\"_blank\" rel=\"noopener\">Project Manager</a></li> <li><a href= \"https://gist.github.com/stolinski/f49adedf7053b76634f437e824188a70\" target=\"_blank\" rel=\"noopener\">⌘ + # Tabs Key Bindings</a></li> <li><a href=\"https://www.youtube.com/watch?v=4q1tD39Mk_A\" target= \"_blank\" rel=\"noopener\">Scott's VS Code Series on YouTube</a></li> <li><a href= \"https://marketplace.visualstudio.com/items?itemName=ms-vscode.sublime-keybindings\" target=\"_blank\" rel=\"noopener\">Sublime Keymap for VS Code</a></li> <li><a href= \"https://moduscreate.com/es6-es2015-import-no-relative-path-webpack/\" target=\"_blank\" rel=\"noopener\">ES6 Absolute Imports with Webpack</a></li> </ul> Sick Picks <ul> <li>Scott: <a href=\"http://amzn.to/2ycbnul\" target=\"_blank\" rel=\"noopener\">Moonwalking with Einstein</a></li> <li>Wes: <a href=\"http://amzn.to/2xn0FDx\" target=\"_blank\" rel= \"noopener\">Yeti Rambler</a></li> <li>Wes: <a href= \"https://www.walmart.com/ip/Ozark-Trail-20-Ounce-Double-Wall-Vacuum-Sealed-Tumbler/178742177\" target=\"_blank\" rel=\"noopener\">Ozark Trail 20oz</a></li> <li>Scott outdoes Wes by 3oz: <a href=\"http://amzn.to/2yqjV1t\" target=\"_blank\" rel=\"noopener\">Bottl</a></li> </ul> Shameless Plugs <ul> <li><a href=\"https://www.leveluptutorials.com/\" target=\"_blank\" rel=\"noopener\">Level Up Tuts</a> - check out scott's new shopping cart!</li> <li><a href=\"https://wesbos.com/courses\" target=\"_blank\" rel= \"noopener\">Wes' Courses</a></li> <li><a href=\"https://bos.af/\" target=\"_blank\" rel= \"noopener\">Stickers are coming!</a></li> </ul>","layout":"default","app-shell":"app","body":"<div class=\"container\">  <div class=\"row\">\r\n    <div class=\"card\">\r\n      <img src=\"http://static.libsyn.com/p/assets/7/9/0/7/790703531a3c8eca/iTunes_Artwork.png\" alt=\"Why is everyone switching to VS Code?\" class=\"card-img-top\">\r\n      <div class=\"card-body\">\r\n        <h3 class=\"card-title\">Why is everyone switching to VS Code?</h3>\r\n      </div>\r\n      <i class=\"fa fa-plus\" aria-hidden=\"true\"></i>\r\n    </div>\r\n  </div>\r\n  <div class=\"row\">\r\n    <audio src=\"https://api.spreaker.com/download/episode/8734727/ep105_mixdown.mp3\" controls=\"controls\"></audio>\r\n  </div>\r\n  <div class=\"row\">\r\n    <p><p>Scott and Wes talk about switching to VS Code. What is so good about it? Killer features? Must have Plugins!</p> Sponsor <p>Need to learn Docker? Check out Nick Janetakis' <a href= \"https://diveintodocker.com/ref-bwfff\" target=\"_blank\" rel= \"noopener\">Dive into Docker</a> course which is currently on sale!</p> Follow us on twitter! <ul> <li><a href=\"https://twitter.com/wesbos\" target=\"_blank\" rel= \"noopener\">Wes Bos</a></li> <li><a href=\"https://twitter.com/stolinski\" target=\"_blank\" rel= \"noopener\">Scott Tolinski</a></li> <li><a href=\"https://twitter.com/SyntaxFM\" target=\"_blank\" rel= \"noopener\">Syntax</a></li> </ul> Show Notes <ul> <li><a href= \"https://marketplace.visualstudio.com/items?itemName=wesbos.theme-cobalt2\" target=\"_blank\" rel=\"noopener\">Cobalt2 for VS Code</a></li> <li><a href=\"https://code.visualstudio.com/\" target=\"_blank\" rel= \"noopener\">Visual Studio Code</a></li> <li><a href= \"https://twitter.com/rachsmithtweets/status/907350440634748928\" target=\"_blank\" rel=\"noopener\">@rachsmithtweets 🔥 rename symbol tip</a> - you should follow her too!</li> <li>Use F8 to cycle through inline errors</li> <li>Open the problems tab to see all your applications errors and warnings</li> <li>The built in debugger</li> <li><a href= \"https://marketplace.visualstudio.com/items?itemName=dbaeumer.vscode-eslint\" target=\"_blank\" rel=\"noopener\">ESlint Package</a></li> <li>You can use the <a href= \"https://marketplace.visualstudio.com/items?itemName=esbenp.prettier-vscode\" target=\"_blank\" rel=\"noopener\">Prettier Package</a> on it's own, or use via your .eslintrc file and just use the above ESLint plugin.</li> <li><a href= \"https://marketplace.visualstudio.com/items?itemName=donjayamanne.githistory\" target=\"_blank\" rel=\"noopener\">Git History</a></li> <li><a href= \"https://marketplace.visualstudio.com/items?itemName=eamodio.gitlens\" target=\"_blank\" rel=\"noopener\">Git Lens</a></li> <li><a href= \"https://marketplace.visualstudio.com/items?itemName=msjsdiag.debugger-for-chrome\" target=\"_blank\" rel=\"noopener\">Debugger for Chrome</a></li> <li><a href= \"https://marketplace.visualstudio.com/items?itemName=naumovs.color-highlight\" target=\"_blank\" rel=\"noopener\">Color Highlight</a></li> <li>Settings: \"editor.formatOnSave\": true and \"eslint.autoFixOnSave\": true</li> <li><a href=\"http://wes.io/maOn\" target=\"_blank\" rel= \"noopener\">Wes' Current ESLint + Prettier Config</a></li> <li><a href= \"https://twitter.com/kurtinatlanta/status/909821362197401601\" target=\"_blank\" rel=\"noopener\">Grumpy Developer</a></li> <li><a href= \"https://marketplace.visualstudio.com/items?itemName=wix.vscode-import-cost\" target=\"_blank\" rel=\"noopener\">Import Cost</a></li> <li><a href= \"https://marketplace.visualstudio.com/items?itemName=christian-kohler.path-intellisense\" target=\"_blank\" rel=\"noopener\">Path Intellisense</a></li> <li><a href= \"https://marketplace.visualstudio.com/items?itemName=christian-kohler.npm-intellisense\" target=\"_blank\" rel=\"noopener\">npm Intellisense</a></li> <li><a href= \"https://marketplace.visualstudio.com/items?itemName=Zignd.html-css-class-completion\" target=\"_blank\" rel=\"noopener\">CSS Intellisense</a></li> <li><a href= \"https://marketplace.visualstudio.com/items?itemName=HvyIndustries.crane\" target=\"_blank\" rel=\"noopener\">PHP Intellisense</a></li> <li><a href= \"https://marketplace.visualstudio.com/items?itemName=felixfbecker.php-intellisense\" target=\"_blank\" rel=\"noopener\">Another PHP Intellisense</a></li> <li><a href= \"https://marketplace.visualstudio.com/items?itemName=be5invis.vscode-custom-css\" target=\"_blank\" rel=\"noopener\">Custom CSS and JS Loader</a></li> <li><a href= \"https://marketplace.visualstudio.com/items?itemName=wesbos.theme-cobalt2\" target=\"_blank\" rel=\"noopener\">Cobalt2 Theme</a></li> <li><a href= \"https://marketplace.visualstudio.com/items?itemName=Equinusocio.vsc-material-theme\" target=\"_blank\" rel=\"noopener\">Material Theme</a></li> <li><a href= \"https://marketplace.visualstudio.com/items?itemName=whizkydee.material-palenight-theme\" target=\"_blank\" rel=\"noopener\">Material Pale Night Theme</a></li> <li><a href= \"https://marketplace.visualstudio.com/items?itemName=pflannery.vscode-versionlens\" target=\"_blank\" rel=\"noopener\">Version Lens for npm</a></li> <li><a href= \"https://marketplace.visualstudio.com/items?itemName=alefragnani.project-manager\" target=\"_blank\" rel=\"noopener\">Project Manager</a></li> <li><a href= \"https://gist.github.com/stolinski/f49adedf7053b76634f437e824188a70\" target=\"_blank\" rel=\"noopener\">⌘ + # Tabs Key Bindings</a></li> <li><a href=\"https://www.youtube.com/watch?v=4q1tD39Mk_A\" target= \"_blank\" rel=\"noopener\">Scott's VS Code Series on YouTube</a></li> <li><a href= \"https://marketplace.visualstudio.com/items?itemName=ms-vscode.sublime-keybindings\" target=\"_blank\" rel=\"noopener\">Sublime Keymap for VS Code</a></li> <li><a href= \"https://moduscreate.com/es6-es2015-import-no-relative-path-webpack/\" target=\"_blank\" rel=\"noopener\">ES6 Absolute Imports with Webpack</a></li> </ul> Sick Picks <ul> <li>Scott: <a href=\"http://amzn.to/2ycbnul\" target=\"_blank\" rel=\"noopener\">Moonwalking with Einstein</a></li> <li>Wes: <a href=\"http://amzn.to/2xn0FDx\" target=\"_blank\" rel= \"noopener\">Yeti Rambler</a></li> <li>Wes: <a href= \"https://www.walmart.com/ip/Ozark-Trail-20-Ounce-Double-Wall-Vacuum-Sealed-Tumbler/178742177\" target=\"_blank\" rel=\"noopener\">Ozark Trail 20oz</a></li> <li>Scott outdoes Wes by 3oz: <a href=\"http://amzn.to/2yqjV1t\" target=\"_blank\" rel=\"noopener\">Bottl</a></li> </ul> Shameless Plugs <ul> <li><a href=\"https://www.leveluptutorials.com/\" target=\"_blank\" rel=\"noopener\">Level Up Tuts</a> - check out scott's new shopping cart!</li> <li><a href=\"https://wesbos.com/courses\" target=\"_blank\" rel= \"noopener\">Wes' Courses</a></li> <li><a href=\"https://bos.af/\" target=\"_blank\" rel= \"noopener\">Stickers are coming!</a></li> </ul></p>\r\n  </div>\r\n</div>","author":"Chris Love","facebook-publisher":"https://www.facebook.com/Love2Dev/","twitter":"ChrisLove","google-plus":"https://plus.google.com/b/110904107389779237581/?pageId=110904107389779237581","linkedin":"https://www.linkedin.com/in/Love2Dev/","pinterest":"https://www.pinterest.com/docluv/","youtube":"https://www.youtube.com/channel/UC3mfh2MN-5D-zOyiRLp9H6g","bing-user-key":"7EDAB92AF63E3B35E57195D810D64C57","image":{"url":"http://static.libsyn.com/p/assets/7/9/0/7/790703531a3c8eca/iTunes_Artwork.png","width":1800,"height":1800},"cache":{},"headers":{"Cache-Control":"public, max-age=30240, s-max-age=1200"},"meta":{"type":"article","og:type":"article","section":"progressive web apps","url":"https://podstr.love2dev.com/","route":"/"},"subtitle":null,"featured-image":"img/pwa-podstr-logo-600x310.png","abstract":"<img align='left' src='img/pwa-podstr-logo-600x310.png' style='margin: 18px 18px 18px 6px; float: left; display: inline' lazyload='1' lazyload='1' />Two years, it&#39;s hard to comprehend how fast the time has flown and how much my life has changed. November 2 marked my two year anniversary with Tellago and I thought I would try to express what these past two years have been like today, Thanksgiving. Back in July 2010, after about 8 months after joining Tellago I wrote about my experiences and thankfulness at the time. ","approved":true,"published":"2017-09-20T13:53:24.000Z","active":true,"tags":[],"publishedDay":20,"publishedMonth":10,"publishedYear":2117,"pubdate":"2017-09-20T13:53:24.000Z","link":"https://api.spreaker.com/download/episode/8734727/ep105_mixdown.mp3","guid":"757564dd16d994d4831589254c6b564f","podcast":{"title":"Syntax - Tasty Web Development Treats","description":"Wes Bos and Scott Tolinski are two full stack web developers who like to break down complex topics and make them easy to understand.","image":"http://static.libsyn.com/p/assets/7/9/0/7/790703531a3c8eca/iTunes_Artwork.png"}}