{"Name":"Podstr","LongName":"Podstr","lowerAppName":"Podstr","slug":"wordpress-36","title":"WordPress 3.6","description":"<p>Schedules, who needs schedules! In this episode we chat about a few interesting stories and sites we have stumbled across and discuss some of the upcoming features destined to appear in WordPress 3.6. Now with added music!</p>\n\n<ul>\n  <li><a href=\"http://www.modern.ie/cross-browser-best-practices\">Modern IE</a></li>\n  <li><a href=\"https://vimeo.com/channels/thosewhomake\">Those Who Make</a></li>\n  <li><a href=\"http://2012.hd-live.co.uk/\">HD Live</a></li>\n  <li><a href=\"http://thisismadebyhand.com/\">Made by Hand</a></li>\n  <li><a href=\"https://vimeo.com/54647235\">Wooden Specs Studio</a></li>\n  <li><a href=\"https://gocardless.com/blog/unresponsive-design/\">Unresponsive Design</a></li>\n  <li><a href=\"http://csswizardry.com/2013/01/front-end-performance-for-web-designers-and-front-end-developers/\">Front-end Performance for Web Designers and Front-end Developers</a></li>\n  <li><a href=\"http://www.webdesignerdepot.com/2013/02/what-we-can-expect-from-wordpress-3-6/\">WordPress 3.6</a></li>\n  <li><a href=\"http://editflow.org/\">Edit Flow</a></li>\n  <li><a href=\"http://blog.priceonomics.com/post/16013457968/the-fixie-bike-index?a147bcb0\">Fixie Bike Index</a></li>\n</ul>","layout":"default","app-shell":"app","body":"<div class=\"container\">  <div class=\"row\">\r\n    <div class=\"card\">\r\n      <img src=\"https://backtofrontshow.com/img/itunes-3000x3000.png\" alt=\"WordPress 3.6\" class=\"card-img-top\">\r\n      <div class=\"card-body\">\r\n        <h3 class=\"card-title\">WordPress 3.6</h3>\r\n      </div>\r\n      <i class=\"fa fa-plus\" aria-hidden=\"true\"></i>\r\n    </div>\r\n  </div>\r\n  <div class=\"row\">\r\n    <audio src=\"https://api.spreaker.com/download/episode/8734727/ep105_mixdown.mp3\" controls=\"controls\"></audio>\r\n  </div>\r\n  <div class=\"row\">\r\n    <p><p>Schedules, who needs schedules! In this episode we chat about a few interesting stories and sites we have stumbled across and discuss some of the upcoming features destined to appear in WordPress 3.6. Now with added music!</p>\n\n<ul>\n <li><a href=\"http://www.modern.ie/cross-browser-best-practices\">Modern IE</a></li>\n <li><a href=\"https://vimeo.com/channels/thosewhomake\">Those Who Make</a></li>\n <li><a href=\"http://2012.hd-live.co.uk/\">HD Live</a></li>\n <li><a href=\"http://thisismadebyhand.com/\">Made by Hand</a></li>\n <li><a href=\"https://vimeo.com/54647235\">Wooden Specs Studio</a></li>\n <li><a href=\"https://gocardless.com/blog/unresponsive-design/\">Unresponsive Design</a></li>\n <li><a href=\"http://csswizardry.com/2013/01/front-end-performance-for-web-designers-and-front-end-developers/\">Front-end Performance for Web Designers and Front-end Developers</a></li>\n <li><a href=\"http://www.webdesignerdepot.com/2013/02/what-we-can-expect-from-wordpress-3-6/\">WordPress 3.6</a></li>\n <li><a href=\"http://editflow.org/\">Edit Flow</a></li>\n <li><a href=\"http://blog.priceonomics.com/post/16013457968/the-fixie-bike-index?a147bcb0\">Fixie Bike Index</a></li>\n</ul></p>\r\n  </div>\r\n</div>","author":"Chris Love","facebook-publisher":"https://www.facebook.com/Love2Dev/","twitter":"ChrisLove","google-plus":"https://plus.google.com/b/110904107389779237581/?pageId=110904107389779237581","linkedin":"https://www.linkedin.com/in/Love2Dev/","pinterest":"https://www.pinterest.com/docluv/","youtube":"https://www.youtube.com/channel/UC3mfh2MN-5D-zOyiRLp9H6g","bing-user-key":"7EDAB92AF63E3B35E57195D810D64C57","image":{"url":"https://backtofrontshow.com/img/itunes-3000x3000.png","width":3000,"height":3000},"cache":{},"headers":{"Cache-Control":"public, max-age=30240, s-max-age=1200"},"meta":{"type":"article","og:type":"article","section":"progressive web apps","url":"https://podstr.love2dev.com/","route":"/"},"subtitle":null,"featured-image":"img/pwa-podstr-logo-600x310.png","abstract":"<img align='left' src='img/pwa-podstr-logo-600x310.png' style='margin: 18px 18px 18px 6px; float: left; display: inline' lazyload='1' lazyload='1' />Two years, it&#39;s hard to comprehend how fast the time has flown and how much my life has changed. November 2 marked my two year anniversary with Tellago and I thought I would try to express what these past two years have been like today, Thanksgiving. Back in July 2010, after about 8 months after joining Tellago I wrote about my experiences and thankfulness at the time. ","approved":true,"published":"2013-02-15T11:09:34.000Z","active":true,"tags":[],"publishedDay":20,"publishedMonth":10,"publishedYear":2117,"pubdate":"2013-02-15T11:09:34.000Z","link":"https://api.spreaker.com/download/episode/8734727/ep105_mixdown.mp3","guid":"https://backtofrontshow.com/episode-3/","podcast":{"title":"The Back to Front Show","description":"The Back to Front show was started in 2013 by web industry veterans Keir Whitaker and Kieran Masterton. Over the first 40 episodes they have discussed everything from web design and development to startups and dog related tech. Today the focus has shifted and includes topics including remote working, working in the web industry, productivity, hipster beards and much more. Released irregularly but always produced with passion The Back to Front Show runs for around 40 minutes per episode and comes to you from the beautiful West Country in the UK. Thanks for listening.","image":"https://backtofrontshow.com/img/itunes-3000x3000.png"}}