{"title":"10. Introduction to PHP & Laravel","description":"http://advancedbeginnerchallenge.com – I built a course to get your first job in web development, or upgrade from Junior to mid-level. All done over email for your convenience.\n\n\nCheck out Team Treehouse to grow as a programmer! http://starthere.fm/treehouse","pubdate":"2014-11-07T00:00:00.000Z","link":"https://soundcloud.com/starthere-webdev/10-introduction-to-php-laravel","guid":"tag:soundcloud,2010:tracks/234715403","image":"http://i1.sndcdn.com/avatars-000227802710-27eerh-original.jpg","podcast":{"title":"Start Here: Web Development","description":"Do you want to get your first job as a web developer, or level up in your web dev career?? Well, StartHere: Web Development is the show for you! Dain Miller is your new mentor as he shares his industry experience, insight, and resources to help get you from knowing nothing to becoming a full-time web developer. Everyone starts somewhere and you’re starting here.","image":"http://i1.sndcdn.com/avatars-000227802710-27eerh-original.jpg"}}