{"title":"2. Introduction to HTML","description":"http://advancedbeginnerchallenge.com – I built a course to get your first job in web development, or upgrade from Junior to mid-level. All done over email for your convenience.\n\nTasks\n\n- Lesson 2, http://learn.shayhowe.com/html-css/getting-to-know-html/\n\nThis lesson from Shay Howe dives into more HTML goodness. Continue building the Styles Conference website and learn about page structure and properly using various HTML elements.\n\n- Talk To Us\n\nTell us why you want to be a web developer.\n\nLeave us a comment below. If you have questions about web dev please ask away. Find Dain @DainMiller on Twitter","pubdate":"2014-07-18T00:00:00.000Z","link":"https://soundcloud.com/starthere-webdev/2-introduction-to-html","guid":"tag:soundcloud,2010:tracks/234714641","image":"http://i1.sndcdn.com/avatars-000227802710-27eerh-original.jpg","podcast":{"title":"Start Here: Web Development","description":"Do you want to get your first job as a web developer, or level up in your web dev career?? Well, StartHere: Web Development is the show for you! Dain Miller is your new mentor as he shares his industry experience, insight, and resources to help get you from knowing nothing to becoming a full-time web developer. Everyone starts somewhere and you’re starting here.","image":"http://i1.sndcdn.com/avatars-000227802710-27eerh-original.jpg"}}