{"title":"23. The Motivation Episode and Becoming a Programming Super Learner","description":"http://advancedbeginnerchallenge.com – I built a course to get your first job in web development, or upgrade from Junior to mid-level. All done over email for your convenience.\n\nCheck out Team Treehouse to grow as a programmer! http://starthere.fm/treehouse\n\nOn this episode we discuss the fixed mindset vs. the growth mindset, what you should focus on for developer success, and how to overcome the challenges associated with procrastination and fear of failure. \n\nResources mentioned:\n- Mindset: The New Psychology of Success (Book) (Non-affiliate amazon link)http://www.amazon.com/Mindset-Psychology-Success-Carol-Dweck/dp/0345472322\n- Aaron Patterson's commit history https://github.com/tenderlove?tab=activity\n\nResources not mentioned, but that I think you'd like:\n- The Art of Thinking Big (Book) (Non-affiliate amazon link)http://www.amazon.com/The-Magic-Thinking-David-Schwartz/dp/0671646788/ref=cm_cr_arp_d_product_top?ie=UTF8","pubdate":"2016-04-25T06:42:42.000Z","link":"https://soundcloud.com/starthere-webdev/23-the-motivation-episode-becoming-a-programming","guid":"tag:soundcloud,2010:tracks/260758677","image":"http://i1.sndcdn.com/artworks-000159748269-5za4d8-original.jpg","podcast":{"title":"Start Here: Web Development","description":"Do you want to get your first job as a web developer, or level up in your web dev career?? Well, StartHere: Web Development is the show for you! Dain Miller is your new mentor as he shares his industry experience, insight, and resources to help get you from knowing nothing to becoming a full-time web developer. Everyone starts somewhere and you’re starting here.","image":"http://i1.sndcdn.com/avatars-000227802710-27eerh-original.jpg"}}