{"title":"26. MASTERING The Interview Process & LinkedIn for Developers","description":"http://advancedbeginnerchallenge.com – I built a course to get your first job in web development, or upgrade from Junior to mid-level. All done over email for your convenience.\n\nCheck out Team Treehouse to grow as a programmer! http://starthere.fm/treehouse\n\nOn this episode we discuss the entirety of the interview process from setting up your LinkedIn and approaching companies to passing the first screening call, tips for the technical interview, and sealing the deal in the character interviews.\n\nReceive written guides on everything discussed here, just for listeners of our podcasts :), at https://fearlesssalarynegotiation.com/startherefm/","pubdate":"2016-05-15T23:48:36.000Z","link":"https://soundcloud.com/starthere-webdev/26-level-up-your-web-dev-job-linkedin-for-developers-and-mastering-the-interview-process","guid":"tag:soundcloud,2010:tracks/264305502","image":"http://i1.sndcdn.com/avatars-000227802710-27eerh-original.jpg","podcast":{"title":"Start Here: Web Development","description":"Do you want to get your first job as a web developer, or level up in your web dev career?? Well, StartHere: Web Development is the show for you! Dain Miller is your new mentor as he shares his industry experience, insight, and resources to help get you from knowing nothing to becoming a full-time web developer. Everyone starts somewhere and you’re starting here.","image":"http://i1.sndcdn.com/avatars-000227802710-27eerh-original.jpg"}}