{"title":"BOOTCAMPS ARE A SCAM - How To Get A Job WITHOUT Going To A Bootcamp","description":"http://advancedbeginnerchallenge.com – I built a course to get your first job in web development, or upgrade from Junior to mid-level. All done over email for your convenience. \n\nHow can you become a web dev without going into debt at a bootcamp? I break it down for ya here.\n\n★☆★ SUBSCRIBE TO US BELOW: ★☆★\n\nYouTube: www.youtube.com/startherefm/\niTunes Web Dev Show: https://itunes.apple.com/us/podcast/s...\n\n★☆★ FOLLOW US BELOW: ★☆★\nMy site: http://dain.io\nMy business: http://starthere.fm\nMy course: http://advancedbeginnerchallenge.com\nMy book club: http://startherebookclub.com\nMy twitter: http://twitter.com/dainmiller\nStart Here twitter: http://twitter.com/startherefm","pubdate":"2017-06-28T04:46:39.000Z","link":"https://soundcloud.com/starthere-webdev/bootcamps-are-a-scam-how-to-get-a-job-without-going-to-a-bootcamp","guid":"tag:soundcloud,2010:tracks/330483576","image":"http://i1.sndcdn.com/avatars-000227802710-27eerh-original.jpg","podcast":{"title":"Start Here: Web Development","description":"Do you want to get your first job as a web developer, or level up in your web dev career?? Well, StartHere: Web Development is the show for you! Dain Miller is your new mentor as he shares his industry experience, insight, and resources to help get you from knowing nothing to becoming a full-time web developer. Everyone starts somewhere and you’re starting here.","image":"http://i1.sndcdn.com/avatars-000227802710-27eerh-original.jpg"}}