{"title":"FREELANCERS PAY ATTENTION - How To Avoid Being Ripped Off","description":"http://advancedbeginnerchallenge.com – I built a course to get your first job in web development, or upgrade from Junior to mid-level. All done over email for your convenience. \n\nHow do you avoid being ripped off as a programmer or freelancer? I break it down here.\n\nConnect with me on Twitter\nTwitter: http://twitter.com/dainmiller\nVisit: http://starthere.fm and http://dain.io","pubdate":"2017-06-20T19:35:42.000Z","link":"https://soundcloud.com/starthere-webdev/how-to-avoid-being-ripped-off-as-a-freelancer","guid":"tag:soundcloud,2010:tracks/329055684","image":"http://i1.sndcdn.com/avatars-000227802710-27eerh-original.jpg","podcast":{"title":"Start Here: Web Development","description":"Do you want to get your first job as a web developer, or level up in your web dev career?? Well, StartHere: Web Development is the show for you! Dain Miller is your new mentor as he shares his industry experience, insight, and resources to help get you from knowing nothing to becoming a full-time web developer. Everyone starts somewhere and you’re starting here.","image":"http://i1.sndcdn.com/avatars-000227802710-27eerh-original.jpg"}}