{"title":"How To Improve As A Programmer - DONT WRITE MORE CODE, READ MORE","description":"http://advancedbeginnerchallenge.com – I built a course to get your first job in web development, or upgrade from Junior to mid-level. All done over email for your convenience. \n\nHow do you grow as a programmer? It's a tough topic. Coding helps, certainly, BUT the Edge Effect has a power that is beyond belief. Don't doubt the power of reading, in seemingly unrelated areas, and how it will impact your day to day skillset.\n\nIn this video I break down EXACTLY what books to start reading, and different genres of books you should be checking out. \n\nBooks mentioned:\n- The One Thing by Gary Keller\n- The Selfish Gene by Richard Dawkins\n- The Happiness Hypothesis \n- Influence by Robert Cialdini\n- The Obstacle is the Way by Ryan Holiday\n- Bold by Peter Diamandis\n- Work RULES by Lazlo Bock\n- The Foundation Trilogy by Isaac Asimov\n\n★☆★ SUBSCRIBE TO US BELOW: ★☆★\n\nYouTube: www.youtube.com/startherefm/\niTunes Web Dev Show: https://itunes.apple.com/us/podcast/start-here-web-development/id898026456?mt=2\n\n★☆★ FOLLOW US BELOW: ★☆★\n\nMy twitter: http://twitter.com/dainmiller\nStart Here twitter: http://twitter.com/startherefm","pubdate":"2017-05-01T23:28:27.000Z","link":"https://soundcloud.com/starthere-webdev/how-to-improve-as-a-programmer","guid":"tag:soundcloud,2010:tracks/320415640","image":"http://i1.sndcdn.com/avatars-000227802710-27eerh-original.jpg","podcast":{"title":"Start Here: Web Development","description":"Do you want to get your first job as a web developer, or level up in your web dev career?? Well, StartHere: Web Development is the show for you! Dain Miller is your new mentor as he shares his industry experience, insight, and resources to help get you from knowing nothing to becoming a full-time web developer. Everyone starts somewhere and you’re starting here.","image":"http://i1.sndcdn.com/avatars-000227802710-27eerh-original.jpg"}}