{"title":"How to Set Goals as a Web Developer (& The Secret Power of Job Titles)","description":"http://advancedbeginnerchallenge.com – I built a course to get your first job in web development, or upgrade from Junior to mid-level. All done over email for your convenience.\n\nCheck out Team Treehouse to grow as a programmer! http://starthere.fm/treehouse\n\nX/post from a new YouTube video we posted today! https://www.youtube.com/watch?v=Wc7XLA1g8CE ❤️","pubdate":"2017-02-03T06:08:48.000Z","link":"https://soundcloud.com/starthere-webdev/goals","guid":"tag:soundcloud,2010:tracks/305889689","image":"http://i1.sndcdn.com/avatars-000227802710-27eerh-original.jpg","podcast":{"title":"Start Here: Web Development","description":"Do you want to get your first job as a web developer, or level up in your web dev career?? Well, StartHere: Web Development is the show for you! Dain Miller is your new mentor as he shares his industry experience, insight, and resources to help get you from knowing nothing to becoming a full-time web developer. Everyone starts somewhere and you’re starting here.","image":"http://i1.sndcdn.com/avatars-000227802710-27eerh-original.jpg"}}