{"title":"The 2017 LinkedIn FORMULA For Developers & Focusing on \"The Gist\"","description":"http://advancedbeginnerchallenge.com – I built a course to get your first job in web development, or upgrade from Junior to mid-level. All done over email for your convenience.\n\nVisit: http://starthere.fm and http://dain.io or if you prefer to watch this as a video you can do so here https://www.youtube.com/watch?v=reMFCighySg! \n\nHow do you use LinkedIn in 2017 for developers?\n\nHow do you use LinkedIn in 2017 for developers?\n\nLinkedIn is much different in 2017, than it was in 2016 or even 2015. In 2012-2014 I mastered LinkedIn and used it to stand out from the crowd, and got many life changing opportunities from this platform. And I didn't do it how you might think. I'm uniquely positioned to give you this advice, so please listen!\n\nConnect with me on Twitter\nTwitter: http://twitter.com/dainmiller","pubdate":"2017-03-06T19:30:38.000Z","link":"https://soundcloud.com/starthere-webdev/simple-things-simple-and-linkedin","guid":"tag:soundcloud,2010:tracks/311043580","image":"http://i1.sndcdn.com/avatars-000227802710-27eerh-original.jpg","podcast":{"title":"Start Here: Web Development","description":"Do you want to get your first job as a web developer, or level up in your web dev career?? Well, StartHere: Web Development is the show for you! Dain Miller is your new mentor as he shares his industry experience, insight, and resources to help get you from knowing nothing to becoming a full-time web developer. Everyone starts somewhere and you’re starting here.","image":"http://i1.sndcdn.com/avatars-000227802710-27eerh-original.jpg"}}