{
    "resultCount": 32,
    "results": [{
            "wrapperType": "track",
            "kind": "podcast",
            "collectionId": 1253186678,
            "trackId": 1253186678,
            "artistName": "Wes Bos & Scott Tolinski - Full Stack JavaScript Web Developers",
            "collectionName": "Syntax - Tasty Web Development Treats",
            "trackName": "Syntax - Tasty Web Development Treats",
            "collectionCensoredName": "Syntax - Tasty Web Development Treats",
            "trackCensoredName": "Syntax - Tasty Web Development Treats",
            "collectionViewUrl": "https://itunes.apple.com/us/podcast/syntax-tasty-web-development-treats/id1253186678?mt=2&uo=4",
            "feedUrl": "https://feed.syntax.fm/rss",
            "trackViewUrl": "https://itunes.apple.com/us/podcast/syntax-tasty-web-development-treats/id1253186678?mt=2&uo=4",
            "artworkUrl30": "http://is1.mzstatic.com/image/thumb/Music117/v4/40/e5/ef/40e5ef3c-f5b9-20df-14cc-e5c38d50a8da/source/30x30bb.jpg",
            "artworkUrl60": "http://is1.mzstatic.com/image/thumb/Music117/v4/40/e5/ef/40e5ef3c-f5b9-20df-14cc-e5c38d50a8da/source/60x60bb.jpg",
            "artworkUrl100": "http://is1.mzstatic.com/image/thumb/Music117/v4/40/e5/ef/40e5ef3c-f5b9-20df-14cc-e5c38d50a8da/source/100x100bb.jpg",
            "collectionPrice": 0.00,
            "trackPrice": 0.00,
            "trackRentalPrice": 0,
            "collectionHdPrice": 0,
            "trackHdPrice": 0,
            "trackHdRentalPrice": 0,
            "releaseDate": "2017-10-18T14:01:00Z",
            "collectionExplicitness": "cleaned",
            "trackExplicitness": "cleaned",
            "trackCount": 17,
            "country": "USA",
            "currency": "USD",
            "primaryGenreName": "Tech News",
            "contentAdvisoryRating": "Clean",
            "artworkUrl600": "http://is1.mzstatic.com/image/thumb/Music117/v4/40/e5/ef/40e5ef3c-f5b9-20df-14cc-e5c38d50a8da/source/600x600bb.jpg",
            "genreIds": [
                "1448",
                "26",
                "1318",
                "1321",
                "1410"
            ],
            "genres": [
                "Tech News",
                "Podcasts",
                "Technology",
                "Business",
                "Careers"
            ]
        },
        {
            "wrapperType": "track",
            "kind": "podcast",
            "collectionId": 898026456,
            "trackId": 898026456,
            "artistName": "Dain Miller & StartHere.FM",
            "collectionName": "Start Here: Web Development",
            "trackName": "Start Here: Web Development",
            "collectionCensoredName": "Start Here: Web Development",
            "trackCensoredName": "Start Here: Web Development",
            "collectionViewUrl": "https://itunes.apple.com/us/podcast/start-here-web-development/id898026456?mt=2&uo=4",
            "feedUrl": "http://feeds.soundcloud.com/users/soundcloud:users:130907148/sounds.rss",
            "trackViewUrl": "https://itunes.apple.com/us/podcast/start-here-web-development/id898026456?mt=2&uo=4",
            "artworkUrl30": "http://is2.mzstatic.com/image/thumb/Music128/v4/f2/04/cc/f204cc38-282f-8089-4b6c-f18f3548f1af/source/30x30bb.jpg",
            "artworkUrl60": "http://is2.mzstatic.com/image/thumb/Music128/v4/f2/04/cc/f204cc38-282f-8089-4b6c-f18f3548f1af/source/60x60bb.jpg",
            "artworkUrl100": "http://is2.mzstatic.com/image/thumb/Music128/v4/f2/04/cc/f204cc38-282f-8089-4b6c-f18f3548f1af/source/100x100bb.jpg",
            "collectionPrice": 0.00,
            "trackPrice": 0.00,
            "trackRentalPrice": 0,
            "collectionHdPrice": 0,
            "trackHdPrice": 0,
            "trackHdRentalPrice": 0,
            "releaseDate": "2017-06-28T04:46:00Z",
            "collectionExplicitness": "cleaned",
            "trackExplicitness": "cleaned",
            "trackCount": 46,
            "country": "USA",
            "currency": "USD",
            "primaryGenreName": "Technology",
            "contentAdvisoryRating": "Clean",
            "artworkUrl600": "http://is2.mzstatic.com/image/thumb/Music128/v4/f2/04/cc/f204cc38-282f-8089-4b6c-f18f3548f1af/source/600x600bb.jpg",
            "genreIds": [
                "1318",
                "26"
            ],
            "genres": [
                "Technology",
                "Podcasts"
            ]
        },
        {
            "wrapperType": "track",
            "kind": "podcast",
            "collectionId": 803206041,
            "trackId": 803206041,
            "artistName": "Jeff Barczewski",
            "collectionName": "CodeWinds - Leading edge web developer news and training | javascript / React.js / Node.js / HTML5 / web development - Jeff Bar",
            "trackName": "CodeWinds - Leading edge web developer news and training | javascript / React.js / Node.js / HTML5 / web development - Jeff Bar",
            "collectionCensoredName": "CodeWinds - Leading edge web developer news and training | javascript / React.js / Node.js / HTML5 / web development - Jeff Bar",
            "trackCensoredName": "CodeWinds - Leading edge web developer news and training | javascript / React.js / Node.js / HTML5 / web development - Jeff Bar",
            "collectionViewUrl": "https://itunes.apple.com/us/podcast/codewinds-leading-edge-web-developer-news-training/id803206041?mt=2&uo=4",
            "feedUrl": "http://codewinds.com/podcast-audio-rss.xml",
            "trackViewUrl": "https://itunes.apple.com/us/podcast/codewinds-leading-edge-web-developer-news-training/id803206041?mt=2&uo=4",
            "artworkUrl30": "http://is2.mzstatic.com/image/thumb/Music62/v4/54/d6/cc/54d6cc46-06cf-d7db-b97c-f8549e3d624c/source/30x30bb.jpg",
            "artworkUrl60": "http://is2.mzstatic.com/image/thumb/Music62/v4/54/d6/cc/54d6cc46-06cf-d7db-b97c-f8549e3d624c/source/60x60bb.jpg",
            "artworkUrl100": "http://is2.mzstatic.com/image/thumb/Music62/v4/54/d6/cc/54d6cc46-06cf-d7db-b97c-f8549e3d624c/source/100x100bb.jpg",
            "collectionPrice": 0.00,
            "trackPrice": 0.00,
            "trackRentalPrice": 0,
            "collectionHdPrice": 0,
            "trackHdPrice": 0,
            "trackHdRentalPrice": 0,
            "releaseDate": "2015-04-08T01:00:00Z",
            "collectionExplicitness": "cleaned",
            "trackExplicitness": "cleaned",
            "trackCount": 15,
            "country": "USA",
            "currency": "USD",
            "primaryGenreName": "Software How-To",
            "contentAdvisoryRating": "Clean",
            "artworkUrl600": "http://is2.mzstatic.com/image/thumb/Music62/v4/54/d6/cc/54d6cc46-06cf-d7db-b97c-f8549e3d624c/source/600x600bb.jpg",
            "genreIds": [
                "1480",
                "26",
                "1318",
                "1304",
                "1448",
                "1470"
            ],
            "genres": [
                "Software How-To",
                "Podcasts",
                "Technology",
                "Education",
                "Tech News",
                "Training"
            ]
        },
        {
            "wrapperType": "track",
            "kind": "podcast",
            "artistId": 1280772900,
            "collectionId": 384930768,
            "trackId": 384930768,
            "artistName": "Dr. Tony Pittarese, Computer and Information Sciences, http://einstein.etsu.edu/~pittares",
            "collectionName": "Advanced Topics in Web Development - Fall 2009",
            "trackName": "Advanced Topics in Web Development - Fall 2009",
            "collectionCensoredName": "Advanced Topics in Web Development - Fall 2009",
            "trackCensoredName": "Advanced Topics in Web Development - Fall 2009",
            "artistViewUrl": "https://itunes.apple.com/us/artist/east-tennessee-state-university/id1280772900?mt=2&uo=4",
            "collectionViewUrl": "https://itunes.apple.com/us/podcast/advanced-topics-in-web-development-fall-2009/id384930768?mt=2&uo=4",
            "trackViewUrl": "https://itunes.apple.com/us/podcast/advanced-topics-in-web-development-fall-2009/id384930768?mt=2&uo=4",
            "artworkUrl30": "http://is5.mzstatic.com/image/thumb/Music/v4/37/22/d7/3722d7c8-c65c-a8b0-4e2a-0f170e3df190/source/30x30bb.jpg",
            "artworkUrl60": "http://is5.mzstatic.com/image/thumb/Music/v4/37/22/d7/3722d7c8-c65c-a8b0-4e2a-0f170e3df190/source/60x60bb.jpg",
            "artworkUrl100": "http://is5.mzstatic.com/image/thumb/Music/v4/37/22/d7/3722d7c8-c65c-a8b0-4e2a-0f170e3df190/source/100x100bb.jpg",
            "collectionPrice": 0.00,
            "trackPrice": 0.00,
            "trackRentalPrice": 0,
            "collectionHdPrice": 0,
            "trackHdPrice": 0,
            "trackHdRentalPrice": 0,
            "releaseDate": "2009-09-02T21:10:00Z",
            "collectionExplicitness": "notExplicit",
            "trackExplicitness": "notExplicit",
            "trackCount": 9,
            "country": "USA",
            "currency": "USD",
            "primaryGenreName": "Technology",
            "artworkUrl600": "http://is5.mzstatic.com/image/thumb/Music/v4/37/22/d7/3722d7c8-c65c-a8b0-4e2a-0f170e3df190/source/600x600bb.jpg",
            "genreIds": [
                "1318",
                "26"
            ],
            "genres": [
                "Technology",
                "Podcasts"
            ]
        },
        {
            "wrapperType": "track",
            "kind": "podcast",
            "artistId": 1280772900,
            "collectionId": 454017618,
            "trackId": 454017618,
            "artistName": "Dr. Tony Pittarese, Computer and Information Sciences, http://einstein.etsu.edu/~pittares",
            "collectionName": "Advanced Topics in Web Development - Fall 2011",
            "trackName": "Advanced Topics in Web Development - Fall 2011",
            "collectionCensoredName": "Advanced Topics in Web Development - Fall 2011",
            "trackCensoredName": "Advanced Topics in Web Development - Fall 2011",
            "artistViewUrl": "https://itunes.apple.com/us/artist/east-tennessee-state-university/id1280772900?mt=2&uo=4",
            "collectionViewUrl": "https://itunes.apple.com/us/podcast/advanced-topics-in-web-development-fall-2011/id454017618?mt=2&uo=4",
            "trackViewUrl": "https://itunes.apple.com/us/podcast/advanced-topics-in-web-development-fall-2011/id454017618?mt=2&uo=4",
            "artworkUrl30": "http://is1.mzstatic.com/image/thumb/Music/v4/b2/1f/19/b21f190c-151b-03a0-db3d-888548c59f00/source/30x30bb.jpg",
            "artworkUrl60": "http://is1.mzstatic.com/image/thumb/Music/v4/b2/1f/19/b21f190c-151b-03a0-db3d-888548c59f00/source/60x60bb.jpg",
            "artworkUrl100": "http://is1.mzstatic.com/image/thumb/Music/v4/b2/1f/19/b21f190c-151b-03a0-db3d-888548c59f00/source/100x100bb.jpg",
            "collectionPrice": 0.00,
            "trackPrice": 0.00,
            "trackRentalPrice": 0,
            "collectionHdPrice": 0,
            "trackHdPrice": 0,
            "trackHdRentalPrice": 0,
            "releaseDate": "2011-08-31T13:23:00Z",
            "collectionExplicitness": "notExplicit",
            "trackExplicitness": "notExplicit",
            "trackCount": 19,
            "country": "USA",
            "currency": "USD",
            "primaryGenreName": "Technology",
            "artworkUrl600": "http://is1.mzstatic.com/image/thumb/Music/v4/b2/1f/19/b21f190c-151b-03a0-db3d-888548c59f00/source/600x600bb.jpg",
            "genreIds": [
                "1318",
                "26"
            ],
            "genres": [
                "Technology",
                "Podcasts"
            ]
        },
        {
            "wrapperType": "track",
            "kind": "podcast",
            "artistId": 1280772900,
            "collectionId": 389210030,
            "trackId": 389210030,
            "artistName": "Dr. Tony Pittarese, Computer and Information Sciences, http://einstein.etsu.edu/~pittares",
            "collectionName": "Advanced Topics in Web Development - Fall 2010",
            "trackName": "Advanced Topics in Web Development - Fall 2010",
            "collectionCensoredName": "Advanced Topics in Web Development - Fall 2010",
            "trackCensoredName": "Advanced Topics in Web Development - Fall 2010",
            "artistViewUrl": "https://itunes.apple.com/us/artist/east-tennessee-state-university/id1280772900?mt=2&uo=4",
            "collectionViewUrl": "https://itunes.apple.com/us/podcast/advanced-topics-in-web-development-fall-2010/id389210030?mt=2&uo=4",
            "trackViewUrl": "https://itunes.apple.com/us/podcast/advanced-topics-in-web-development-fall-2010/id389210030?mt=2&uo=4",
            "artworkUrl30": "http://is2.mzstatic.com/image/thumb/Music/v4/de/24/a1/de24a17d-edc9-0b3f-e1a0-5e91899e0589/source/30x30bb.jpg",
            "artworkUrl60": "http://is2.mzstatic.com/image/thumb/Music/v4/de/24/a1/de24a17d-edc9-0b3f-e1a0-5e91899e0589/source/60x60bb.jpg",
            "artworkUrl100": "http://is2.mzstatic.com/image/thumb/Music/v4/de/24/a1/de24a17d-edc9-0b3f-e1a0-5e91899e0589/source/100x100bb.jpg",
            "collectionPrice": 0.00,
            "trackPrice": 0.00,
            "trackRentalPrice": 0,
            "collectionHdPrice": 0,
            "trackHdPrice": 0,
            "trackHdRentalPrice": 0,
            "releaseDate": "2010-08-30T17:05:00Z",
            "collectionExplicitness": "notExplicit",
            "trackExplicitness": "notExplicit",
            "trackCount": 11,
            "country": "USA",
            "currency": "USD",
            "primaryGenreName": "Technology",
            "artworkUrl600": "http://is2.mzstatic.com/image/thumb/Music/v4/de/24/a1/de24a17d-edc9-0b3f-e1a0-5e91899e0589/source/600x600bb.jpg",
            "genreIds": [
                "1318",
                "26"
            ],
            "genres": [
                "Technology",
                "Podcasts"
            ]
        },
        {
            "wrapperType": "track",
            "kind": "podcast",
            "collectionId": 594631752,
            "trackId": 594631752,
            "artistName": "Keir Whitaker and Kieran Masterton discuss web design, web development and startups",
            "collectionName": "The Back to Front Show",
            "trackName": "The Back to Front Show",
            "collectionCensoredName": "The Back to Front Show",
            "trackCensoredName": "The Back to Front Show",
            "collectionViewUrl": "https://itunes.apple.com/us/podcast/the-back-to-front-show/id594631752?mt=2&uo=4",
            "feedUrl": "https://backtofrontshow.com/feed/",
            "trackViewUrl": "https://itunes.apple.com/us/podcast/the-back-to-front-show/id594631752?mt=2&uo=4",
            "artworkUrl30": "http://is1.mzstatic.com/image/thumb/Music127/v4/15/9e/5a/159e5ada-9ea9-0030-2c92-837abaff7b4d/source/30x30bb.jpg",
            "artworkUrl60": "http://is1.mzstatic.com/image/thumb/Music127/v4/15/9e/5a/159e5ada-9ea9-0030-2c92-837abaff7b4d/source/60x60bb.jpg",
            "artworkUrl100": "http://is1.mzstatic.com/image/thumb/Music127/v4/15/9e/5a/159e5ada-9ea9-0030-2c92-837abaff7b4d/source/100x100bb.jpg",
            "collectionPrice": 0.00,
            "trackPrice": 0.00,
            "trackRentalPrice": 0,
            "collectionHdPrice": 0,
            "trackHdPrice": 0,
            "trackHdRentalPrice": 0,
            "releaseDate": "2017-09-15T00:20:00Z",
            "collectionExplicitness": "cleaned",
            "trackExplicitness": "cleaned",
            "trackCount": 50,
            "country": "USA",
            "currency": "USD",
            "primaryGenreName": "Software How-To",
            "contentAdvisoryRating": "Clean",
            "artworkUrl600": "http://is1.mzstatic.com/image/thumb/Music127/v4/15/9e/5a/159e5ada-9ea9-0030-2c92-837abaff7b4d/source/600x600bb.jpg",
            "genreIds": [
                "1480",
                "26",
                "1318",
                "1448"
            ],
            "genres": [
                "Software How-To",
                "Podcasts",
                "Technology",
                "Tech News"
            ]
        },
        {
            "wrapperType": "track",
            "kind": "podcast",
            "artistId": 1280623049,
            "collectionId": 510342689,
            "trackId": 510342689,
            "artistName": "Colin Manning",
            "collectionName": "Web Development Fundamentals - SOFT6007 Dcom1",
            "trackName": "Web Development Fundamentals - SOFT6007 Dcom1",
            "collectionCensoredName": "Web Development Fundamentals - SOFT6007 Dcom1",
            "trackCensoredName": "Web Development Fundamentals - SOFT6007 Dcom1",
            "artistViewUrl": "https://itunes.apple.com/us/artist/cork-institute-of-technology/id1280623049?mt=2&uo=4",
            "collectionViewUrl": "https://itunes.apple.com/us/podcast/web-development-fundamentals-soft6007-dcom1/id510342689?mt=2&uo=4",
            "feedUrl": "https://deimos.apple.com/WebObjects/Core.woa/GetRSS/cit.ie-dz.14017482125.014017482127?U=http%3A%2F%2Fwww.mycit.ie%2Fitunesu%2Fcolinmanning%2Fsoft6007-dcom.xml",
            "trackViewUrl": "https://itunes.apple.com/us/podcast/web-development-fundamentals-soft6007-dcom1/id510342689?mt=2&uo=4",
            "artworkUrl30": "http://is5.mzstatic.com/image/thumb/Music4/v4/ef/cb/c6/efcbc6fd-49a1-cc83-eee5-55a1fb55dae5/source/30x30bb.jpg",
            "artworkUrl60": "http://is5.mzstatic.com/image/thumb/Music4/v4/ef/cb/c6/efcbc6fd-49a1-cc83-eee5-55a1fb55dae5/source/60x60bb.jpg",
            "artworkUrl100": "http://is5.mzstatic.com/image/thumb/Music4/v4/ef/cb/c6/efcbc6fd-49a1-cc83-eee5-55a1fb55dae5/source/100x100bb.jpg",
            "collectionPrice": 0.00,
            "trackPrice": 0.00,
            "trackRentalPrice": 0,
            "collectionHdPrice": 0,
            "trackHdPrice": 0,
            "trackHdRentalPrice": 0,
            "releaseDate": "2012-03-30T10:55:00Z",
            "collectionExplicitness": "cleaned",
            "trackExplicitness": "cleaned",
            "trackCount": 32,
            "country": "USA",
            "currency": "USD",
            "primaryGenreName": "Technology",
            "contentAdvisoryRating": "Clean",
            "artworkUrl600": "http://is5.mzstatic.com/image/thumb/Music4/v4/ef/cb/c6/efcbc6fd-49a1-cc83-eee5-55a1fb55dae5/source/600x600bb.jpg",
            "genreIds": [
                "1318",
                "26"
            ],
            "genres": [
                "Technology",
                "Podcasts"
            ]
        },
        {
            "wrapperType": "track",
            "kind": "podcast",
            "collectionId": 1112318786,
            "trackId": 1112318786,
            "artistName": "Mattias Geniar - Sysadmin, Developer, Geek",
            "collectionName": "Syscast: talking linux, open source, web development and system administration (DevOps)",
            "trackName": "Syscast: talking linux, open source, web development and system administration (DevOps)",
            "collectionCensoredName": "Syscast: talking linux, open source, web development and system administration (DevOps)",
            "trackCensoredName": "Syscast: talking linux, open source, web development and system administration (DevOps)",
            "collectionViewUrl": "https://itunes.apple.com/us/podcast/syscast-talking-linux-open-source-web-development-system/id1112318786?mt=2&uo=4",
            "feedUrl": "http://podcast.sysca.st/feed/podcast",
            "trackViewUrl": "https://itunes.apple.com/us/podcast/syscast-talking-linux-open-source-web-development-system/id1112318786?mt=2&uo=4",
            "artworkUrl30": "http://is3.mzstatic.com/image/thumb/Music62/v4/2f/be/73/2fbe73ce-1ed3-9c52-c3ec-861e376f8e25/source/30x30bb.jpg",
            "artworkUrl60": "http://is3.mzstatic.com/image/thumb/Music62/v4/2f/be/73/2fbe73ce-1ed3-9c52-c3ec-861e376f8e25/source/60x60bb.jpg",
            "artworkUrl100": "http://is3.mzstatic.com/image/thumb/Music62/v4/2f/be/73/2fbe73ce-1ed3-9c52-c3ec-861e376f8e25/source/100x100bb.jpg",
            "collectionPrice": 0.00,
            "trackPrice": 0.00,
            "trackRentalPrice": 0,
            "collectionHdPrice": 0,
            "trackHdPrice": 0,
            "trackHdRentalPrice": 0,
            "releaseDate": "2017-02-09T11:40:00Z",
            "collectionExplicitness": "cleaned",
            "trackExplicitness": "cleaned",
            "trackCount": 8,
            "country": "USA",
            "currency": "USD",
            "primaryGenreName": "Tech News",
            "contentAdvisoryRating": "Clean",
            "artworkUrl600": "http://is3.mzstatic.com/image/thumb/Music62/v4/2f/be/73/2fbe73ce-1ed3-9c52-c3ec-861e376f8e25/source/600x600bb.jpg",
            "genreIds": [
                "1448",
                "26",
                "1318"
            ],
            "genres": [
                "Tech News",
                "Podcasts",
                "Technology"
            ]
        },
        {
            "wrapperType": "track",
            "kind": "podcast",
            "artistId": 1280623049,
            "collectionId": 510070709,
            "trackId": 510070709,
            "artistName": "Colin Manning",
            "collectionName": "Web Development Fundamentals - SOFT6007 Com1",
            "trackName": "Web Development Fundamentals - SOFT6007 Com1",
            "collectionCensoredName": "Web Development Fundamentals - SOFT6007 Com1",
            "trackCensoredName": "Web Development Fundamentals - SOFT6007 Com1",
            "artistViewUrl": "https://itunes.apple.com/us/artist/cork-institute-of-technology/id1280623049?mt=2&uo=4",
            "collectionViewUrl": "https://itunes.apple.com/us/podcast/web-development-fundamentals-soft6007-com1/id510070709?mt=2&uo=4",
            "feedUrl": "https://deimos.apple.com/WebObjects/Core.woa/GetRSS/cit.ie-dz.13988592001.013988592003?U=http%3A%2F%2Fwww.mycit.ie%2Fitunesu%2Fcolinmanning%2Fsoft6007-com1.xml",
            "trackViewUrl": "https://itunes.apple.com/us/podcast/web-development-fundamentals-soft6007-com1/id510070709?mt=2&uo=4",
            "artworkUrl30": "http://is2.mzstatic.com/image/thumb/Music/v4/b3/84/50/b38450b9-6063-35a6-70e4-d1d2259f96c8/source/30x30bb.jpg",
            "artworkUrl60": "http://is2.mzstatic.com/image/thumb/Music/v4/b3/84/50/b38450b9-6063-35a6-70e4-d1d2259f96c8/source/60x60bb.jpg",
            "artworkUrl100": "http://is2.mzstatic.com/image/thumb/Music/v4/b3/84/50/b38450b9-6063-35a6-70e4-d1d2259f96c8/source/100x100bb.jpg",
            "collectionPrice": 0.00,
            "trackPrice": 0.00,
            "trackRentalPrice": 0,
            "collectionHdPrice": 0,
            "trackHdPrice": 0,
            "trackHdRentalPrice": 0,
            "releaseDate": "2012-01-30T17:13:00Z",
            "collectionExplicitness": "cleaned",
            "trackExplicitness": "cleaned",
            "trackCount": 34,
            "country": "USA",
            "currency": "USD",
            "primaryGenreName": "Technology",
            "contentAdvisoryRating": "Clean",
            "artworkUrl600": "http://is2.mzstatic.com/image/thumb/Music/v4/b3/84/50/b38450b9-6063-35a6-70e4-d1d2259f96c8/source/600x600bb.jpg",
            "genreIds": [
                "1318",
                "26"
            ],
            "genres": [
                "Technology",
                "Podcasts"
            ]
        },
        {
            "wrapperType": "track",
            "kind": "podcast",
            "artistId": 1280772900,
            "collectionId": 557185535,
            "trackId": 557185535,
            "artistName": "Dr. Tony Pittarese, Computer and Information Sciences, http://einstein.etsu.edu/~pittares",
            "collectionName": "Advanced Topics in Web Development - Fall 2012",
            "trackName": "Advanced Topics in Web Development - Fall 2012",
            "collectionCensoredName": "Advanced Topics in Web Development - Fall 2012",
            "trackCensoredName": "Advanced Topics in Web Development - Fall 2012",
            "artistViewUrl": "https://itunes.apple.com/us/artist/east-tennessee-state-university/id1280772900?mt=2&uo=4",
            "collectionViewUrl": "https://itunes.apple.com/us/podcast/advanced-topics-in-web-development-fall-2012/id557185535?mt=2&uo=4",
            "trackViewUrl": "https://itunes.apple.com/us/podcast/advanced-topics-in-web-development-fall-2012/id557185535?mt=2&uo=4",
            "artworkUrl30": "http://is5.mzstatic.com/image/thumb/Music4/v4/68/3d/71/683d7128-8060-412a-35a8-c36ed65165d3/source/30x30bb.jpg",
            "artworkUrl60": "http://is5.mzstatic.com/image/thumb/Music4/v4/68/3d/71/683d7128-8060-412a-35a8-c36ed65165d3/source/60x60bb.jpg",
            "artworkUrl100": "http://is5.mzstatic.com/image/thumb/Music4/v4/68/3d/71/683d7128-8060-412a-35a8-c36ed65165d3/source/100x100bb.jpg",
            "collectionPrice": 0.00,
            "trackPrice": 0.00,
            "trackRentalPrice": 0,
            "collectionHdPrice": 0,
            "trackHdPrice": 0,
            "trackHdRentalPrice": 0,
            "releaseDate": "2012-08-29T15:00:00Z",
            "collectionExplicitness": "notExplicit",
            "trackExplicitness": "notExplicit",
            "trackCount": 11,
            "country": "USA",
            "currency": "USD",
            "primaryGenreName": "Technology",
            "artworkUrl600": "http://is5.mzstatic.com/image/thumb/Music4/v4/68/3d/71/683d7128-8060-412a-35a8-c36ed65165d3/source/600x600bb.jpg",
            "genreIds": [
                "1318",
                "26"
            ],
            "genres": [
                "Technology",
                "Podcasts"
            ]
        },
        {
            "wrapperType": "track",
            "kind": "podcast",
            "collectionId": 269893594,
            "trackId": 269893594,
            "artistName": "OCDevel",
            "collectionName": "OCDevel Web Development Podcast",
            "trackName": "OCDevel Web Development Podcast",
            "collectionCensoredName": "OCDevel Web Development Podcast",
            "trackCensoredName": "OCDevel Web Development Podcast",
            "collectionViewUrl": "https://itunes.apple.com/us/podcast/ocdevel-web-development-podcast/id269893594?mt=2&uo=4",
            "feedUrl": "http://feeds.feedburner.com/WebDevelomentPodcastOcdevel",
            "trackViewUrl": "https://itunes.apple.com/us/podcast/ocdevel-web-development-podcast/id269893594?mt=2&uo=4",
            "artworkUrl30": "http://is4.mzstatic.com/image/thumb/Music6/v4/00/83/44/008344f6-7d9f-2031-39c1-107020839411/source/30x30bb.jpg",
            "artworkUrl60": "http://is4.mzstatic.com/image/thumb/Music6/v4/00/83/44/008344f6-7d9f-2031-39c1-107020839411/source/60x60bb.jpg",
            "artworkUrl100": "http://is4.mzstatic.com/image/thumb/Music6/v4/00/83/44/008344f6-7d9f-2031-39c1-107020839411/source/100x100bb.jpg",
            "collectionPrice": 0.00,
            "trackPrice": 0.00,
            "trackRentalPrice": 0,
            "collectionHdPrice": 0,
            "trackHdPrice": 0,
            "trackHdRentalPrice": 0,
            "releaseDate": "2008-02-27T03:14:00Z",
            "collectionExplicitness": "cleaned",
            "trackExplicitness": "cleaned",
            "trackCount": 8,
            "country": "USA",
            "currency": "USD",
            "primaryGenreName": "Software How-To",
            "contentAdvisoryRating": "Clean",
            "artworkUrl600": "http://is4.mzstatic.com/image/thumb/Music6/v4/00/83/44/008344f6-7d9f-2031-39c1-107020839411/source/600x600bb.jpg",
            "genreIds": [
                "1480",
                "26",
                "1318"
            ],
            "genres": [
                "Software How-To",
                "Podcasts",
                "Technology"
            ]
        },
        {
            "wrapperType": "track",
            "kind": "podcast",
            "collectionId": 914858338,
            "trackId": 914858338,
            "artistName": "Mark Phoenix and Ben Hutchings",
            "collectionName": "Relative Paths | Web Development and stuff like that",
            "trackName": "Relative Paths | Web Development and stuff like that",
            "collectionCensoredName": "Relative Paths | Web Development and stuff like that",
            "trackCensoredName": "Relative Paths | Web Development and stuff like that",
            "collectionViewUrl": "https://itunes.apple.com/us/podcast/relative-paths-web-development-and-stuff-like-that/id914858338?mt=2&uo=4",
            "feedUrl": "http://feeds.soundcloud.com/users/soundcloud:users:120714885/sounds.rss",
            "trackViewUrl": "https://itunes.apple.com/us/podcast/relative-paths-web-development-and-stuff-like-that/id914858338?mt=2&uo=4",
            "artworkUrl30": "http://is4.mzstatic.com/image/thumb/Music62/v4/b6/d8/b2/b6d8b2d5-4ca0-d8b2-01ac-85dd878fffb9/source/30x30bb.jpg",
            "artworkUrl60": "http://is4.mzstatic.com/image/thumb/Music62/v4/b6/d8/b2/b6d8b2d5-4ca0-d8b2-01ac-85dd878fffb9/source/60x60bb.jpg",
            "artworkUrl100": "http://is4.mzstatic.com/image/thumb/Music62/v4/b6/d8/b2/b6d8b2d5-4ca0-d8b2-01ac-85dd878fffb9/source/100x100bb.jpg",
            "collectionPrice": 0.00,
            "trackPrice": 0.00,
            "trackRentalPrice": 0,
            "collectionHdPrice": 0,
            "trackHdPrice": 0,
            "trackHdRentalPrice": 0,
            "releaseDate": "2017-08-15T00:00:00Z",
            "collectionExplicitness": "cleaned",
            "trackExplicitness": "cleaned",
            "trackCount": 52,
            "country": "USA",
            "currency": "USD",
            "primaryGenreName": "Tech News",
            "contentAdvisoryRating": "Clean",
            "artworkUrl600": "http://is4.mzstatic.com/image/thumb/Music62/v4/b6/d8/b2/b6d8b2d5-4ca0-d8b2-01ac-85dd878fffb9/source/600x600bb.jpg",
            "genreIds": [
                "1448",
                "26",
                "1318"
            ],
            "genres": [
                "Tech News",
                "Podcasts",
                "Technology"
            ]
        },
        {
            "wrapperType": "track",
            "kind": "podcast",
            "collectionId": 592527952,
            "trackId": 592527952,
            "artistName": "Peter Bui - Joomla consultant",
            "collectionName": "Joomla Beat Podcast | Web design, development, online marketing, social media & website management",
            "trackName": "Joomla Beat Podcast | Web design, development, online marketing, social media & website management",
            "collectionCensoredName": "Joomla Beat Podcast | Web design, development, online marketing, social media & website management",
            "trackCensoredName": "Joomla Beat Podcast | Web design, development, online marketing, social media & website management",
            "collectionViewUrl": "https://itunes.apple.com/us/podcast/joomla-beat-podcast-web-design-development-online-marketing/id592527952?mt=2&uo=4",
            "feedUrl": "http://feeds.feedburner.com/JoomlaBeat?format=xml",
            "trackViewUrl": "https://itunes.apple.com/us/podcast/joomla-beat-podcast-web-design-development-online-marketing/id592527952?mt=2&uo=4",
            "artworkUrl30": "http://is5.mzstatic.com/image/thumb/Music62/v4/c2/18/17/c21817d9-a1b3-8057-63ac-51410e39dc3c/source/30x30bb.jpg",
            "artworkUrl60": "http://is5.mzstatic.com/image/thumb/Music62/v4/c2/18/17/c21817d9-a1b3-8057-63ac-51410e39dc3c/source/60x60bb.jpg",
            "artworkUrl100": "http://is5.mzstatic.com/image/thumb/Music62/v4/c2/18/17/c21817d9-a1b3-8057-63ac-51410e39dc3c/source/100x100bb.jpg",
            "collectionPrice": 0.00,
            "trackPrice": 0.00,
            "trackRentalPrice": 0,
            "collectionHdPrice": 0,
            "trackHdPrice": 0,
            "trackHdRentalPrice": 0,
            "releaseDate": "2016-06-10T07:07:00Z",
            "collectionExplicitness": "cleaned",
            "trackExplicitness": "cleaned",
            "trackCount": 106,
            "country": "USA",
            "currency": "USD",
            "primaryGenreName": "Tech News",
            "contentAdvisoryRating": "Clean",
            "artworkUrl600": "http://is5.mzstatic.com/image/thumb/Music62/v4/c2/18/17/c21817d9-a1b3-8057-63ac-51410e39dc3c/source/600x600bb.jpg",
            "genreIds": [
                "1448",
                "26",
                "1318",
                "1480",
                "1321",
                "1413"
            ],
            "genres": [
                "Tech News",
                "Podcasts",
                "Technology",
                "Software How-To",
                "Business",
                "Management & Marketing"
            ]
        },
        {
            "wrapperType": "track",
            "kind": "podcast",
            "artistId": 1280623049,
            "collectionId": 510344133,
            "trackId": 510344133,
            "artistName": "Colin Manning",
            "collectionName": "Interactive Web Development - SOFT6008",
            "trackName": "Interactive Web Development - SOFT6008",
            "collectionCensoredName": "Interactive Web Development - SOFT6008",
            "trackCensoredName": "Interactive Web Development - SOFT6008",
            "artistViewUrl": "https://itunes.apple.com/us/artist/cork-institute-of-technology/id1280623049?mt=2&uo=4",
            "collectionViewUrl": "https://itunes.apple.com/us/podcast/interactive-web-development-soft6008/id510344133?mt=2&uo=4",
            "feedUrl": "https://deimos.apple.com/WebObjects/Core.woa/GetRSS/cit.ie-dz.14018921156.014018921158?U=http%3A%2F%2Fwww.mycit.ie%2Fitunesu%2Fcolinmanning%2Fsoft6008.xml",
            "trackViewUrl": "https://itunes.apple.com/us/podcast/interactive-web-development-soft6008/id510344133?mt=2&uo=4",
            "artworkUrl30": "http://is4.mzstatic.com/image/thumb/Music/v4/2b/fc/15/2bfc1505-7d49-3d4d-31f8-a48e5c52c855/source/30x30bb.jpg",
            "artworkUrl60": "http://is4.mzstatic.com/image/thumb/Music/v4/2b/fc/15/2bfc1505-7d49-3d4d-31f8-a48e5c52c855/source/60x60bb.jpg",
            "artworkUrl100": "http://is4.mzstatic.com/image/thumb/Music/v4/2b/fc/15/2bfc1505-7d49-3d4d-31f8-a48e5c52c855/source/100x100bb.jpg",
            "collectionPrice": 0.00,
            "trackPrice": 0.00,
            "trackRentalPrice": 0,
            "collectionHdPrice": 0,
            "trackHdPrice": 0,
            "trackHdRentalPrice": 0,
            "releaseDate": "2012-03-29T10:59:00Z",
            "collectionExplicitness": "cleaned",
            "trackExplicitness": "cleaned",
            "trackCount": 13,
            "country": "USA",
            "currency": "USD",
            "primaryGenreName": "Technology",
            "contentAdvisoryRating": "Clean",
            "artworkUrl600": "http://is4.mzstatic.com/image/thumb/Music/v4/2b/fc/15/2bfc1505-7d49-3d4d-31f8-a48e5c52c855/source/600x600bb.jpg",
            "genreIds": [
                "1318",
                "26"
            ],
            "genres": [
                "Technology",
                "Podcasts"
            ]
        },
        {
            "wrapperType": "track",
            "kind": "podcast",
            "collectionId": 382733425,
            "trackId": 382733425,
            "artistName": "Marc Grabanski",
            "collectionName": "Open Web Developers Podcast – Web Development Inspiration",
            "trackName": "Open Web Developers Podcast – Web Development Inspiration",
            "collectionCensoredName": "Open Web Developers Podcast – Web Development Inspiration",
            "trackCensoredName": "Open Web Developers Podcast – Web Development Inspiration",
            "collectionViewUrl": "https://itunes.apple.com/us/podcast/open-web-developers-podcast-web-development-inspiration/id382733425?mt=2&uo=4",
            "feedUrl": "http://feeds.feedburner.com/OpenWebDevs",
            "trackViewUrl": "https://itunes.apple.com/us/podcast/open-web-developers-podcast-web-development-inspiration/id382733425?mt=2&uo=4",
            "artworkUrl30": "http://is4.mzstatic.com/image/thumb/Music/v4/6c/63/16/6c631648-c051-6575-44e8-820f920b9f22/source/30x30bb.jpg",
            "artworkUrl60": "http://is4.mzstatic.com/image/thumb/Music/v4/6c/63/16/6c631648-c051-6575-44e8-820f920b9f22/source/60x60bb.jpg",
            "artworkUrl100": "http://is4.mzstatic.com/image/thumb/Music/v4/6c/63/16/6c631648-c051-6575-44e8-820f920b9f22/source/100x100bb.jpg",
            "collectionPrice": 0.00,
            "trackPrice": 0.00,
            "trackRentalPrice": 0,
            "collectionHdPrice": 0,
            "trackHdPrice": 0,
            "trackHdRentalPrice": 0,
            "releaseDate": "2010-09-07T19:44:00Z",
            "collectionExplicitness": "cleaned",
            "trackExplicitness": "cleaned",
            "trackCount": 3,
            "country": "USA",
            "currency": "USD",
            "primaryGenreName": "Software How-To",
            "contentAdvisoryRating": "Clean",
            "artworkUrl600": "http://is4.mzstatic.com/image/thumb/Music/v4/6c/63/16/6c631648-c051-6575-44e8-820f920b9f22/source/600x600bb.jpg",
            "genreIds": [
                "1480",
                "26",
                "1318",
                "1448",
                "1450"
            ],
            "genres": [
                "Software How-To",
                "Podcasts",
                "Technology",
                "Tech News",
                "Podcasting"
            ]
        },
        {
            "wrapperType": "track",
            "kind": "podcast",
            "collectionId": 398796411,
            "trackId": 398796411,
            "artistName": "CU Village.com Web Development",
            "collectionName": "Your Money Matters PodCasts",
            "trackName": "Your Money Matters PodCasts",
            "collectionCensoredName": "Your Money Matters PodCasts",
            "trackCensoredName": "Your Money Matters PodCasts",
            "collectionViewUrl": "https://itunes.apple.com/us/podcast/your-money-matters-podcasts/id398796411?mt=2&uo=4",
            "feedUrl": "http://podcast.cu-village.com/pod.php?clientid=honorcu&category=3",
            "trackViewUrl": "https://itunes.apple.com/us/podcast/your-money-matters-podcasts/id398796411?mt=2&uo=4",
            "artworkUrl30": "http://is4.mzstatic.com/image/thumb/Music6/v4/00/83/44/008344f6-7d9f-2031-39c1-107020839411/source/30x30bb.jpg",
            "artworkUrl60": "http://is4.mzstatic.com/image/thumb/Music6/v4/00/83/44/008344f6-7d9f-2031-39c1-107020839411/source/60x60bb.jpg",
            "artworkUrl100": "http://is4.mzstatic.com/image/thumb/Music6/v4/00/83/44/008344f6-7d9f-2031-39c1-107020839411/source/100x100bb.jpg",
            "collectionPrice": 0.00,
            "trackPrice": 0.00,
            "trackRentalPrice": 0,
            "collectionHdPrice": 0,
            "trackHdPrice": 0,
            "trackHdRentalPrice": 0,
            "releaseDate": "2017-10-02T08:51:00Z",
            "collectionExplicitness": "notExplicit",
            "trackExplicitness": "notExplicit",
            "trackCount": 204,
            "country": "USA",
            "currency": "USD",
            "primaryGenreName": "Education",
            "artworkUrl600": "http://is4.mzstatic.com/image/thumb/Music6/v4/00/83/44/008344f6-7d9f-2031-39c1-107020839411/source/600x600bb.jpg",
            "genreIds": [
                "1304",
                "26",
                "1468"
            ],
            "genres": [
                "Education",
                "Podcasts",
                "Educational Technology"
            ]
        },
        {
            "wrapperType": "track",
            "kind": "podcast",
            "collectionId": 1126812740,
            "trackId": 1126812740,
            "artistName": "Web Design Development Agency business advice",
            "collectionName": "Web Design Therapy",
            "trackName": "Web Design Therapy",
            "collectionCensoredName": "Web Design Therapy",
            "trackCensoredName": "Web Design Therapy",
            "collectionViewUrl": "https://itunes.apple.com/us/podcast/web-design-therapy/id1126812740?mt=2&uo=4",
            "feedUrl": "http://feeds.feedburner.com/WebDesignTherapy",
            "trackViewUrl": "https://itunes.apple.com/us/podcast/web-design-therapy/id1126812740?mt=2&uo=4",
            "artworkUrl30": "http://is3.mzstatic.com/image/thumb/Music62/v4/e7/f2/0d/e7f20d70-9d27-c3c5-8274-9b1a29457970/source/30x30bb.jpg",
            "artworkUrl60": "http://is3.mzstatic.com/image/thumb/Music62/v4/e7/f2/0d/e7f20d70-9d27-c3c5-8274-9b1a29457970/source/60x60bb.jpg",
            "artworkUrl100": "http://is3.mzstatic.com/image/thumb/Music62/v4/e7/f2/0d/e7f20d70-9d27-c3c5-8274-9b1a29457970/source/100x100bb.jpg",
            "collectionPrice": 0.00,
            "trackPrice": 0.00,
            "trackRentalPrice": 0,
            "collectionHdPrice": 0,
            "trackHdPrice": 0,
            "trackHdRentalPrice": 0,
            "releaseDate": "2016-06-23T09:41:00Z",
            "collectionExplicitness": "cleaned",
            "trackExplicitness": "cleaned",
            "trackCount": 3,
            "country": "USA",
            "currency": "USD",
            "primaryGenreName": "Management & Marketing",
            "contentAdvisoryRating": "Clean",
            "artworkUrl600": "http://is3.mzstatic.com/image/thumb/Music62/v4/e7/f2/0d/e7f20d70-9d27-c3c5-8274-9b1a29457970/source/600x600bb.jpg",
            "genreIds": [
                "1413",
                "26",
                "1321"
            ],
            "genres": [
                "Management & Marketing",
                "Podcasts",
                "Business"
            ]
        },
        {
            "wrapperType": "track",
            "kind": "podcast",
            "artistId": 1280675318,
            "collectionId": 405934709,
            "trackId": 405934709,
            "artistName": "Center for the Comparative Study of Metropolitan Growth",
            "collectionName": "Untangling the Web of Urban Development - Conference",
            "trackName": "Untangling the Web of Urban Development - Conference",
            "collectionCensoredName": "Untangling the Web of Urban Development - Conference",
            "trackCensoredName": "Untangling the Web of Urban Development - Conference",
            "artistViewUrl": "https://itunes.apple.com/us/artist/georgia-state-university/id1280675318?mt=2&uo=4",
            "collectionViewUrl": "https://itunes.apple.com/us/podcast/untangling-the-web-of-urban-development-conference/id405934709?mt=2&uo=4",
            "trackViewUrl": "https://itunes.apple.com/us/podcast/untangling-the-web-of-urban-development-conference/id405934709?mt=2&uo=4",
            "artworkUrl30": "http://is1.mzstatic.com/image/thumb/Music6/v4/3e/ff/0a/3eff0a05-e1fa-1427-2911-1a292b856601/source/30x30bb.jpg",
            "artworkUrl60": "http://is1.mzstatic.com/image/thumb/Music6/v4/3e/ff/0a/3eff0a05-e1fa-1427-2911-1a292b856601/source/60x60bb.jpg",
            "artworkUrl100": "http://is1.mzstatic.com/image/thumb/Music6/v4/3e/ff/0a/3eff0a05-e1fa-1427-2911-1a292b856601/source/100x100bb.jpg",
            "collectionPrice": 0.00,
            "trackPrice": 0.00,
            "trackRentalPrice": 0,
            "collectionHdPrice": 0,
            "trackHdPrice": 0,
            "trackHdRentalPrice": 0,
            "releaseDate": "2008-06-24T19:25:00Z",
            "collectionExplicitness": "notExplicit",
            "trackExplicitness": "notExplicit",
            "trackCount": 6,
            "country": "USA",
            "currency": "USD",
            "primaryGenreName": "News & Politics",
            "artworkUrl600": "http://is1.mzstatic.com/image/thumb/Music6/v4/3e/ff/0a/3eff0a05-e1fa-1427-2911-1a292b856601/source/600x600bb.jpg",
            "genreIds": [
                "1311",
                "26"
            ],
            "genres": [
                "News & Politics",
                "Podcasts"
            ]
        },
        {
            "wrapperType": "track",
            "kind": "podcast",
            "collectionId": 399208936,
            "trackId": 399208936,
            "artistName": "Trevor Tye, Daelan Wood",
            "collectionName": "This Week In Web Development",
            "trackName": "This Week In Web Development",
            "collectionCensoredName": "This Week In Web Development",
            "trackCensoredName": "This Week In Web Development",
            "collectionViewUrl": "https://itunes.apple.com/us/podcast/this-week-in-web-development/id399208936?mt=2&uo=4",
            "feedUrl": "http://www.optionkey.ca/webcasts/twiwd/podcast.xml",
            "trackViewUrl": "https://itunes.apple.com/us/podcast/this-week-in-web-development/id399208936?mt=2&uo=4",
            "artworkUrl30": "http://is5.mzstatic.com/image/thumb/Music/v4/bd/cb/9a/bdcb9a41-64be-1355-e3bd-ff9e77be0c9c/source/30x30bb.jpg",
            "artworkUrl60": "http://is5.mzstatic.com/image/thumb/Music/v4/bd/cb/9a/bdcb9a41-64be-1355-e3bd-ff9e77be0c9c/source/60x60bb.jpg",
            "artworkUrl100": "http://is5.mzstatic.com/image/thumb/Music/v4/bd/cb/9a/bdcb9a41-64be-1355-e3bd-ff9e77be0c9c/source/100x100bb.jpg",
            "collectionPrice": 0.00,
            "trackPrice": 0.00,
            "trackRentalPrice": 0,
            "collectionHdPrice": 0,
            "trackHdPrice": 0,
            "trackHdRentalPrice": 0,
            "releaseDate": "2010-11-01T20:58:00Z",
            "collectionExplicitness": "cleaned",
            "trackExplicitness": "cleaned",
            "trackCount": 2,
            "country": "USA",
            "currency": "USD",
            "primaryGenreName": "Software How-To",
            "contentAdvisoryRating": "Clean",
            "artworkUrl600": "http://is5.mzstatic.com/image/thumb/Music/v4/bd/cb/9a/bdcb9a41-64be-1355-e3bd-ff9e77be0c9c/source/600x600bb.jpg",
            "genreIds": [
                "1480",
                "26",
                "1318"
            ],
            "genres": [
                "Software How-To",
                "Podcasts",
                "Technology"
            ]
        },
        {
            "wrapperType": "track",
            "kind": "podcast",
            "collectionId": 305033641,
            "trackId": 305033641,
            "artistName": "Colin Manning",
            "collectionName": "Cork Institute of Technology: Computing: SOFT6007 Web Development Fundamentals",
            "trackName": "Cork Institute of Technology: Computing: SOFT6007 Web Development Fundamentals",
            "collectionCensoredName": "Cork Institute of Technology: Computing: SOFT6007 Web Development Fundamentals",
            "trackCensoredName": "Cork Institute of Technology: Computing: SOFT6007 Web Development Fundamentals",
            "collectionViewUrl": "https://itunes.apple.com/us/podcast/cork-institute-technology-computing-soft6007-web-development/id305033641?mt=2&uo=4",
            "feedUrl": "http://mcom.cit.ie/staff/Computing/CManning/soft6007.xml",
            "trackViewUrl": "https://itunes.apple.com/us/podcast/cork-institute-technology-computing-soft6007-web-development/id305033641?mt=2&uo=4",
            "artworkUrl30": "http://is1.mzstatic.com/image/thumb/Music62/v4/b5/de/da/b5deda61-0b77-41e3-04ca-0eb288ab1d7c/source/30x30bb.jpg",
            "artworkUrl60": "http://is1.mzstatic.com/image/thumb/Music62/v4/b5/de/da/b5deda61-0b77-41e3-04ca-0eb288ab1d7c/source/60x60bb.jpg",
            "artworkUrl100": "http://is1.mzstatic.com/image/thumb/Music62/v4/b5/de/da/b5deda61-0b77-41e3-04ca-0eb288ab1d7c/source/100x100bb.jpg",
            "collectionPrice": 0.00,
            "trackPrice": 0.00,
            "trackRentalPrice": 0,
            "collectionHdPrice": 0,
            "trackHdPrice": 0,
            "trackHdRentalPrice": 0,
            "releaseDate": "2011-02-28T17:05:00Z",
            "collectionExplicitness": "notExplicit",
            "trackExplicitness": "notExplicit",
            "trackCount": 63,
            "country": "USA",
            "currency": "USD",
            "primaryGenreName": "Higher Education",
            "artworkUrl600": "http://is1.mzstatic.com/image/thumb/Music62/v4/b5/de/da/b5deda61-0b77-41e3-04ca-0eb288ab1d7c/source/600x600bb.jpg",
            "genreIds": [
                "1416",
                "26",
                "1304"
            ],
            "genres": [
                "Higher Education",
                "Podcasts",
                "Education"
            ]
        },
        {
            "wrapperType": "track",
            "kind": "podcast",
            "collectionId": 1021502818,
            "trackId": 1021502818,
            "artistName": "Dave Naves",
            "collectionName": "The Web in Plain English - by Dave Naves of Daveworks Web Development",
            "trackName": "The Web in Plain English - by Dave Naves of Daveworks Web Development",
            "collectionCensoredName": "The Web in Plain English - by Dave Naves of Daveworks Web Development",
            "trackCensoredName": "The Web in Plain English - by Dave Naves of Daveworks Web Development",
            "collectionViewUrl": "https://itunes.apple.com/us/podcast/web-in-plain-english-by-dave-naves-daveworks-web-development/id1021502818?mt=2&uo=4",
            "feedUrl": "http://daveworks.net/web-design-development-tips/feed/podcast/",
            "trackViewUrl": "https://itunes.apple.com/us/podcast/web-in-plain-english-by-dave-naves-daveworks-web-development/id1021502818?mt=2&uo=4",
            "artworkUrl30": "http://is1.mzstatic.com/image/thumb/Music71/v4/6b/ec/53/6bec535b-1407-0b56-b8a1-9466e44f21a7/source/30x30bb.jpg",
            "artworkUrl60": "http://is1.mzstatic.com/image/thumb/Music71/v4/6b/ec/53/6bec535b-1407-0b56-b8a1-9466e44f21a7/source/60x60bb.jpg",
            "artworkUrl100": "http://is1.mzstatic.com/image/thumb/Music71/v4/6b/ec/53/6bec535b-1407-0b56-b8a1-9466e44f21a7/source/100x100bb.jpg",
            "collectionPrice": 0.00,
            "trackPrice": 0.00,
            "trackRentalPrice": 0,
            "collectionHdPrice": 0,
            "trackHdPrice": 0,
            "trackHdRentalPrice": 0,
            "releaseDate": "2017-03-25T03:33:00Z",
            "collectionExplicitness": "cleaned",
            "trackExplicitness": "cleaned",
            "trackCount": 27,
            "country": "USA",
            "currency": "USD",
            "primaryGenreName": "Software How-To",
            "contentAdvisoryRating": "Clean",
            "artworkUrl600": "http://is1.mzstatic.com/image/thumb/Music71/v4/6b/ec/53/6bec535b-1407-0b56-b8a1-9466e44f21a7/source/600x600bb.jpg",
            "genreIds": [
                "1480",
                "26",
                "1318",
                "1304",
                "1321",
                "1413"
            ],
            "genres": [
                "Software How-To",
                "Podcasts",
                "Technology",
                "Education",
                "Business",
                "Management & Marketing"
            ]
        },
        {
            "wrapperType": "track",
            "kind": "podcast",
            "collectionId": 940045345,
            "trackId": 940045345,
            "artistName": "Karmabunny",
            "collectionName": "Web Tales: Web Design & Development. A Small Agency perspective.",
            "trackName": "Web Tales: Web Design & Development. A Small Agency perspective.",
            "collectionCensoredName": "Web Tales: Web Design & Development. A Small Agency perspective.",
            "trackCensoredName": "Web Tales: Web Design & Development. A Small Agency perspective.",
            "collectionViewUrl": "https://itunes.apple.com/us/podcast/web-tales-web-design-development-small-agency-perspective/id940045345?mt=2&uo=4",
            "feedUrl": "http://karmabunny.libsyn.com/rss",
            "trackViewUrl": "https://itunes.apple.com/us/podcast/web-tales-web-design-development-small-agency-perspective/id940045345?mt=2&uo=4",
            "artworkUrl30": "http://is3.mzstatic.com/image/thumb/Music62/v4/09/fd/05/09fd0530-0ea7-3a96-a623-afdee901eb1d/source/30x30bb.jpg",
            "artworkUrl60": "http://is3.mzstatic.com/image/thumb/Music62/v4/09/fd/05/09fd0530-0ea7-3a96-a623-afdee901eb1d/source/60x60bb.jpg",
            "artworkUrl100": "http://is3.mzstatic.com/image/thumb/Music62/v4/09/fd/05/09fd0530-0ea7-3a96-a623-afdee901eb1d/source/100x100bb.jpg",
            "collectionPrice": 0.00,
            "trackPrice": 0.00,
            "trackRentalPrice": 0,
            "collectionHdPrice": 0,
            "trackHdPrice": 0,
            "trackHdRentalPrice": 0,
            "releaseDate": "2014-12-16T11:55:00Z",
            "collectionExplicitness": "cleaned",
            "trackExplicitness": "cleaned",
            "trackCount": 4,
            "country": "USA",
            "currency": "USD",
            "primaryGenreName": "Tech News",
            "contentAdvisoryRating": "Clean",
            "artworkUrl600": "http://is3.mzstatic.com/image/thumb/Music62/v4/09/fd/05/09fd0530-0ea7-3a96-a623-afdee901eb1d/source/600x600bb.jpg",
            "genreIds": [
                "1448",
                "26",
                "1318"
            ],
            "genres": [
                "Tech News",
                "Podcasts",
                "Technology"
            ]
        },
        {
            "wrapperType": "track",
            "kind": "podcast",
            "collectionId": 305033702,
            "trackId": 305033702,
            "artistName": "Colin Manning",
            "collectionName": "Cork Institute of Technology: Computing: SOFT6008 Interactive Web Development",
            "trackName": "Cork Institute of Technology: Computing: SOFT6008 Interactive Web Development",
            "collectionCensoredName": "Cork Institute of Technology: Computing: SOFT6008 Interactive Web Development",
            "trackCensoredName": "Cork Institute of Technology: Computing: SOFT6008 Interactive Web Development",
            "collectionViewUrl": "https://itunes.apple.com/us/podcast/cork-institute-technology-computing-soft6008-interactive/id305033702?mt=2&uo=4",
            "feedUrl": "http://mcom.cit.ie/staff/Computing/CManning/soft6008.xml",
            "trackViewUrl": "https://itunes.apple.com/us/podcast/cork-institute-technology-computing-soft6008-interactive/id305033702?mt=2&uo=4",
            "artworkUrl30": "http://is4.mzstatic.com/image/thumb/Music71/v4/65/dd/5b/65dd5bb5-cf08-6a29-737c-68400507998d/source/30x30bb.jpg",
            "artworkUrl60": "http://is4.mzstatic.com/image/thumb/Music71/v4/65/dd/5b/65dd5bb5-cf08-6a29-737c-68400507998d/source/60x60bb.jpg",
            "artworkUrl100": "http://is4.mzstatic.com/image/thumb/Music71/v4/65/dd/5b/65dd5bb5-cf08-6a29-737c-68400507998d/source/100x100bb.jpg",
            "collectionPrice": 0.00,
            "trackPrice": 0.00,
            "trackRentalPrice": 0,
            "collectionHdPrice": 0,
            "trackHdPrice": 0,
            "trackHdRentalPrice": 0,
            "releaseDate": "2011-03-31T17:05:00Z",
            "collectionExplicitness": "notExplicit",
            "trackExplicitness": "notExplicit",
            "trackCount": 49,
            "country": "USA",
            "currency": "USD",
            "primaryGenreName": "Higher Education",
            "artworkUrl600": "http://is4.mzstatic.com/image/thumb/Music71/v4/65/dd/5b/65dd5bb5-cf08-6a29-737c-68400507998d/source/600x600bb.jpg",
            "genreIds": [
                "1416",
                "26",
                "1304"
            ],
            "genres": [
                "Higher Education",
                "Podcasts",
                "Education"
            ]
        },
        {
            "wrapperType": "track",
            "kind": "podcast",
            "artistId": 1280675318,
            "collectionId": 405938393,
            "trackId": 405938393,
            "artistName": "Instructor:",
            "collectionName": "Topics in Law - Untangling the Web of Urban Development Seminar",
            "trackName": "Topics in Law - Untangling the Web of Urban Development Seminar",
            "collectionCensoredName": "Topics in Law - Untangling the Web of Urban Development Seminar",
            "trackCensoredName": "Topics in Law - Untangling the Web of Urban Development Seminar",
            "artistViewUrl": "https://itunes.apple.com/us/artist/georgia-state-university/id1280675318?mt=2&uo=4",
            "collectionViewUrl": "https://itunes.apple.com/us/podcast/topics-in-law-untangling-web-urban-development-seminar/id405938393?mt=2&uo=4",
            "trackViewUrl": "https://itunes.apple.com/us/podcast/topics-in-law-untangling-web-urban-development-seminar/id405938393?mt=2&uo=4",
            "artworkUrl30": "http://is4.mzstatic.com/image/thumb/Music/v4/6c/37/0f/6c370f5a-38d2-a3f2-3bac-35a8b3fca118/source/30x30bb.jpg",
            "artworkUrl60": "http://is4.mzstatic.com/image/thumb/Music/v4/6c/37/0f/6c370f5a-38d2-a3f2-3bac-35a8b3fca118/source/60x60bb.jpg",
            "artworkUrl100": "http://is4.mzstatic.com/image/thumb/Music/v4/6c/37/0f/6c370f5a-38d2-a3f2-3bac-35a8b3fca118/source/100x100bb.jpg",
            "collectionPrice": 0.00,
            "trackPrice": 0.00,
            "trackRentalPrice": 0,
            "collectionHdPrice": 0,
            "trackHdPrice": 0,
            "trackHdRentalPrice": 0,
            "releaseDate": "2010-07-28T17:29:00Z",
            "collectionExplicitness": "notExplicit",
            "trackExplicitness": "notExplicit",
            "trackCount": 5,
            "country": "USA",
            "currency": "USD",
            "primaryGenreName": "Society & Culture",
            "artworkUrl600": "http://is4.mzstatic.com/image/thumb/Music/v4/6c/37/0f/6c370f5a-38d2-a3f2-3bac-35a8b3fca118/source/600x600bb.jpg",
            "genreIds": [
                "1324",
                "26"
            ],
            "genres": [
                "Society & Culture",
                "Podcasts"
            ]
        },
        {
            "wrapperType": "track",
            "kind": "podcast",
            "collectionId": 1169608073,
            "trackId": 1169608073,
            "artistName": "Meadowbright",
            "collectionName": "Meadowbright - Web development for nonprofits",
            "trackName": "Meadowbright - Web development for nonprofits",
            "collectionCensoredName": "Meadowbright - Web development for nonprofits",
            "trackCensoredName": "Meadowbright - Web development for nonprofits",
            "collectionViewUrl": "https://itunes.apple.com/us/podcast/meadowbright-web-development-for-nonprofits/id1169608073?mt=2&uo=4",
            "feedUrl": "http://feeds.soundcloud.com/users/soundcloud:users:10538406/sounds.rss",
            "trackViewUrl": "https://itunes.apple.com/us/podcast/meadowbright-web-development-for-nonprofits/id1169608073?mt=2&uo=4",
            "artworkUrl30": "http://is1.mzstatic.com/image/thumb/Music71/v4/97/d3/65/97d36550-9366-760f-d7c3-98b112af0b28/source/30x30bb.jpg",
            "artworkUrl60": "http://is1.mzstatic.com/image/thumb/Music71/v4/97/d3/65/97d36550-9366-760f-d7c3-98b112af0b28/source/60x60bb.jpg",
            "artworkUrl100": "http://is1.mzstatic.com/image/thumb/Music71/v4/97/d3/65/97d36550-9366-760f-d7c3-98b112af0b28/source/100x100bb.jpg",
            "collectionPrice": 0.00,
            "trackPrice": 0.00,
            "trackRentalPrice": 0,
            "collectionHdPrice": 0,
            "trackHdPrice": 0,
            "trackHdRentalPrice": 0,
            "releaseDate": "2016-12-05T15:54:00Z",
            "collectionExplicitness": "cleaned",
            "trackExplicitness": "cleaned",
            "trackCount": 6,
            "country": "USA",
            "currency": "USD",
            "primaryGenreName": "Technology",
            "contentAdvisoryRating": "Clean",
            "artworkUrl600": "http://is1.mzstatic.com/image/thumb/Music71/v4/97/d3/65/97d36550-9366-760f-d7c3-98b112af0b28/source/600x600bb.jpg",
            "genreIds": [
                "1318",
                "26"
            ],
            "genres": [
                "Technology",
                "Podcasts"
            ]
        },
        {
            "wrapperType": "track",
            "kind": "podcast",
            "artistId": 1280675318,
            "collectionId": 405934537,
            "trackId": 405934537,
            "artistName": "J. Mack Robinson College of Business",
            "collectionName": "Center for the Comparative Study of Metropolitan Growth - Untangling the Web of Urban Development",
            "trackName": "Center for the Comparative Study of Metropolitan Growth - Untangling the Web of Urban Development",
            "collectionCensoredName": "Center for the Comparative Study of Metropolitan Growth - Untangling the Web of Urban Development",
            "trackCensoredName": "Center for the Comparative Study of Metropolitan Growth - Untangling the Web of Urban Development",
            "artistViewUrl": "https://itunes.apple.com/us/artist/georgia-state-university/id1280675318?mt=2&uo=4",
            "collectionViewUrl": "https://itunes.apple.com/us/podcast/center-for-comparative-study-metropolitan-growth-untangling/id405934537?mt=2&uo=4",
            "trackViewUrl": "https://itunes.apple.com/us/podcast/center-for-comparative-study-metropolitan-growth-untangling/id405934537?mt=2&uo=4",
            "artworkUrl30": "http://is4.mzstatic.com/image/thumb/Music/v4/fc/bd/31/fcbd3171-1916-d80a-5639-c66781343a8e/source/30x30bb.jpg",
            "artworkUrl60": "http://is4.mzstatic.com/image/thumb/Music/v4/fc/bd/31/fcbd3171-1916-d80a-5639-c66781343a8e/source/60x60bb.jpg",
            "artworkUrl100": "http://is4.mzstatic.com/image/thumb/Music/v4/fc/bd/31/fcbd3171-1916-d80a-5639-c66781343a8e/source/100x100bb.jpg",
            "collectionPrice": 0.00,
            "trackPrice": 0.00,
            "trackRentalPrice": 0,
            "collectionHdPrice": 0,
            "trackHdPrice": 0,
            "trackHdRentalPrice": 0,
            "releaseDate": "2008-03-18T16:11:00Z",
            "collectionExplicitness": "notExplicit",
            "trackExplicitness": "notExplicit",
            "trackCount": 6,
            "country": "USA",
            "currency": "USD",
            "primaryGenreName": "Society & Culture",
            "artworkUrl600": "http://is4.mzstatic.com/image/thumb/Music/v4/fc/bd/31/fcbd3171-1916-d80a-5639-c66781343a8e/source/600x600bb.jpg",
            "genreIds": [
                "1324",
                "26"
            ],
            "genres": [
                "Society & Culture",
                "Podcasts"
            ]
        },
        {
            "wrapperType": "track",
            "kind": "podcast",
            "collectionId": 1170067590,
            "trackId": 1170067590,
            "artistName": "Checkerboard Strategic Web Development",
            "collectionName": "The Checkerboard Design and Marketing Podcast",
            "trackName": "The Checkerboard Design and Marketing Podcast",
            "collectionCensoredName": "The Checkerboard Design and Marketing Podcast",
            "trackCensoredName": "The Checkerboard Design and Marketing Podcast",
            "collectionViewUrl": "https://itunes.apple.com/us/podcast/the-checkerboard-design-and-marketing-podcast/id1170067590?mt=2&uo=4",
            "feedUrl": "http://feeds.feedburner.com/TheCheckerboardPodcast",
            "trackViewUrl": "https://itunes.apple.com/us/podcast/the-checkerboard-design-and-marketing-podcast/id1170067590?mt=2&uo=4",
            "artworkUrl30": "http://is2.mzstatic.com/image/thumb/Music111/v4/fe/a2/38/fea2383b-14cd-99d7-9bec-3312b87ce1eb/source/30x30bb.jpg",
            "artworkUrl60": "http://is2.mzstatic.com/image/thumb/Music111/v4/fe/a2/38/fea2383b-14cd-99d7-9bec-3312b87ce1eb/source/60x60bb.jpg",
            "artworkUrl100": "http://is2.mzstatic.com/image/thumb/Music111/v4/fe/a2/38/fea2383b-14cd-99d7-9bec-3312b87ce1eb/source/100x100bb.jpg",
            "collectionPrice": 0.00,
            "trackPrice": 0.00,
            "trackRentalPrice": 0,
            "collectionHdPrice": 0,
            "trackHdPrice": 0,
            "trackHdRentalPrice": 0,
            "releaseDate": "2017-08-03T13:00:00Z",
            "collectionExplicitness": "cleaned",
            "trackExplicitness": "cleaned",
            "trackCount": 17,
            "country": "USA",
            "currency": "USD",
            "primaryGenreName": "Management & Marketing",
            "contentAdvisoryRating": "Clean",
            "artworkUrl600": "http://is2.mzstatic.com/image/thumb/Music111/v4/fe/a2/38/fea2383b-14cd-99d7-9bec-3312b87ce1eb/source/600x600bb.jpg",
            "genreIds": [
                "1413",
                "26",
                "1321",
                "1301",
                "1402",
                "1318"
            ],
            "genres": [
                "Management & Marketing",
                "Podcasts",
                "Business",
                "Arts",
                "Design",
                "Technology"
            ]
        },
        {
            "wrapperType": "track",
            "kind": "podcast",
            "artistId": 1280681418,
            "collectionId": 563506554,
            "trackId": 563506554,
            "artistName": "Web & Media Resources",
            "collectionName": "Fast Forward Professional Development Event 2012",
            "trackName": "Fast Forward Professional Development Event 2012",
            "collectionCensoredName": "Fast Forward Professional Development Event 2012",
            "trackCensoredName": "Fast Forward Professional Development Event 2012",
            "artistViewUrl": "https://itunes.apple.com/us/artist/broome-community-college/id1280681418?mt=2&uo=4",
            "collectionViewUrl": "https://itunes.apple.com/us/podcast/fast-forward-professional-development-event-2012/id563506554?mt=2&uo=4",
            "trackViewUrl": "https://itunes.apple.com/us/podcast/fast-forward-professional-development-event-2012/id563506554?mt=2&uo=4",
            "artworkUrl30": "http://is4.mzstatic.com/image/thumb/Music6/v4/00/83/44/008344f6-7d9f-2031-39c1-107020839411/source/30x30bb.jpg",
            "artworkUrl60": "http://is4.mzstatic.com/image/thumb/Music6/v4/00/83/44/008344f6-7d9f-2031-39c1-107020839411/source/60x60bb.jpg",
            "artworkUrl100": "http://is4.mzstatic.com/image/thumb/Music6/v4/00/83/44/008344f6-7d9f-2031-39c1-107020839411/source/100x100bb.jpg",
            "collectionPrice": 0.00,
            "trackPrice": 0.00,
            "trackRentalPrice": 0,
            "collectionHdPrice": 0,
            "trackHdPrice": 0,
            "trackHdRentalPrice": 0,
            "releaseDate": "2012-09-19T13:43:00Z",
            "collectionExplicitness": "notExplicit",
            "trackExplicitness": "notExplicit",
            "trackCount": 1,
            "country": "USA",
            "currency": "USD",
            "primaryGenreName": "Education",
            "artworkUrl600": "http://is4.mzstatic.com/image/thumb/Music6/v4/00/83/44/008344f6-7d9f-2031-39c1-107020839411/source/600x600bb.jpg",
            "genreIds": [
                "1304",
                "26"
            ],
            "genres": [
                "Education",
                "Podcasts"
            ]
        },
        {
            "wrapperType": "track",
            "kind": "podcast",
            "collectionId": 702766898,
            "trackId": 702766898,
            "artistName": "DanteCiolfi",
            "collectionName": "Web Development-Mobile App Development",
            "trackName": "Web Development-Mobile App Development",
            "collectionCensoredName": "Web Development-Mobile App Development",
            "trackCensoredName": "Web Development-Mobile App Development",
            "collectionViewUrl": "https://itunes.apple.com/us/podcast/web-development-mobile-app-development/id702766898?mt=2&uo=4",
            "feedUrl": "http://www.screencast.com/users/DanteCiolfi/folders/Web+Development-Mobile+App+Development/itunes",
            "trackViewUrl": "https://itunes.apple.com/us/podcast/web-development-mobile-app-development/id702766898?mt=2&uo=4",
            "artworkUrl30": "http://is4.mzstatic.com/image/thumb/Music6/v4/00/83/44/008344f6-7d9f-2031-39c1-107020839411/source/30x30bb.jpg",
            "artworkUrl60": "http://is4.mzstatic.com/image/thumb/Music6/v4/00/83/44/008344f6-7d9f-2031-39c1-107020839411/source/60x60bb.jpg",
            "artworkUrl100": "http://is4.mzstatic.com/image/thumb/Music6/v4/00/83/44/008344f6-7d9f-2031-39c1-107020839411/source/100x100bb.jpg",
            "collectionPrice": 0.00,
            "trackPrice": 0.00,
            "trackRentalPrice": 0,
            "collectionHdPrice": 0,
            "trackHdPrice": 0,
            "trackHdRentalPrice": 0,
            "releaseDate": "2013-09-08T05:00:00Z",
            "collectionExplicitness": "cleaned",
            "trackExplicitness": "cleaned",
            "trackCount": 3,
            "country": "USA",
            "currency": "USD",
            "primaryGenreName": "Software How-To",
            "contentAdvisoryRating": "Clean",
            "artworkUrl600": "http://is4.mzstatic.com/image/thumb/Music6/v4/00/83/44/008344f6-7d9f-2031-39c1-107020839411/source/600x600bb.jpg",
            "genreIds": [
                "1480",
                "26",
                "1318"
            ],
            "genres": [
                "Software How-To",
                "Podcasts",
                "Technology"
            ]
        },
        {
            "wrapperType": "track",
            "kind": "podcast",
            "collectionId": 1247413147,
            "trackId": 1247413147,
            "artistName": "Owen Gigg",
            "collectionName": "Web Development Careers Podcast",
            "trackName": "Web Development Careers Podcast",
            "collectionCensoredName": "Web Development Careers Podcast",
            "trackCensoredName": "Web Development Careers Podcast",
            "collectionViewUrl": "https://itunes.apple.com/us/podcast/web-development-careers-podcast/id1247413147?mt=2&uo=4",
            "feedUrl": "http://feeds.soundcloud.com/users/soundcloud:users:227739315/sounds.rss",
            "trackViewUrl": "https://itunes.apple.com/us/podcast/web-development-careers-podcast/id1247413147?mt=2&uo=4",
            "artworkUrl30": "http://is2.mzstatic.com/image/thumb/Music117/v4/fe/93/ac/fe93ac49-283d-684a-9ba6-d02115afea96/source/30x30bb.jpg",
            "artworkUrl60": "http://is2.mzstatic.com/image/thumb/Music117/v4/fe/93/ac/fe93ac49-283d-684a-9ba6-d02115afea96/source/60x60bb.jpg",
            "artworkUrl100": "http://is2.mzstatic.com/image/thumb/Music117/v4/fe/93/ac/fe93ac49-283d-684a-9ba6-d02115afea96/source/100x100bb.jpg",
            "collectionPrice": 0.00,
            "trackPrice": 0.00,
            "trackRentalPrice": 0,
            "collectionHdPrice": 0,
            "trackHdPrice": 0,
            "trackHdRentalPrice": 0,
            "releaseDate": "2017-06-12T00:59:00Z",
            "collectionExplicitness": "cleaned",
            "trackExplicitness": "cleaned",
            "trackCount": 1,
            "country": "USA",
            "currency": "USD",
            "primaryGenreName": "Education",
            "contentAdvisoryRating": "Clean",
            "artworkUrl600": "http://is2.mzstatic.com/image/thumb/Music117/v4/fe/93/ac/fe93ac49-283d-684a-9ba6-d02115afea96/source/600x600bb.jpg",
            "genreIds": [
                "1304",
                "26"
            ],
            "genres": [
                "Education",
                "Podcasts"
            ]
        },
        {
            "wrapperType": "track",
            "kind": "podcast",
            "collectionId": 1274139715,
            "trackId": 1274139715,
            "artistName": "Robert Dewitt / Anchor",
            "collectionName": "The World of Web Development",
            "trackName": "The World of Web Development",
            "collectionCensoredName": "The World of Web Development",
            "trackCensoredName": "The World of Web Development",
            "collectionViewUrl": "https://itunes.apple.com/us/podcast/the-world-of-web-development/id1274139715?mt=2&uo=4",
            "feedUrl": "https://anchor.fm/s/f0f014/podcast/rss",
            "trackViewUrl": "https://itunes.apple.com/us/podcast/the-world-of-web-development/id1274139715?mt=2&uo=4",
            "artworkUrl30": "http://is3.mzstatic.com/image/thumb/Music128/v4/db/cd/a5/dbcda5bb-39d5-4ebc-46c2-6817fd8ac334/source/30x30bb.jpg",
            "artworkUrl60": "http://is3.mzstatic.com/image/thumb/Music128/v4/db/cd/a5/dbcda5bb-39d5-4ebc-46c2-6817fd8ac334/source/60x60bb.jpg",
            "artworkUrl100": "http://is3.mzstatic.com/image/thumb/Music128/v4/db/cd/a5/dbcda5bb-39d5-4ebc-46c2-6817fd8ac334/source/100x100bb.jpg",
            "collectionPrice": 0.00,
            "trackPrice": 0.00,
            "trackRentalPrice": 0,
            "collectionHdPrice": 0,
            "trackHdPrice": 0,
            "trackHdRentalPrice": 0,
            "releaseDate": "2017-08-21T05:15:00Z",
            "collectionExplicitness": "cleaned",
            "trackExplicitness": "cleaned",
            "trackCount": 1,
            "country": "USA",
            "currency": "USD",
            "primaryGenreName": "Technology",
            "contentAdvisoryRating": "Clean",
            "artworkUrl600": "http://is3.mzstatic.com/image/thumb/Music128/v4/db/cd/a5/dbcda5bb-39d5-4ebc-46c2-6817fd8ac334/source/600x600bb.jpg",
            "genreIds": [
                "1318",
                "26"
            ],
            "genres": [
                "Technology",
                "Podcasts"
            ]
        }
    ]
}