{"Name":"Interactive Web Development - SOFT6008","LongName":"Interactive Web Development - SOFT6008","lowerAppName":"Interactive Web Development - SOFT6008","slug":"interactive-web-development-soft6008","title":"Interactive Web Development - SOFT6008","description":"Colin Manning","layout":"default","app-shell":"app","body":"<div class=\"container\">    <div class=\"row\">        <div class=\"card\">            <img srcset=\"http://is4.mzstatic.com/image/thumb/Music/v4/2b/fc/15/2bfc1505-7d49-3d4d-31f8-a48e5c52c855/source/30x30bb.jpg 30w, http://is4.mzstatic.com/image/thumb/Music/v4/2b/fc/15/2bfc1505-7d49-3d4d-31f8-a48e5c52c855/source/60x60bb.jpg 60w, http://is4.mzstatic.com/image/thumb/Music/v4/2b/fc/15/2bfc1505-7d49-3d4d-31f8-a48e5c52c855/source/100x100bb.jpg 100w, http://is4.mzstatic.com/image/thumb/Music/v4/2b/fc/15/2bfc1505-7d49-3d4d-31f8-a48e5c52c855/source/600x600bb.jpg 600w\" sizes=\"(max-width: 769px) 100vw, (max-width: 1025px) 46vw, 30vw\"                src=\"http://is4.mzstatic.com/image/thumb/Music/v4/2b/fc/15/2bfc1505-7d49-3d4d-31f8-a48e5c52c855/source/600x600bb.jpg\" alt=\"Interactive Web Development - SOFT6008\" class=\"card-img-top\">            <div class=\"card-body\">                <h3 class=\"card-title\">Interactive Web Development - SOFT6008</h3>                <p class=\"card-text\">Colin Manning</p>            </div>            <i class=\"fa fa-plus\" aria-hidden=\"true\"></i>        </div>    </div>    <div class=\"row episode-list\">        <a href=\"/episode/class-02-14018921180\" class=\"episode-list-item\">Class 02</a>        <a href=\"/episode/class-03-14018921179\" class=\"episode-list-item\">Class 03</a>        <a href=\"/episode/class-04-14041222664\" class=\"episode-list-item\">Class 04</a>        <a href=\"/episode/class-05-14041222663\" class=\"episode-list-item\">Class 05</a>        <a href=\"/episode/class-06-14041222662\" class=\"episode-list-item\">Class 06</a>        <a href=\"/episode/class-09-14041222661\" class=\"episode-list-item\">Class 09</a>        <a href=\"/episode/class-10-14041222660\" class=\"episode-list-item\">Class 10</a>        <a href=\"/episode/class-12-14041222659\" class=\"episode-list-item\">Class 12</a>        <a href=\"/episode/class-13-14041222658\" class=\"episode-list-item\">Class 13</a>        <a href=\"/episode/class-18-14041222656\" class=\"episode-list-item\">Class 18</a>        <a href=\"/episode/class-23-14363786532\" class=\"episode-list-item\">Class 23</a>        <a href=\"/episode/class-24-14363786534\" class=\"episode-list-item\">Class 24</a>        <a href=\"/episode/class-27-14777160819\" class=\"episode-list-item\">Class 27</a>    </div></div>","author":"Chris Love","facebook-publisher":"https://www.facebook.com/Love2Dev/","twitter":"ChrisLove","google-plus":"https://plus.google.com/b/110904107389779237581/?pageId=110904107389779237581","linkedin":"https://www.linkedin.com/in/Love2Dev/","pinterest":"https://www.pinterest.com/docluv/","youtube":"https://www.youtube.com/channel/UC3mfh2MN-5D-zOyiRLp9H6g","bing-user-key":"7EDAB92AF63E3B35E57195D810D64C57","image":{"url":"http://is4.mzstatic.com/image/thumb/Music/v4/2b/fc/15/2bfc1505-7d49-3d4d-31f8-a48e5c52c855/source/600x600bb.jpg","width":600,"height":600},"cache":{},"headers":{"Cache-Control":"public, max-age=30240, s-max-age=1200"},"meta":{"type":"article","og:type":"article","section":"progressive web apps","url":"https://podstr.love2dev.com/","route":"/"},"subtitle":null,"featured-image":"img/pwa-podstr-logo-600x310.png","abstract":"Colin Manning","approved":true,"published":1509053466113,"active":true,"tags":[],"publishedDay":20,"publishedMonth":10,"publishedYear":2117,"collectionId":510344133,"feedUrl":"https://deimos.apple.com/WebObjects/Core.woa/GetRSS/cit.ie-dz.14018921156.014018921158?U=http%3A%2F%2Fwww.mycit.ie%2Fitunesu%2Fcolinmanning%2Fsoft6008.xml","artwork":{"30":"http://is4.mzstatic.com/image/thumb/Music/v4/2b/fc/15/2bfc1505-7d49-3d4d-31f8-a48e5c52c855/source/30x30bb.jpg","60":"http://is4.mzstatic.com/image/thumb/Music/v4/2b/fc/15/2bfc1505-7d49-3d4d-31f8-a48e5c52c855/source/60x60bb.jpg","100":"http://is4.mzstatic.com/image/thumb/Music/v4/2b/fc/15/2bfc1505-7d49-3d4d-31f8-a48e5c52c855/source/100x100bb.jpg","600":"http://is4.mzstatic.com/image/thumb/Music/v4/2b/fc/15/2bfc1505-7d49-3d4d-31f8-a48e5c52c855/source/600x600bb.jpg"},"genres":["Technology","Podcasts"],"episodes":[{"slug":"class-02-14018921180","title":"Class 02","description":"Interactive Web Development - SOFT6008","pubdate":"2012-02-01T14:31:53.000Z","link":null,"guid":"14018921180","podcast":{"title":"Interactive Web Development - SOFT6008","description":"Interactive Web Development - SOFT6008","image":"http://deimos3.apple.com/indigo//ff/0c/5a/b2/ff0c5ab2ca680cb982bc8bbf6165c42adc6535acb227f75bc3d6d9fc29c63101-14413870085.png"}},{"slug":"class-03-14018921179","title":"Class 03","description":"Interactive Web Development - SOFT6008","pubdate":"2012-02-02T14:32:21.000Z","link":null,"guid":"14018921179","podcast":{"title":"Interactive Web Development - SOFT6008","description":"Interactive Web Development - SOFT6008","image":"http://deimos3.apple.com/indigo//ff/0c/5a/b2/ff0c5ab2ca680cb982bc8bbf6165c42adc6535acb227f75bc3d6d9fc29c63101-14413870085.png"}},{"slug":"class-04-14041222664","title":"Class 04","description":"Interactive Web Development - SOFT6008","pubdate":"2012-02-06T16:20:02.000Z","link":null,"guid":"14041222664","podcast":{"title":"Interactive Web Development - SOFT6008","description":"Interactive Web Development - SOFT6008","image":"http://deimos3.apple.com/indigo//ff/0c/5a/b2/ff0c5ab2ca680cb982bc8bbf6165c42adc6535acb227f75bc3d6d9fc29c63101-14413870085.png"}},{"slug":"class-05-14041222663","title":"Class 05","description":"Interactive Web Development - SOFT6008","pubdate":"2012-02-08T16:21:24.000Z","link":null,"guid":"14041222663","podcast":{"title":"Interactive Web Development - SOFT6008","description":"Interactive Web Development - SOFT6008","image":"http://deimos3.apple.com/indigo//ff/0c/5a/b2/ff0c5ab2ca680cb982bc8bbf6165c42adc6535acb227f75bc3d6d9fc29c63101-14413870085.png"}},{"slug":"class-06-14041222662","title":"Class 06","description":"Interactive Web Development - SOFT6008","pubdate":"2012-02-09T16:22:04.000Z","link":null,"guid":"14041222662","podcast":{"title":"Interactive Web Development - SOFT6008","description":"Interactive Web Development - SOFT6008","image":"http://deimos3.apple.com/indigo//ff/0c/5a/b2/ff0c5ab2ca680cb982bc8bbf6165c42adc6535acb227f75bc3d6d9fc29c63101-14413870085.png"}},{"slug":"class-09-14041222661","title":"Class 09","description":"Interactive Web Development - SOFT6008","pubdate":"2012-02-16T12:33:59.000Z","link":null,"guid":"14041222661","podcast":{"title":"Interactive Web Development - SOFT6008","description":"Interactive Web Development - SOFT6008","image":"http://deimos3.apple.com/indigo//ff/0c/5a/b2/ff0c5ab2ca680cb982bc8bbf6165c42adc6535acb227f75bc3d6d9fc29c63101-14413870085.png"}},{"slug":"class-10-14041222660","title":"Class 10","description":"Interactive Web Development - SOFT6008","pubdate":"2012-02-20T12:34:42.000Z","link":null,"guid":"14041222660","podcast":{"title":"Interactive Web Development - SOFT6008","description":"Interactive Web Development - SOFT6008","image":"http://deimos3.apple.com/indigo//ff/0c/5a/b2/ff0c5ab2ca680cb982bc8bbf6165c42adc6535acb227f75bc3d6d9fc29c63101-14413870085.png"}},{"slug":"class-12-14041222659","title":"Class 12","description":"Interactive Web Development - SOFT6008","pubdate":"2012-02-23T12:35:30.000Z","link":null,"guid":"14041222659","podcast":{"title":"Interactive Web Development - SOFT6008","description":"Interactive Web Development - SOFT6008","image":"http://deimos3.apple.com/indigo//ff/0c/5a/b2/ff0c5ab2ca680cb982bc8bbf6165c42adc6535acb227f75bc3d6d9fc29c63101-14413870085.png"}},{"slug":"class-13-14041222658","title":"Class 13","description":"Interactive Web Development - SOFT6008","pubdate":"2012-02-27T12:36:07.000Z","link":null,"guid":"14041222658","podcast":{"title":"Interactive Web Development - SOFT6008","description":"Interactive Web Development - SOFT6008","image":"http://deimos3.apple.com/indigo//ff/0c/5a/b2/ff0c5ab2ca680cb982bc8bbf6165c42adc6535acb227f75bc3d6d9fc29c63101-14413870085.png"}},{"slug":"class-18-14041222656","title":"Class 18","description":"Interactive Web Development - SOFT6008","pubdate":"2012-03-08T12:37:15.000Z","link":null,"guid":"14041222656","podcast":{"title":"Interactive Web Development - SOFT6008","description":"Interactive Web Development - SOFT6008","image":"http://deimos3.apple.com/indigo//ff/0c/5a/b2/ff0c5ab2ca680cb982bc8bbf6165c42adc6535acb227f75bc3d6d9fc29c63101-14413870085.png"}},{"slug":"class-23-14363786532","title":"Class 23","description":"Form validation.","pubdate":"2012-03-21T14:57:04.000Z","link":null,"guid":"14363786532","podcast":{"title":"Interactive Web Development - SOFT6008","description":"Interactive Web Development - SOFT6008","image":"http://deimos3.apple.com/indigo//ff/0c/5a/b2/ff0c5ab2ca680cb982bc8bbf6165c42adc6535acb227f75bc3d6d9fc29c63101-14413870085.png"}},{"slug":"class-24-14363786534","title":"Class 24","description":"Transparency. Mr. Tayto Head example.","pubdate":"2012-03-22T14:57:39.000Z","link":null,"guid":"14363786534","podcast":{"title":"Interactive Web Development - SOFT6008","description":"Interactive Web Development - SOFT6008","image":"http://deimos3.apple.com/indigo//ff/0c/5a/b2/ff0c5ab2ca680cb982bc8bbf6165c42adc6535acb227f75bc3d6d9fc29c63101-14413870085.png"}},{"slug":"class-27-14777160819","title":"Class 27","description":"Style. Visible property. Drag and Drop in HTML5. Tile Game case study.","pubdate":"2012-03-29T10:59:25.000Z","link":null,"guid":"14777160819","podcast":{"title":"Interactive Web Development - SOFT6008","description":"Interactive Web Development - SOFT6008","image":"http://deimos3.apple.com/indigo//ff/0c/5a/b2/ff0c5ab2ca680cb982bc8bbf6165c42adc6535acb227f75bc3d6d9fc29c63101-14413870085.png"}}]}