{"Name":"Meadowbright - Web development for nonprofits","LongName":"Meadowbright - Web development for nonprofits","lowerAppName":"Meadowbright - Web development for nonprofits","slug":"meadowbright-web-development-for-nonprofits","title":"Meadowbright - Web development for nonprofits","description":"Meadowbright","layout":"default","app-shell":"app","body":"<div class=\"container\">    <div class=\"row\">        <div class=\"card\">            <img srcset=\"http://is1.mzstatic.com/image/thumb/Music71/v4/97/d3/65/97d36550-9366-760f-d7c3-98b112af0b28/source/30x30bb.jpg 30w, http://is1.mzstatic.com/image/thumb/Music71/v4/97/d3/65/97d36550-9366-760f-d7c3-98b112af0b28/source/60x60bb.jpg 60w, http://is1.mzstatic.com/image/thumb/Music71/v4/97/d3/65/97d36550-9366-760f-d7c3-98b112af0b28/source/100x100bb.jpg 100w, http://is1.mzstatic.com/image/thumb/Music71/v4/97/d3/65/97d36550-9366-760f-d7c3-98b112af0b28/source/600x600bb.jpg 600w\" sizes=\"(max-width: 769px) 100vw, (max-width: 1025px) 46vw, 30vw\"                src=\"http://is1.mzstatic.com/image/thumb/Music71/v4/97/d3/65/97d36550-9366-760f-d7c3-98b112af0b28/source/600x600bb.jpg\" alt=\"Meadowbright - Web development for nonprofits\" class=\"card-img-top\">            <div class=\"card-body\">                <h3 class=\"card-title\">Meadowbright - Web development for nonprofits</h3>                <p class=\"card-text\">Meadowbright</p>            </div>            <i class=\"fa fa-plus\" aria-hidden=\"true\"></i>        </div>    </div>    <div class=\"row episode-list\">        <a href=\"/episode/web-animation-basics-tagsoundcloud2010tracks296336500\" class=\"episode-list-item\">Web Animation Basics</a>        <a href=\"/episode/agile-project-management-tagsoundcloud2010tracks294102348\" class=\"episode-list-item\">Agile Project Management</a>        <a href=\"/episode/layers-of-a-web-application-tagsoundcloud2010tracks292989693\" class=\"episode-list-item\">Layers of a Web Application</a>        <a href=\"/episode/wordpress-and-drupal-tagsoundcloud2010tracks291916058\" class=\"episode-list-item\">Wordpress and Drupal</a>        <a href=\"/episode/web-accessibility-basics-tagsoundcloud2010tracks290526477\" class=\"episode-list-item\">Web Accessibility Basics</a>        <a href=\"/episode/what-is-meadowbright-tagsoundcloud2010tracks290085216\" class=\"episode-list-item\">What is Meadowbright?</a>    </div></div>","author":"Chris Love","facebook-publisher":"https://www.facebook.com/Love2Dev/","twitter":"ChrisLove","google-plus":"https://plus.google.com/b/110904107389779237581/?pageId=110904107389779237581","linkedin":"https://www.linkedin.com/in/Love2Dev/","pinterest":"https://www.pinterest.com/docluv/","youtube":"https://www.youtube.com/channel/UC3mfh2MN-5D-zOyiRLp9H6g","bing-user-key":"7EDAB92AF63E3B35E57195D810D64C57","image":{"url":"http://is1.mzstatic.com/image/thumb/Music71/v4/97/d3/65/97d36550-9366-760f-d7c3-98b112af0b28/source/600x600bb.jpg","width":600,"height":600},"cache":{},"headers":{"Cache-Control":"public, max-age=30240, s-max-age=1200"},"meta":{"type":"article","og:type":"article","section":"progressive web apps","url":"https://podstr.love2dev.com/","route":"/"},"subtitle":null,"featured-image":"img/pwa-podstr-logo-600x310.png","abstract":"Meadowbright","approved":true,"published":1509053713516,"active":true,"tags":[],"publishedDay":20,"publishedMonth":10,"publishedYear":2117,"collectionId":1169608073,"feedUrl":"http://feeds.soundcloud.com/users/soundcloud:users:10538406/sounds.rss","artwork":{"30":"http://is1.mzstatic.com/image/thumb/Music71/v4/97/d3/65/97d36550-9366-760f-d7c3-98b112af0b28/source/30x30bb.jpg","60":"http://is1.mzstatic.com/image/thumb/Music71/v4/97/d3/65/97d36550-9366-760f-d7c3-98b112af0b28/source/60x60bb.jpg","100":"http://is1.mzstatic.com/image/thumb/Music71/v4/97/d3/65/97d36550-9366-760f-d7c3-98b112af0b28/source/100x100bb.jpg","600":"http://is1.mzstatic.com/image/thumb/Music71/v4/97/d3/65/97d36550-9366-760f-d7c3-98b112af0b28/source/600x600bb.jpg"},"genres":["Technology","Podcasts"],"episodes":[{"slug":"web-animation-basics-tagsoundcloud2010tracks296336500","title":"Web Animation Basics","description":"This week we talk about web animation.","pubdate":"2016-12-05T15:54:48.000Z","link":"https://soundcloud.com/mark-celsor/web-animation-basics","guid":"tag:soundcloud,2010:tracks/296336500","image":"http://i1.sndcdn.com/artworks-000196960961-rw2dkp-original.jpg","podcast":{"title":"Meadowbright - Web development for nonprofits","description":"Podcast by Meadowbright","image":"http://i1.sndcdn.com/avatars-000275074191-998xer-original.jpg"}},{"slug":"agile-project-management-tagsoundcloud2010tracks294102348","title":"Agile Project Management","description":"This week on the Meadowbright podcast we talk about the basics of Agile project management.","pubdate":"2016-11-21T18:26:31.000Z","link":"https://soundcloud.com/mark-celsor/agile-project-management","guid":"tag:soundcloud,2010:tracks/294102348","image":"http://i1.sndcdn.com/artworks-000194643776-pbpi3e-original.jpg","podcast":{"title":"Meadowbright - Web development for nonprofits","description":"Podcast by Meadowbright","image":"http://i1.sndcdn.com/avatars-000275074191-998xer-original.jpg"}},{"slug":"layers-of-a-web-application-tagsoundcloud2010tracks292989693","title":"Layers of a Web Application","description":"This week we talk about understanding the different layers of a web application and what is really meant by the \"front end\" and \"back end\" of an application and what all the moving parts are.","pubdate":"2016-11-14T16:07:56.000Z","link":"https://soundcloud.com/mark-celsor/layers-of-a-web-application","guid":"tag:soundcloud,2010:tracks/292989693","image":"http://i1.sndcdn.com/artworks-000193522745-hhqd0k-original.jpg","podcast":{"title":"Meadowbright - Web development for nonprofits","description":"Podcast by Meadowbright","image":"http://i1.sndcdn.com/avatars-000275074191-998xer-original.jpg"}},{"slug":"wordpress-and-drupal-tagsoundcloud2010tracks291916058","title":"Wordpress and Drupal","description":"Today I talk about the basic differences between Wordpress and Drupal.","pubdate":"2016-11-07T15:01:10.000Z","link":"https://soundcloud.com/mark-celsor/wordpress-and-drupal","guid":"tag:soundcloud,2010:tracks/291916058","image":"http://i1.sndcdn.com/artworks-000192472894-l4pu3k-original.jpg","podcast":{"title":"Meadowbright - Web development for nonprofits","description":"Podcast by Meadowbright","image":"http://i1.sndcdn.com/avatars-000275074191-998xer-original.jpg"}},{"slug":"web-accessibility-basics-tagsoundcloud2010tracks290526477","title":"Web Accessibility Basics","description":"Mark Celsor talks about building your website with accessibility in mind, covering commons issues that impact people with visual, hearing, cognitive and other disabilities when they use the web.\n\nWeb Content Accessibility Guidelines (WCAG) Overview\nhttps://www.w3.org/WAI/intro/wcag.php\n\nWAVE Chrome Extension\nhttp://wave.webaim.org/extension/\n\nMore at http://meadowbright.com","pubdate":"2016-10-29T12:21:50.000Z","link":"https://soundcloud.com/mark-celsor/web-accessibility-basics","guid":"tag:soundcloud,2010:tracks/290526477","image":"http://i1.sndcdn.com/artworks-000191194176-204lkn-original.jpg","podcast":{"title":"Meadowbright - Web development for nonprofits","description":"Podcast by Meadowbright","image":"http://i1.sndcdn.com/avatars-000275074191-998xer-original.jpg"}},{"slug":"what-is-meadowbright-tagsoundcloud2010tracks290085216","title":"What is Meadowbright?","description":"Mark Celsor talks about his new project Meadowbright to help nonprofits with web development and feel comfortable with technology concepts. He also introduces the Meadowbright Podcast, a show that covers a big, web technology concept each week.\n\nMore at http://meadowbright.com","pubdate":"2016-10-26T17:43:13.000Z","link":"https://soundcloud.com/mark-celsor/what-is-meadowbright","guid":"tag:soundcloud,2010:tracks/290085216","image":"http://i1.sndcdn.com/artworks-000190748934-vtyyly-original.jpg","podcast":{"title":"Meadowbright - Web development for nonprofits","description":"Podcast by Meadowbright","image":"http://i1.sndcdn.com/avatars-000275074191-998xer-original.jpg"}}]}