{"Name":"Web Development-Mobile App Development","LongName":"Web Development-Mobile App Development","lowerAppName":"Web Development-Mobile App Development","slug":"web-development-mobile-app-development","title":"Web Development-Mobile App Development","description":"DanteCiolfi","layout":"default","app-shell":"app","body":"<div class=\"container\">    <div class=\"row\">        <div class=\"card\">            <img srcset=\"http://is4.mzstatic.com/image/thumb/Music6/v4/00/83/44/008344f6-7d9f-2031-39c1-107020839411/source/30x30bb.jpg 30w, http://is4.mzstatic.com/image/thumb/Music6/v4/00/83/44/008344f6-7d9f-2031-39c1-107020839411/source/60x60bb.jpg 60w, http://is4.mzstatic.com/image/thumb/Music6/v4/00/83/44/008344f6-7d9f-2031-39c1-107020839411/source/100x100bb.jpg 100w, http://is4.mzstatic.com/image/thumb/Music6/v4/00/83/44/008344f6-7d9f-2031-39c1-107020839411/source/600x600bb.jpg 600w\" sizes=\"(max-width: 769px) 100vw, (max-width: 1025px) 46vw, 30vw\"                src=\"http://is4.mzstatic.com/image/thumb/Music6/v4/00/83/44/008344f6-7d9f-2031-39c1-107020839411/source/600x600bb.jpg\" alt=\"Web Development-Mobile App Development\" class=\"card-img-top\">            <div class=\"card-body\">                <h3 class=\"card-title\">Web Development-Mobile App Development</h3>                <p class=\"card-text\">DanteCiolfi</p>            </div>            <i class=\"fa fa-plus\" aria-hidden=\"true\"></i>        </div>    </div>    <div class=\"row episode-list\">        <a href=\"/episode/web-development-backups-part-1-mysql-null\" class=\"episode-list-item\">Web Development - Backups Part 1 - MySQL</a>        <a href=\"/episode/web-development-client-project-template-null\" class=\"episode-list-item\">Web Development - Client Project Template</a>        <a href=\"/episode/mobile-app-development-android-emulator-wont-start-null\" class=\"episode-list-item\">Mobile App Development - Android - Emulator Won&#39;t Start</a>    </div></div>","author":"Chris Love","facebook-publisher":"https://www.facebook.com/Love2Dev/","twitter":"ChrisLove","google-plus":"https://plus.google.com/b/110904107389779237581/?pageId=110904107389779237581","linkedin":"https://www.linkedin.com/in/Love2Dev/","pinterest":"https://www.pinterest.com/docluv/","youtube":"https://www.youtube.com/channel/UC3mfh2MN-5D-zOyiRLp9H6g","bing-user-key":"7EDAB92AF63E3B35E57195D810D64C57","image":{"url":"http://is4.mzstatic.com/image/thumb/Music6/v4/00/83/44/008344f6-7d9f-2031-39c1-107020839411/source/600x600bb.jpg","width":600,"height":600},"cache":{},"headers":{"Cache-Control":"public, max-age=30240, s-max-age=1200"},"meta":{"type":"article","og:type":"article","section":"progressive web apps","url":"https://podstr.love2dev.com/","route":"/"},"subtitle":null,"featured-image":"img/pwa-podstr-logo-600x310.png","abstract":"DanteCiolfi","approved":true,"published":1509053734116,"active":true,"tags":[],"publishedDay":20,"publishedMonth":10,"publishedYear":2117,"collectionId":702766898,"feedUrl":"http://www.screencast.com/users/DanteCiolfi/folders/Web+Development-Mobile+App+Development/itunes","artwork":{"30":"http://is4.mzstatic.com/image/thumb/Music6/v4/00/83/44/008344f6-7d9f-2031-39c1-107020839411/source/30x30bb.jpg","60":"http://is4.mzstatic.com/image/thumb/Music6/v4/00/83/44/008344f6-7d9f-2031-39c1-107020839411/source/60x60bb.jpg","100":"http://is4.mzstatic.com/image/thumb/Music6/v4/00/83/44/008344f6-7d9f-2031-39c1-107020839411/source/100x100bb.jpg","600":"http://is4.mzstatic.com/image/thumb/Music6/v4/00/83/44/008344f6-7d9f-2031-39c1-107020839411/source/600x600bb.jpg"},"genres":["Software How-To","Podcasts","Technology"],"episodes":[{"slug":"web-development-backups-part-1-mysql-null","title":"Web Development - Backups Part 1 - MySQL","description":"This video describes the backup of a MySQL database in XAMPP in Windows 8. It is Part 1 of a two-part series. Part 2 shows how to move the backup to the Projects folder and then back up the Projects folder.","pubdate":"2013-09-08T05:00:00.000Z","link":null,"guid":null,"podcast":{"title":"Web Development-Mobile App Development","description":"Tutorials on Web development and mobile app development","image":""}},{"slug":"web-development-client-project-template-null","title":"Web Development - Client Project Template","description":"This video shows how to create a Web development client project folder.","pubdate":"2013-09-02T05:00:00.000Z","link":null,"guid":null,"podcast":{"title":"Web Development-Mobile App Development","description":"Tutorials on Web development and mobile app development","image":""}},{"slug":"mobile-app-development-android-emulator-wont-start-null","title":"Mobile App Development - Android - Emulator Won't Start","description":"This video describes how to troubleshoot the common \"emulator won't start\" issue.","pubdate":"2013-09-03T05:00:00.000Z","link":null,"guid":null,"podcast":{"title":"Web Development-Mobile App Development","description":"Tutorials on Web development and mobile app development","image":""}}]}