{"Name":"Web Development Careers Podcast","LongName":"Web Development Careers Podcast","lowerAppName":"Web Development Careers Podcast","slug":"web-development-careers-podcast","title":"Web Development Careers Podcast","description":"Owen Gigg","layout":"default","app-shell":"app","body":"<div class=\"container\">    <div class=\"row\">        <div class=\"card\">            <img srcset=\"http://is2.mzstatic.com/image/thumb/Music117/v4/fe/93/ac/fe93ac49-283d-684a-9ba6-d02115afea96/source/30x30bb.jpg 30w, http://is2.mzstatic.com/image/thumb/Music117/v4/fe/93/ac/fe93ac49-283d-684a-9ba6-d02115afea96/source/60x60bb.jpg 60w, http://is2.mzstatic.com/image/thumb/Music117/v4/fe/93/ac/fe93ac49-283d-684a-9ba6-d02115afea96/source/100x100bb.jpg 100w, http://is2.mzstatic.com/image/thumb/Music117/v4/fe/93/ac/fe93ac49-283d-684a-9ba6-d02115afea96/source/600x600bb.jpg 600w\" sizes=\"(max-width: 769px) 100vw, (max-width: 1025px) 46vw, 30vw\"                src=\"http://is2.mzstatic.com/image/thumb/Music117/v4/fe/93/ac/fe93ac49-283d-684a-9ba6-d02115afea96/source/600x600bb.jpg\" alt=\"Web Development Careers Podcast\" class=\"card-img-top\">            <div class=\"card-body\">                <h3 class=\"card-title\">Web Development Careers Podcast</h3>                <p class=\"card-text\">Owen Gigg</p>            </div>            <i class=\"fa fa-plus\" aria-hidden=\"true\"></i>        </div>    </div>    <div class=\"row episode-list\">        <a href=\"/episode/web-developer-careers-podcast-1-owen-gigg-and-michelle-blauw-tagsoundcloud2010tracks327623007\" class=\"episode-list-item\">Web Developer Careers Podcast #1 Owen Gigg and Michelle Blauw</a>    </div></div>","author":"Chris Love","facebook-publisher":"https://www.facebook.com/Love2Dev/","twitter":"ChrisLove","google-plus":"https://plus.google.com/b/110904107389779237581/?pageId=110904107389779237581","linkedin":"https://www.linkedin.com/in/Love2Dev/","pinterest":"https://www.pinterest.com/docluv/","youtube":"https://www.youtube.com/channel/UC3mfh2MN-5D-zOyiRLp9H6g","bing-user-key":"7EDAB92AF63E3B35E57195D810D64C57","image":{"url":"http://is2.mzstatic.com/image/thumb/Music117/v4/fe/93/ac/fe93ac49-283d-684a-9ba6-d02115afea96/source/600x600bb.jpg","width":600,"height":600},"cache":{},"headers":{"Cache-Control":"public, max-age=30240, s-max-age=1200"},"meta":{"type":"article","og:type":"article","section":"progressive web apps","url":"https://podstr.love2dev.com/","route":"/"},"subtitle":null,"featured-image":"img/pwa-podstr-logo-600x310.png","abstract":"Owen Gigg","approved":true,"published":1509053740534,"active":true,"tags":[],"publishedDay":20,"publishedMonth":10,"publishedYear":2117,"collectionId":1247413147,"feedUrl":"http://feeds.soundcloud.com/users/soundcloud:users:227739315/sounds.rss","artwork":{"30":"http://is2.mzstatic.com/image/thumb/Music117/v4/fe/93/ac/fe93ac49-283d-684a-9ba6-d02115afea96/source/30x30bb.jpg","60":"http://is2.mzstatic.com/image/thumb/Music117/v4/fe/93/ac/fe93ac49-283d-684a-9ba6-d02115afea96/source/60x60bb.jpg","100":"http://is2.mzstatic.com/image/thumb/Music117/v4/fe/93/ac/fe93ac49-283d-684a-9ba6-d02115afea96/source/100x100bb.jpg","600":"http://is2.mzstatic.com/image/thumb/Music117/v4/fe/93/ac/fe93ac49-283d-684a-9ba6-d02115afea96/source/600x600bb.jpg"},"genres":["Education","Podcasts"],"episodes":[{"slug":"web-developer-careers-podcast-1-owen-gigg-and-michelle-blauw-tagsoundcloud2010tracks327623007","title":"Web Developer Careers Podcast #1 Owen Gigg and Michelle Blauw","description":"Owen Gigg speaks to Web Developer and Business Owner Michelle Blauw about her journey in setting up a business, recruiting clients and building a profitable web development agency from scratch.","pubdate":"2017-06-12T00:59:14.000Z","link":"https://soundcloud.com/owengigg/web-developer-careers-podcast-1-owen-gigg-and-michelle-blauw-1","guid":"tag:soundcloud,2010:tracks/327623007","image":"http://i1.sndcdn.com/artworks-000227939164-6mt9f1-original.jpg","podcast":{"title":"Web Development Careers Podcast","description":"Web Developer / Trainer. Certified in Training & Assessment. Microsoft Technology Associate. Certified Google Educator. Google Classroom & Udemy. Sports fan. Podcasting about Careers in Web Development","image":"http://i1.sndcdn.com/avatars-000317988713-6gcetg-original.jpg"}}]}