{"Name":"Web Development Fundamentals - SOFT6007 Dcom1","LongName":"Web Development Fundamentals - SOFT6007 Dcom1","lowerAppName":"Web Development Fundamentals - SOFT6007 Dcom1","slug":"web-development-fundamentals-soft6007-dcom1","title":"Web Development Fundamentals - SOFT6007 Dcom1","description":"Colin Manning","layout":"default","app-shell":"app","body":"<div class=\"container\">    <div class=\"row\">        <div class=\"card\">            <img srcset=\"http://is5.mzstatic.com/image/thumb/Music4/v4/ef/cb/c6/efcbc6fd-49a1-cc83-eee5-55a1fb55dae5/source/30x30bb.jpg 30w, http://is5.mzstatic.com/image/thumb/Music4/v4/ef/cb/c6/efcbc6fd-49a1-cc83-eee5-55a1fb55dae5/source/60x60bb.jpg 60w, http://is5.mzstatic.com/image/thumb/Music4/v4/ef/cb/c6/efcbc6fd-49a1-cc83-eee5-55a1fb55dae5/source/100x100bb.jpg 100w, http://is5.mzstatic.com/image/thumb/Music4/v4/ef/cb/c6/efcbc6fd-49a1-cc83-eee5-55a1fb55dae5/source/600x600bb.jpg 600w\" sizes=\"(max-width: 769px) 100vw, (max-width: 1025px) 46vw, 30vw\"                src=\"http://is5.mzstatic.com/image/thumb/Music4/v4/ef/cb/c6/efcbc6fd-49a1-cc83-eee5-55a1fb55dae5/source/600x600bb.jpg\" alt=\"Web Development Fundamentals - SOFT6007 Dcom1\" class=\"card-img-top\">            <div class=\"card-body\">                <h3 class=\"card-title\">Web Development Fundamentals - SOFT6007 Dcom1</h3>                <p class=\"card-text\">Colin Manning</p>            </div>            <i class=\"fa fa-plus\" aria-hidden=\"true\"></i>        </div>    </div>    <div class=\"row episode-list\">        <a href=\"/episode/class-01-14220563095\" class=\"episode-list-item\">Class 01</a>        <a href=\"/episode/soft6007-slides01pdf-14240032511\" class=\"episode-list-item\">SOFT6007-Slides01.pdf</a>        <a href=\"/episode/class-02-part-a-14220563093\" class=\"episode-list-item\">Class 02 Part A</a>        <a href=\"/episode/class-02-part-b-14220563091\" class=\"episode-list-item\">Class 02 Part B</a>        <a href=\"/episode/soft6007-slides02pdf-14240032514\" class=\"episode-list-item\">SOFT6007-Slides02.pdf</a>        <a href=\"/episode/class-03-14240032517\" class=\"episode-list-item\">Class 03</a>        <a href=\"/episode/soft6007-slides03pdf-14240032520\" class=\"episode-list-item\">SOFT6007-Slides03.pdf</a>        <a href=\"/episode/class-04-14240032523\" class=\"episode-list-item\">Class 04</a>        <a href=\"/episode/soft6007-slides04pdf-14240032526\" class=\"episode-list-item\">SOFT6007-Slides04.pdf</a>        <a href=\"/episode/class-05-14240032529\" class=\"episode-list-item\">Class 05</a>        <a href=\"/episode/soft6007-slides05pdf-14240032532\" class=\"episode-list-item\">SOFT6007-Slides05.pdf</a>        <a href=\"/episode/class-06-14240032535\" class=\"episode-list-item\">Class 06</a>        <a href=\"/episode/soft6007-slides06pdf-14240032538\" class=\"episode-list-item\">SOFT6007-Slides06.pdf</a>        <a href=\"/episode/soft6007-slides07pdf-14240032541\" class=\"episode-list-item\">SOFT6007-Slides07.pdf</a>        <a href=\"/episode/soft6007-slides08pdf-14240032544\" class=\"episode-list-item\">SOFT6007-Slides08.pdf</a>        <a href=\"/episode/class-09-14240032547\" class=\"episode-list-item\">Class 09</a>        <a href=\"/episode/class-12-14240032550\" class=\"episode-list-item\">Class 12</a>        <a href=\"/episode/class-13-14240032553\" class=\"episode-list-item\">Class 13</a>        <a href=\"/episode/class-14-14240032556\" class=\"episode-list-item\">Class 14</a>        <a href=\"/episode/class-17-14240032559\" class=\"episode-list-item\">Class 17</a>        <a href=\"/episode/class-18-14240032562\" class=\"episode-list-item\">Class 18</a>        <a href=\"/episode/class-19-14240032565\" class=\"episode-list-item\">Class 19</a>        <a href=\"/episode/class-20-14240032568\" class=\"episode-list-item\">Class 20</a>        <a href=\"/episode/class-21-14240032571\" class=\"episode-list-item\">Class 21</a>        <a href=\"/episode/class-23-lab-14372653007\" class=\"episode-list-item\">Class 23 Lab</a>        <a href=\"/episode/class-24-14372653009\" class=\"episode-list-item\">Class 24</a>        <a href=\"/episode/class-25-14372653011\" class=\"episode-list-item\">Class 25</a>        <a href=\"/episode/class-27-14783319439\" class=\"episode-list-item\">Class 27</a>        <a href=\"/episode/soft6008-01bpdf-14271043742\" class=\"episode-list-item\">SOFT6008-01b.pdf</a>        <a href=\"/episode/soft6008-02jpdf-14271043745\" class=\"episode-list-item\">SOFT6008-02j.pdf</a>        <a href=\"/episode/html-12-formspdf-14271043748\" class=\"episode-list-item\">html-12-forms.pdf</a>        <a href=\"/episode/special-charspdf-14271043751\" class=\"episode-list-item\">special-chars.pdf</a>    </div></div>","author":"Chris Love","facebook-publisher":"https://www.facebook.com/Love2Dev/","twitter":"ChrisLove","google-plus":"https://plus.google.com/b/110904107389779237581/?pageId=110904107389779237581","linkedin":"https://www.linkedin.com/in/Love2Dev/","pinterest":"https://www.pinterest.com/docluv/","youtube":"https://www.youtube.com/channel/UC3mfh2MN-5D-zOyiRLp9H6g","bing-user-key":"7EDAB92AF63E3B35E57195D810D64C57","image":{"url":"http://is5.mzstatic.com/image/thumb/Music4/v4/ef/cb/c6/efcbc6fd-49a1-cc83-eee5-55a1fb55dae5/source/600x600bb.jpg","width":600,"height":600},"cache":{},"headers":{"Cache-Control":"public, max-age=30240, s-max-age=1200"},"meta":{"type":"article","og:type":"article","section":"progressive web apps","url":"https://podstr.love2dev.com/","route":"/"},"subtitle":null,"featured-image":"img/pwa-podstr-logo-600x310.png","abstract":"Colin Manning","approved":true,"published":1509053388652,"active":true,"tags":[],"publishedDay":20,"publishedMonth":10,"publishedYear":2117,"collectionId":510342689,"feedUrl":"https://deimos.apple.com/WebObjects/Core.woa/GetRSS/cit.ie-dz.14017482125.014017482127?U=http%3A%2F%2Fwww.mycit.ie%2Fitunesu%2Fcolinmanning%2Fsoft6007-dcom.xml","artwork":{"30":"http://is5.mzstatic.com/image/thumb/Music4/v4/ef/cb/c6/efcbc6fd-49a1-cc83-eee5-55a1fb55dae5/source/30x30bb.jpg","60":"http://is5.mzstatic.com/image/thumb/Music4/v4/ef/cb/c6/efcbc6fd-49a1-cc83-eee5-55a1fb55dae5/source/60x60bb.jpg","100":"http://is5.mzstatic.com/image/thumb/Music4/v4/ef/cb/c6/efcbc6fd-49a1-cc83-eee5-55a1fb55dae5/source/100x100bb.jpg","600":"http://is5.mzstatic.com/image/thumb/Music4/v4/ef/cb/c6/efcbc6fd-49a1-cc83-eee5-55a1fb55dae5/source/600x600bb.jpg"},"genres":["Technology","Podcasts"],"episodes":[{"slug":"class-01-14220563095","title":"Class 01","description":"Introduction. Module Descriptor. Bits. Bytes. Representing Text","pubdate":"2012-01-30T14:28:44.000Z","link":null,"guid":"14220563095","podcast":{"title":"Web Development Fundamentals - SOFT6007 Dcom1","description":"Web Development Fundamentals - SOFT6007 Dcom1","image":"http://deimos3.apple.com/indigo//3a/ce/ce/33/3acece33f14dc1d8a8297ecef01759ff52426be58aad87c1fde5a14f561706ae-14397750118.png"}},{"slug":"soft6007-slides01pdf-14240032511","title":"SOFT6007-Slides01.pdf","description":"Bits & Bytes","pubdate":"2012-01-30T13:19:41.000Z","link":null,"guid":"14240032511","podcast":{"title":"Web Development Fundamentals - SOFT6007 Dcom1","description":"Web Development Fundamentals - SOFT6007 Dcom1","image":"http://deimos3.apple.com/indigo//3a/ce/ce/33/3acece33f14dc1d8a8297ecef01759ff52426be58aad87c1fde5a14f561706ae-14397750118.png"}},{"slug":"class-02-part-a-14220563093","title":"Class 02 Part A","description":"ASCII. Tags. HTML","pubdate":"2012-02-02T14:29:11.000Z","link":null,"guid":"14220563093","podcast":{"title":"Web Development Fundamentals - SOFT6007 Dcom1","description":"Web Development Fundamentals - SOFT6007 Dcom1","image":"http://deimos3.apple.com/indigo//3a/ce/ce/33/3acece33f14dc1d8a8297ecef01759ff52426be58aad87c1fde5a14f561706ae-14397750118.png"}},{"slug":"class-02-part-b-14220563091","title":"Class 02 Part B","description":"History if the Internet. HTML examples. Links.","pubdate":"2012-02-02T14:30:27.000Z","link":null,"guid":"14220563091","podcast":{"title":"Web Development Fundamentals - SOFT6007 Dcom1","description":"Web Development Fundamentals - SOFT6007 Dcom1","image":"http://deimos3.apple.com/indigo//3a/ce/ce/33/3acece33f14dc1d8a8297ecef01759ff52426be58aad87c1fde5a14f561706ae-14397750118.png"}},{"slug":"soft6007-slides02pdf-14240032514","title":"SOFT6007-Slides02.pdf","description":"Representing Text","pubdate":"2012-01-30T13:20:31.000Z","link":null,"guid":"14240032514","podcast":{"title":"Web Development Fundamentals - SOFT6007 Dcom1","description":"Web Development Fundamentals - SOFT6007 Dcom1","image":"http://deimos3.apple.com/indigo//3a/ce/ce/33/3acece33f14dc1d8a8297ecef01759ff52426be58aad87c1fde5a14f561706ae-14397750118.png"}},{"slug":"class-03-14240032517","title":"Class 03","description":"Images. Lists.","pubdate":"2012-02-03T13:30:50.000Z","link":null,"guid":"14240032517","podcast":{"title":"Web Development Fundamentals - SOFT6007 Dcom1","description":"Web Development Fundamentals - SOFT6007 Dcom1","image":"http://deimos3.apple.com/indigo//3a/ce/ce/33/3acece33f14dc1d8a8297ecef01759ff52426be58aad87c1fde5a14f561706ae-14397750118.png"}},{"slug":"soft6007-slides03pdf-14240032520","title":"SOFT6007-Slides03.pdf","description":"History or the Internet. Introduction to HTML","pubdate":"2012-02-02T13:22:24.000Z","link":null,"guid":"14240032520","podcast":{"title":"Web Development Fundamentals - SOFT6007 Dcom1","description":"Web Development Fundamentals - SOFT6007 Dcom1","image":"http://deimos3.apple.com/indigo//3a/ce/ce/33/3acece33f14dc1d8a8297ecef01759ff52426be58aad87c1fde5a14f561706ae-14397750118.png"}},{"slug":"class-04-14240032523","title":"Class 04","description":"HTML entities. Nested lists.","pubdate":"2012-02-06T13:31:49.000Z","link":null,"guid":"14240032523","podcast":{"title":"Web Development Fundamentals - SOFT6007 Dcom1","description":"Web Development Fundamentals - SOFT6007 Dcom1","image":"http://deimos3.apple.com/indigo//3a/ce/ce/33/3acece33f14dc1d8a8297ecef01759ff52426be58aad87c1fde5a14f561706ae-14397750118.png"}},{"slug":"soft6007-slides04pdf-14240032526","title":"SOFT6007-Slides04.pdf","description":"Lists. Logical vs Physical Markup. Image Maps","pubdate":"2012-02-17T13:21:43.000Z","link":null,"guid":"14240032526","podcast":{"title":"Web Development Fundamentals - SOFT6007 Dcom1","description":"Web Development Fundamentals - SOFT6007 Dcom1","image":"http://deimos3.apple.com/indigo//3a/ce/ce/33/3acece33f14dc1d8a8297ecef01759ff52426be58aad87c1fde5a14f561706ae-14397750118.png"}},{"slug":"class-05-14240032529","title":"Class 05","description":"Lab. Links.","pubdate":"2012-02-08T13:32:37.000Z","link":null,"guid":"14240032529","podcast":{"title":"Web Development Fundamentals - SOFT6007 Dcom1","description":"Web Development Fundamentals - SOFT6007 Dcom1","image":"http://deimos3.apple.com/indigo//3a/ce/ce/33/3acece33f14dc1d8a8297ecef01759ff52426be58aad87c1fde5a14f561706ae-14397750118.png"}},{"slug":"soft6007-slides05pdf-14240032532","title":"SOFT6007-Slides05.pdf","description":"Cascading Style Sheets (CSS)","pubdate":"2012-02-27T13:25:36.000Z","link":null,"guid":"14240032532","podcast":{"title":"Web Development Fundamentals - SOFT6007 Dcom1","description":"Web Development Fundamentals - SOFT6007 Dcom1","image":"http://deimos3.apple.com/indigo//3a/ce/ce/33/3acece33f14dc1d8a8297ecef01759ff52426be58aad87c1fde5a14f561706ae-14397750118.png"}},{"slug":"class-06-14240032535","title":"Class 06","description":"Tables.","pubdate":"2012-02-10T13:33:19.000Z","link":null,"guid":"14240032535","podcast":{"title":"Web Development Fundamentals - SOFT6007 Dcom1","description":"Web Development Fundamentals - SOFT6007 Dcom1","image":"http://deimos3.apple.com/indigo//3a/ce/ce/33/3acece33f14dc1d8a8297ecef01759ff52426be58aad87c1fde5a14f561706ae-14397750118.png"}},{"slug":"soft6007-slides06pdf-14240032538","title":"SOFT6007-Slides06.pdf","description":"Digital Colour","pubdate":"2012-03-09T13:23:39.000Z","link":null,"guid":"14240032538","podcast":{"title":"Web Development Fundamentals - SOFT6007 Dcom1","description":"Web Development Fundamentals - SOFT6007 Dcom1","image":"http://deimos3.apple.com/indigo//3a/ce/ce/33/3acece33f14dc1d8a8297ecef01759ff52426be58aad87c1fde5a14f561706ae-14397750118.png"}},{"slug":"soft6007-slides07pdf-14240032541","title":"SOFT6007-Slides07.pdf","description":"How Many Colours in the Rainbow?","pubdate":"2012-02-24T13:22:41.000Z","link":null,"guid":"14240032541","podcast":{"title":"Web Development Fundamentals - SOFT6007 Dcom1","description":"Web Development Fundamentals - SOFT6007 Dcom1","image":"http://deimos3.apple.com/indigo//3a/ce/ce/33/3acece33f14dc1d8a8297ecef01759ff52426be58aad87c1fde5a14f561706ae-14397750118.png"}},{"slug":"soft6007-slides08pdf-14240032544","title":"SOFT6007-Slides08.pdf","description":"Position. Background images. Color","pubdate":"2012-03-15T13:26:19.000Z","link":null,"guid":"14240032544","podcast":{"title":"Web Development Fundamentals - SOFT6007 Dcom1","description":"Web Development Fundamentals - SOFT6007 Dcom1","image":"http://deimos3.apple.com/indigo//3a/ce/ce/33/3acece33f14dc1d8a8297ecef01759ff52426be58aad87c1fde5a14f561706ae-14397750118.png"}},{"slug":"class-09-14240032547","title":"Class 09","description":"Lists. Physical vs Logical Markup. Image Maps.","pubdate":"2012-02-17T13:33:47.000Z","link":null,"guid":"14240032547","podcast":{"title":"Web Development Fundamentals - SOFT6007 Dcom1","description":"Web Development Fundamentals - SOFT6007 Dcom1","image":"http://deimos3.apple.com/indigo//3a/ce/ce/33/3acece33f14dc1d8a8297ecef01759ff52426be58aad87c1fde5a14f561706ae-14397750118.png"}},{"slug":"class-12-14240032550","title":"Class 12","description":"How many colours in the rainbow?","pubdate":"2012-02-24T13:34:58.000Z","link":null,"guid":"14240032550","podcast":{"title":"Web Development Fundamentals - SOFT6007 Dcom1","description":"Web Development Fundamentals - SOFT6007 Dcom1","image":"http://deimos3.apple.com/indigo//3a/ce/ce/33/3acece33f14dc1d8a8297ecef01759ff52426be58aad87c1fde5a14f561706ae-14397750118.png"}},{"slug":"class-13-14240032553","title":"Class 13","description":"Cascading Style Sheets.","pubdate":"2012-02-27T13:35:44.000Z","link":null,"guid":"14240032553","podcast":{"title":"Web Development Fundamentals - SOFT6007 Dcom1","description":"Web Development Fundamentals - SOFT6007 Dcom1","image":"http://deimos3.apple.com/indigo//3a/ce/ce/33/3acece33f14dc1d8a8297ecef01759ff52426be58aad87c1fde5a14f561706ae-14397750118.png"}},{"slug":"class-14-14240032556","title":"Class 14","description":"Styling a Table with CSS.","pubdate":"2012-02-29T13:36:34.000Z","link":null,"guid":"14240032556","podcast":{"title":"Web Development Fundamentals - SOFT6007 Dcom1","description":"Web Development Fundamentals - SOFT6007 Dcom1","image":"http://deimos3.apple.com/indigo//3a/ce/ce/33/3acece33f14dc1d8a8297ecef01759ff52426be58aad87c1fde5a14f561706ae-14397750118.png"}},{"slug":"class-17-14240032559","title":"Class 17","description":"Contextual Selectors. Class. ID. Styling a Table using classes.","pubdate":"2012-03-07T13:37:08.000Z","link":null,"guid":"14240032559","podcast":{"title":"Web Development Fundamentals - SOFT6007 Dcom1","description":"Web Development Fundamentals - SOFT6007 Dcom1","image":"http://deimos3.apple.com/indigo//3a/ce/ce/33/3acece33f14dc1d8a8297ecef01759ff52426be58aad87c1fde5a14f561706ae-14397750118.png"}},{"slug":"class-18-14240032562","title":"Class 18","description":"Digital Colour. Hue Saturation Brightness (HSB). Red Green Blue (RGB). HTML hex color codes.","pubdate":"2012-03-10T13:38:05.000Z","link":null,"guid":"14240032562","podcast":{"title":"Web Development Fundamentals - SOFT6007 Dcom1","description":"Web Development Fundamentals - SOFT6007 Dcom1","image":"http://deimos3.apple.com/indigo//3a/ce/ce/33/3acece33f14dc1d8a8297ecef01759ff52426be58aad87c1fde5a14f561706ae-14397750118.png"}},{"slug":"class-19-14240032565","title":"Class 19","description":"Digital Colour. Red Green Blue (RGB). Lab. Lightness. Luminance & Chrominance. Graphics Interchange Format (GIF). Compression.","pubdate":"2012-03-12T13:39:08.000Z","link":null,"guid":"14240032565","podcast":{"title":"Web Development Fundamentals - SOFT6007 Dcom1","description":"Web Development Fundamentals - SOFT6007 Dcom1","image":"http://deimos3.apple.com/indigo//3a/ce/ce/33/3acece33f14dc1d8a8297ecef01759ff52426be58aad87c1fde5a14f561706ae-14397750118.png"}},{"slug":"class-20-14240032568","title":"Class 20","description":"Lab. CSS. Float. Position.","pubdate":"2012-03-14T13:39:55.000Z","link":null,"guid":"14240032568","podcast":{"title":"Web Development Fundamentals - SOFT6007 Dcom1","description":"Web Development Fundamentals - SOFT6007 Dcom1","image":"http://deimos3.apple.com/indigo//3a/ce/ce/33/3acece33f14dc1d8a8297ecef01759ff52426be58aad87c1fde5a14f561706ae-14397750118.png"}},{"slug":"class-21-14240032571","title":"Class 21","description":"Three Column Layout in CSS.","pubdate":"2012-03-16T13:40:15.000Z","link":null,"guid":"14240032571","podcast":{"title":"Web Development Fundamentals - SOFT6007 Dcom1","description":"Web Development Fundamentals - SOFT6007 Dcom1","image":"http://deimos3.apple.com/indigo//3a/ce/ce/33/3acece33f14dc1d8a8297ecef01759ff52426be58aad87c1fde5a14f561706ae-14397750118.png"}},{"slug":"class-23-lab-14372653007","title":"Class 23 Lab","description":"Forms","pubdate":"2012-03-21T14:47:30.000Z","link":null,"guid":"14372653007","podcast":{"title":"Web Development Fundamentals - SOFT6007 Dcom1","description":"Web Development Fundamentals - SOFT6007 Dcom1","image":"http://deimos3.apple.com/indigo//3a/ce/ce/33/3acece33f14dc1d8a8297ecef01759ff52426be58aad87c1fde5a14f561706ae-14397750118.png"}},{"slug":"class-24-14372653009","title":"Class 24","description":"Three Column Layout in CSS. Introduction to JavaScript. Random numbers.","pubdate":"2012-03-23T14:48:46.000Z","link":null,"guid":"14372653009","podcast":{"title":"Web Development Fundamentals - SOFT6007 Dcom1","description":"Web Development Fundamentals - SOFT6007 Dcom1","image":"http://deimos3.apple.com/indigo//3a/ce/ce/33/3acece33f14dc1d8a8297ecef01759ff52426be58aad87c1fde5a14f561706ae-14397750118.png"}},{"slug":"class-25-14372653011","title":"Class 25","description":"JavaScript. Rollovers. getElementById","pubdate":"2012-03-27T13:49:51.000Z","link":null,"guid":"14372653011","podcast":{"title":"Web Development Fundamentals - SOFT6007 Dcom1","description":"Web Development Fundamentals - SOFT6007 Dcom1","image":"http://deimos3.apple.com/indigo//3a/ce/ce/33/3acece33f14dc1d8a8297ecef01759ff52426be58aad87c1fde5a14f561706ae-14397750118.png"}},{"slug":"class-27-14783319439","title":"Class 27","description":"GIF. JPEG. Transparency. PNG.","pubdate":"2012-03-30T10:55:55.000Z","link":null,"guid":"14783319439","podcast":{"title":"Web Development Fundamentals - SOFT6007 Dcom1","description":"Web Development Fundamentals - SOFT6007 Dcom1","image":"http://deimos3.apple.com/indigo//3a/ce/ce/33/3acece33f14dc1d8a8297ecef01759ff52426be58aad87c1fde5a14f561706ae-14397750118.png"}},{"slug":"soft6008-01bpdf-14271043742","title":"SOFT6008-01b.pdf","description":"Intro. to JavaScript. Time based greeting. Random numbers. Image tags","pubdate":"2012-03-23T16:20:08.000Z","link":null,"guid":"14271043742","podcast":{"title":"Web Development Fundamentals - SOFT6007 Dcom1","description":"Web Development Fundamentals - SOFT6007 Dcom1","image":"http://deimos3.apple.com/indigo//3a/ce/ce/33/3acece33f14dc1d8a8297ecef01759ff52426be58aad87c1fde5a14f561706ae-14397750118.png"}},{"slug":"soft6008-02jpdf-14271043745","title":"SOFT6008-02j.pdf","description":"Prompts. Loops. Rollovers","pubdate":"2012-03-26T15:21:12.000Z","link":null,"guid":"14271043745","podcast":{"title":"Web Development Fundamentals - SOFT6007 Dcom1","description":"Web Development Fundamentals - SOFT6007 Dcom1","image":"http://deimos3.apple.com/indigo//3a/ce/ce/33/3acece33f14dc1d8a8297ecef01759ff52426be58aad87c1fde5a14f561706ae-14397750118.png"}},{"slug":"html-12-formspdf-14271043748","title":"html-12-forms.pdf","description":"Forms","pubdate":"2012-03-22T16:23:28.000Z","link":null,"guid":"14271043748","podcast":{"title":"Web Development Fundamentals - SOFT6007 Dcom1","description":"Web Development Fundamentals - SOFT6007 Dcom1","image":"http://deimos3.apple.com/indigo//3a/ce/ce/33/3acece33f14dc1d8a8297ecef01759ff52426be58aad87c1fde5a14f561706ae-14397750118.png"}},{"slug":"special-charspdf-14271043751","title":"special-chars.pdf","description":"HTML Entities","pubdate":"2012-02-06T16:22:14.000Z","link":null,"guid":"14271043751","podcast":{"title":"Web Development Fundamentals - SOFT6007 Dcom1","description":"Web Development Fundamentals - SOFT6007 Dcom1","image":"http://deimos3.apple.com/indigo//3a/ce/ce/33/3acece33f14dc1d8a8297ecef01759ff52426be58aad87c1fde5a14f561706ae-14397750118.png"}}]}