{
    "title": "Accepting Money on the Internet 💰💸",
    "description": "<p>In this episode we talk about how to accept money on the internet including the ups of Stripe, the downs of PayPal.</p> Sponsor <ul> <li><a href=\"https://freshbooks.com/syntax\">Freshbooks</a> - Get 30 days free. Make sure to enter SYNTAX into the \"How did you hear about us\" section.</li> </ul> Show Notes <ul> <li><a href=\"http://www.apollodata.com/\">Apollo</a></li> <li><a href=\"http://dev.apollodata.com/react/\">React Apollo</a></li> <li><a href=\"https://graph.cool/\">GraphCool</a></li> <li><a href=\"http://stripe.com/\">Stripe</a></li> <li><a href=\"http://paypal.com/\">PayPal</a></li> <li><a href=\"https://www.braintreepayments.com/\">Braintree</a></li> <li><a href=\"https://stripe.com/docs\">Stripe Docs</a></li> <li><a href=\"https://wiki.whatwg.org/wiki/Autocomplete_Types\">HTML5 Autocomplete Types</a></li> <li><a href=\"https://stripe.com/docs/radar\">Stripe Radar</a></li> <li><a href= \"http://travelblogbreakthrough.com/canadian-paypal-users-transfer-usd-bank/\"> Royal Bank PayPal WorkAround</a></li> <li><a href=\"https://stripe.com/atlas\">Stripe Atlas</a></li> <li><a href= \"https://transferwise.com/u/wesleyb22\">Transferwise</a></li> <li><a href=\"https://stripe.com/bitcoin\">Stripe Bitcoin</a></li> </ul> Sick Picks <ul> <li><a href= \"https://www.youtube.com/user/chefsteps\">ChefSteps</a></li> <li><a href=\"http://what-cha.com/\">What Cha Tea</a></li> </ul> Shameless Plugs <ul> <li><a href=\"https://wesbos.com/courses\">Wes' Courses</a></li> <li><a href=\"https://www.youtube.com/user/LevelUpTuts\">Level UP Tutorials Youtube</a></li> <li><a href=\"https://www.howtographql.com/\">How to GraphQL</a></li> </ul> Twitter <ul> <li><a href=\"https://twitter.com/wesbos\">Wes Bos</a></li> <li><a href=\"https://twitter.com/stolinski\">Scott Tolinski</a></li> <li><a href=\"https://twitter.com/SyntaxFM\">Syntax</a></li> </ul>",
    "pubdate": "2017-08-09T15:30:00.000Z",
    "link": "http://traffic.libsyn.com/syntax/Syntax006.mp3",
    "guid": "c47fbf6911463017dbc81fc2a90e5ebc",
    "image": "http://static.libsyn.com/p/assets/7/9/0/7/790703531a3c8eca/iTunes_Artwork.png",
    "podcast": {
        "title": "Syntax - Tasty Web Development Treats",
        "description": "Wes Bos and Scott Tolinski are two full stack web developers who like to break down complex topics and make them easy to understand.",
        "image": "http://static.libsyn.com/p/assets/7/9/0/7/790703531a3c8eca/iTunes_Artwork.png"
    }
}