{
    "title": "Advice for New Developers, Imposter Syndrome and Interviewing at Google",
    "description": "<p>Scott and Wes dish out some tasty advice to developers who are new to web development. How do you get better? How do you deal with imposter syndrome?</p> Sponsor <ul> <li><a href=\"https://freshbooks.com/syntax\" target=\"_blank\" rel= \"noopener\">Freshbooks</a> - Get 30 days free. Make sure to enter SYNTAX into the \"How did you hear about us\" section.</li> </ul> Shameless Plugs <ul> <li><a href=\"https://es6.io/\" target=\"_blank\" rel=\"noopener\">Wes just updated his ES6 course!</a></li> <li><a href= \"https://www.leveluptutorials.com/store/products/tutorials/lut-dd015\" target=\"_blank\" rel=\"noopener\">Mastering Figma is now Launched!</a></li> </ul> Show Notes <p>This show is light on links :)</p> <ul> <li><a href=\"https://vimeo.com/85040589\" target=\"_blank\" rel= \"noopener\">The Gap by Ira Glass</a></li> <li><a href=\"https://github.com/sahat/hackathon-starter\" target= \"_blank\" rel=\"noopener\">Hackathon Stater</a></li> </ul> Sick Picks <ul> <li><a href=\"https://www.nintendo.com/switch/\" target=\"_blank\" rel= \"noopener\">Nintendo Switch</a></li> <li><a href=\"https://creativemarket.com/fonts\" target=\"_blank\" rel= \"noopener\">Creative Market Fonts</a></li> </ul> Tweet us your tips! <ul> <li><a href=\"https://twitter.com/wesbos\" target=\"_blank\" rel= \"noopener\">Wes Bos</a></li> <li><a href=\"https://twitter.com/stolinski\" target=\"_blank\" rel= \"noopener\">Scott Tolinski</a></li> <li>Make sure to include <a href= \"https://twitter.com/SyntaxFM\" target=\"_blank\" rel= \"noopener\">@SyntaxFM</a></li> </ul>",
    "pubdate": "2017-10-11T12:00:00.000Z",
    "link": "http://traffic.libsyn.com/syntax/Syntax015.mp3",
    "guid": "9a570de6416c74f7c882396552b59dd0",
    "image": "http://static.libsyn.com/p/assets/7/9/0/7/790703531a3c8eca/iTunes_Artwork.png",
    "podcast": {
        "title": "Syntax - Tasty Web Development Treats",
        "description": "Wes Bos and Scott Tolinski are two full stack web developers who like to break down complex topics and make them easy to understand.",
        "image": "http://static.libsyn.com/p/assets/7/9/0/7/790703531a3c8eca/iTunes_Artwork.png"
    }
}