{
    "title": "CSS in JS 💅👩‍🎤💁🚒 (Drama Free!)",
    "description": "<p>The most requested syntax episode ever! We break down CSS in JavaScript. Pros/Cons? What is it? What problems does it solve? What libraries should you use? Is it stupid or amazing?</p> Sponsor <ul> <li><a href=\"https://freshbooks.com/syntax\" target=\"_blank\" rel= \"noopener\">Freshbooks</a> - Get 30 days free. Make sure to enter SYNTAX into the \"How did you hear about us\" section.</li> </ul> Follow us on twitter! <ul> <li><a href=\"https://twitter.com/wesbos\" target=\"_blank\" rel= \"noopener\">Wes Bos</a></li> <li><a href=\"https://twitter.com/stolinski\" target=\"_blank\" rel= \"noopener\">Scott Tolinski</a></li> <li><a href=\"https://twitter.com/SyntaxFM\" target=\"_blank\" rel= \"noopener\">Syntax</a></li> </ul> Show Notes <ul> <li><a href=\"http://getbem.com/\" target=\"_blank\" rel= \"noopener\">BEM</a></li> <li><a href=\"https://www.styled-components.com/\" target=\"_blank\" rel=\"noopener\">Styled Components</a></li> <li><a href=\"https://github.com/tkh44/emotion\" target=\"_blank\" rel= \"noopener\">Emotion</a></li> <li><a href=\"https://github.com/FormidableLabs/radium\" target= \"_blank\" rel=\"noopener\">Radium</a></li> <li><a href=\"https://github.com/paypal/glamorous\" target=\"_blank\" rel=\"noopener\">Glamorous</a></li> <li><a href=\"https://github.com/zeit/styled-jsx\" target=\"_blank\" rel=\"noopener\">Styled JSX</a></li> </ul> Sick Picks <ul> <li><a href=\"http://www.boxyapp.co/\" target=\"_blank\" rel= \"noopener\">Boxyapp Mail Client</a></li> <li><a href=\"http://amzn.to/2wFYNpc\" target=\"_blank\" rel= \"noopener\">Airpods</a></li> </ul> Shameless Plugs <ul> <li><a href=\"https://www.leveluptutorials.com/\" target=\"_blank\" rel=\"noopener\">Grab Level Up Tuts before the price goes up!</a></li> <li><a href=\"https://moderndevtools.com/\" target=\"_blank\" rel= \"noopener\">Modern Dev Tools</a></li> </ul>",
    "pubdate": "2017-09-06T14:02:47.000Z",
    "link": "http://traffic.libsyn.com/syntax/Syntax010.mp3",
    "guid": "b5c0b4cc7e36fdd3fb8daf141480ceb8",
    "image": "http://static.libsyn.com/p/assets/7/9/0/7/790703531a3c8eca/iTunes_Artwork.png",
    "podcast": {
        "title": "Syntax - Tasty Web Development Treats",
        "description": "Wes Bos and Scott Tolinski are two full stack web developers who like to break down complex topics and make them easy to understand.",
        "image": "http://static.libsyn.com/p/assets/7/9/0/7/790703531a3c8eca/iTunes_Artwork.png"
    }
}