{"title":"CSS Preprocessors and Structuring CSS - 003","description":"Show Notes <ul> <li><a href=\"http://wesbos.com/\">WesBos Website</a></li> <li><a href=\"https://leveluptutorials.com/\">Level Up Tutorials</a></li> <li><a href=\"http://graphql.org/\">GraphQL</a></li> <li><a href=\"https://dinosaurjs.org/\">Dinosaur JS Conference</a></li> <li><a href=\"https://angular.io/\">Angular</a></li> <li><a href=\"https://pugjs.org/api/getting-started.html\">Pug / Jade</a></li> <li><a href=\"http://www.embeddedjs.com/\">EJS</a></li> <li><a href=\"https://en.bem.info/methodology/\">BEM Methodology</a></li> <li><a href=\"http://stylus-lang.com/\">Stylus</a></li> <li><a href=\"http://jescalan.github.io/rupture/\">Rupture</a></li> <li><a href=\"http://lesscss.org/\">Less</a></li> <li><a href=\"http://sass-lang.com/\">Sass</a></li> <li><a href=\"http://postcss.org/\">PostCSS</a></li> <li><a href=\"https://github.com/postcss/autoprefixer\">PostCSS Autoprefixer</a></li> <li><a href= \"https://simplaio.github.io/rucksack/\">RuckSack</a></li> <li><a href=\"http://cssnext.io/\">cssnext</a></li> <li><a href=\"http://lostgrid.org/\">LostGrid</a></li> <li><a href=\"http://getbootstrap.com/\">Bootstrap</a></li> <li><a href=\"http://haml.info/\">Haml</a></li> <li><a href=\"https://babeljs.io/\">Babel</a></li> <li><a href=\"https://flickity.metafizzy.co/\">Flickity Plugin</a></li> <li><a href=\"https://webpack.js.org/\">webpack</a></li> <li><a href=\"http://compass-style.org/\">Compass</a></li> <li><a href=\"https://facebook.github.io/react/\">React</a></li> </ul> <a id=\"user-content-sick-picks\" class=\"anchor\" href= \"https://github.com/wesbos/Syntax/blob/master/shows/003%20-%20CSS%20Preprocessors%20and%20Structuring%20CSS.md#sick-picks\" name=\"user-content-sick-picks\"></a>Sick Picks <a id=\"user-content-bartender-2\" class=\"anchor\" href= \"https://github.com/wesbos/Syntax/blob/master/shows/003%20-%20CSS%20Preprocessors%20and%20Structuring%20CSS.md#bartender-2\" name=\"user-content-bartender-2\"></a><a href= \"https://www.macbartender.com/\">Bartender 2</a> <p>Lets you organize your menu bar apps, by hiding them, rearranging them, or moving them to the Bartender Bar.</p> <a id=\"user-content-vanilla\" class=\"anchor\" href= \"https://github.com/wesbos/Syntax/blob/master/shows/003%20-%20CSS%20Preprocessors%20and%20Structuring%20CSS.md#vanilla\" name=\"user-content-vanilla\"></a><a href= \"http://matthewpalmer.net/vanilla/\">Vanilla</a> <p>Hide menu bar icons on your Mac.</p> <a id=\"user-content-power-blocks\" class=\"anchor\" href= \"https://github.com/wesbos/Syntax/blob/master/shows/003%20-%20CSS%20Preprocessors%20and%20Structuring%20CSS.md#power-blocks\" name=\"user-content-power-blocks\"></a><a href= \"http://www.powerblock.com/\">Power Blocks</a> <p>One set of Power Block replaces racks of dumbbells</p> <a id=\"user-content-shameless-plugs\" class=\"anchor\" href= \"https://github.com/wesbos/Syntax/blob/master/shows/003%20-%20CSS%20Preprocessors%20and%20Structuring%20CSS.md#shameless-plugs\" name=\"user-content-shameless-plugs\"></a>Shameless Plugs <a id=\"user-content-javascript30\" class=\"anchor\" href= \"https://github.com/wesbos/Syntax/blob/master/shows/003%20-%20CSS%20Preprocessors%20and%20Structuring%20CSS.md#javascript30\" name=\"user-content-javascript30\"></a><a href= \"https://javascript30.com/\">JavaScript30</a> <p>A Free 30 Day Vanilla JS Coding Challenge Course. Build 30 things in 30 days with 30 tutorials. No Frameworks No Compilers No Libraries No Boilerplate. Join 101,746 others.</p> <a id= \"user-content-the-sketch-course--ux-prototyping-with-principle-combo\" class=\"anchor\" href= \"https://github.com/wesbos/Syntax/blob/master/shows/003%20-%20CSS%20Preprocessors%20and%20Structuring%20CSS.md#the-sketch-course--ux-prototyping-with-principle-combo\" name= \"user-content-the-sketch-course--ux-prototyping-with-principle-combo\"> </a><a href= \"https://store.leveluptutorials.com/products/tutorials/lut-dd013008\">The Sketch Course & UX Prototyping with Principle Combo</a> <p>Limited Sale Price: $39.99 $49.99</p> <p>Learn the new industry standard for web design. Become an expert in the app that is changing how designers work in the modern web and app design world.</p> <p><em>Animate Your Ideas, Design Better Apps</em></p> <p>Principle makes it easy to design animated and interactive user interfaces. Whether you're designing the flow of a multi-screen app, or new interactions and animations, Principle lets you create designs that look and feel amazing.</p> <a id=\"user-content-twitter\" class=\"anchor\" href= \"https://github.com/wesbos/Syntax/blob/master/shows/003%20-%20CSS%20Preprocessors%20and%20Structuring%20CSS.md#twitter\" name=\"user-content-twitter\"></a>Twitter <ul> <li><a href=\"https://twitter.com/wesbos\">Wes Bos</a></li> <li><a href=\"https://twitter.com/stolinski\">Scott Tolinski</a></li> </ul>","pubdate":"2017-07-19T12:00:00.000Z","link":"http://traffic.libsyn.com/syntax/Syntax003.mp3","guid":"116f0b7c607fee94ff6949bc3f2f86d4","image":"http://static.libsyn.com/p/assets/7/9/0/7/790703531a3c8eca/iTunes_Artwork.png","podcast":{"title":"Syntax - Tasty Web Development Treats","description":"Wes Bos and Scott Tolinski are two full stack web developers who like to break down complex topics and make them easy to understand.","image":"http://static.libsyn.com/p/assets/7/9/0/7/790703531a3c8eca/iTunes_Artwork.png"}}