{"title":"Dang, that's handy! JavaScript Utility Libraries 🛠️","description":"<p>Scott and talk all about different JavaScript utility libraries that make you say \"Dang, that's handy!\"</p> Sponsor <ul> <li><a href=\"https://freshbooks.com/syntax\" target=\"_blank\" rel= \"noopener\">Freshbooks</a> - Get 30 days free. Make sure to enter SYNTAX into the \"How did you hear about us\" section.</li> </ul> Show Notes <ul> <li><a href=\"https://lodash.com/docs/4.17.4\" target=\"_blank\" rel= \"noopener\">Lodash</a></li> <li><a href=\"http://underscorejs.org/\" target=\"_blank\" rel= \"noopener\">Underscore</a></li> <li>You should follow <a href=\"https://twitter.com/jdalton\" target=\"_blank\" rel=\"noopener\">John David Dalton</a> on twitter</li> <li><a href=\"https://momentjs.com/\" target=\"_blank\" rel= \"noopener\">Moment.js</a></li> <li><a href= \"https://medium.com/@timrwood/moment-endof-term-522d8965689\" target=\"_blank\" rel=\"noopener\">moment().endOf(‘term’)</a></li> <li><a href=\"https://date-fns.org/\" target=\"_blank\" rel= \"noopener\">date-fns</a></li> <li><a href=\"https://www.npmjs.com/package/slugify\" target=\"_blank\" rel=\"noopener\">Slugify</a></li> <li><a href=\"https://github.com/pid/speakingurl\" target=\"_blank\" rel=\"noopener\">speakingurl</a></li> <li><a href= \"https://developer.mozilla.org/en/docs/Web/API/Fetch_API\" target= \"_blank\" rel=\"noopener\">Fetch API</a></li> <li><a href=\"https://github.com/mzabriskie/axios\" target=\"_blank\" rel=\"noopener\">Axios</a></li> <li><a href=\"https://www.npmjs.com/package/cookiejar\" target= \"_blank\" rel=\"noopener\">Cookie Jar</a></li> <li><a href=\"https://github.com/marcuswestin/store.js\" target= \"_blank\" rel=\"noopener\">store.js</a></li> <li><a href=\"https://github.com/zendesk/cross-storage\" target= \"_blank\" rel=\"noopener\">Cross Storage</a></li> <li><a href=\"https://github.com/marak/Faker.js/\" target=\"_blank\" rel=\"noopener\">Faker.js</a></li> <li><a href= \"https://developer.mozilla.org/en-US/docs/Web/API/URL/searchParams\" target=\"_blank\" rel=\"noopener\">Woah URL.searchParams() is a thing</a></li> <li><a href=\"https://www.npmjs.com/package/parseuri\" target= \"_blank\" rel=\"noopener\">Parse URI</a></li> <li><a href= \"https://www.npmjs.com/package/url-search-params-polyfill\" target= \"_blank\" rel=\"noopener\">url-search-params-polyfill</a></li> <li><a href=\"https://ngrok.com/\" target=\"_blank\" rel= \"noopener\">ngrok</a></li> <li><a href=\"https://www.browsersync.io/\" target=\"_blank\" rel= \"noopener\">Browsesync</a></li> <li><a href=\"https://caolan.github.io/async/\" target=\"_blank\" rel= \"noopener\">Async</a></li> <li><a href= \"https://gist.github.com/paulirish/12fb951a8b893a454b32\" target= \"_blank\" rel=\"noopener\">Bling.js</a></li> </ul> Sick Picks <ul> <li><a href=\"http://amzn.to/2vqp77J\" target=\"_blank\" rel= \"noopener\">Essentialism Book</a></li> <li><a href=\"http://amzn.to/2xLolPn\" target=\"_blank\" rel= \"noopener\">Essentialism Audiobook</a></li> <li><a href=\"http://amzn.to/2xwiy0W\" target=\"_blank\" rel= \"noopener\">Satechi Aluminum Multi-Port Adapter</a></li> <li><a href=\"http://amzn.to/2xwuGPm\" target=\"_blank\" rel= \"noopener\">Satechi all Docks</a></li> </ul> Shameless Plugs <ul> <li><a href=\"https://www.instagram.com/dhanishgajjar/\" target= \"_blank\" rel=\"noopener\">Dhanish Gajjar's Instagram</a></li> <li><a href=\"https://pawelgrzybek.com/snippet-generator/\" target= \"_blank\" rel=\"noopener\">Paweł Grzybek's Snippet Generator</a></li> </ul> Twitter <ul> <li><a href=\"https://twitter.com/wesbos\" target=\"_blank\" rel= \"noopener\">Wes Bos</a></li> <li><a href=\"https://twitter.com/stolinski\" target=\"_blank\" rel= \"noopener\">Scott Tolinski</a></li> <li><a href=\"https://twitter.com/SyntaxFM\" target=\"_blank\" rel= \"noopener\">Syntax</a></li> </ul>","pubdate":"2017-08-30T13:30:00.000Z","link":"http://traffic.libsyn.com/syntax/Syntax009.mp3","guid":"cae7752a19684f6afa2147106c69f010","image":"http://static.libsyn.com/p/assets/7/9/0/7/790703531a3c8eca/iTunes_Artwork.png","podcast":{"title":"Syntax - Tasty Web Development Treats","description":"Wes Bos and Scott Tolinski are two full stack web developers who like to break down complex topics and make them easy to understand.","image":"http://static.libsyn.com/p/assets/7/9/0/7/790703531a3c8eca/iTunes_Artwork.png"}}