{"title":"How to Slam Dunk Freelancing 🏀🤑","description":"Sponsor <ul> <li><a href=\"https://deliciousbrains.com/syntax\">Deliciousbrains WP Migrate DB Pro</a> - Use the code SYNTAX for 20% off</li> </ul> Show Notes <ul> <li><a href=\"https://bos.af/\">Stickers</a> - SOLD OUT MORE SOON</li> <li><a href=\"http://scotttolinski.com/\">Scott's Personal Website on Gatsby</a></li> <li><a href=\"https://www.youtube.com/watch?v=xqaThBnesfY\">Gatsby Codealong</a></li> <li><a href=\"https://github.com/gatsbyjs/gatsby\">Gatsby</a></li> <li><a href=\"https://mjml.io/\">MJML Email Framework</a></li> <li><a href=\"http://amzn.to/2f8y8Li\">The E-Myth Revisited Book</a></li> <li><a href=\"http://amzn.to/2uZ9CQw\">Design is a Job</a></li> <li><a href= \"https://www.freshbooks.com/blog/breakingthetimebarrier\">Breaking the Time Barrier</a></li> <li><a href=\"https://basecamp.com/\">Basecamp</a></li> <li><a href=\"https://trello.com/\">Trello</a></li> <li><a href= \"http://www.shareasale.com/r.cfm?B=963929&U=976068&M=52946&urllink=\"> Freshbooks</a></li> <li><a href=\"https://www.waveapps.com/\">Wave</a></li> </ul> Sick Picks <ul> <li><a href=\"https://github.com/tekezo/Karabiner-Elements/\">Hyper Key + Karabiner Elements</a></li> <li><a href=\"https://www.boastr.net/\">Better Touch Tool</a></li> <li><a href= \"https://www.viceland.com/en_us/show/king-of-the-road\">King of the Road</a></li> </ul> Twitter <ul> <li><a href=\"https://twitter.com/wesbos\">Wes Bos</a></li> <li><a href=\"https://twitter.com/stolinski\">Scott Tolinski</a></li> <li><a href=\"https://twitter.com/SyntaxFM\">Syntax</a></li> </ul>","pubdate":"2017-08-02T14:55:51.000Z","link":"http://traffic.libsyn.com/syntax/Syntax005.mp3","guid":"d9cdb5913780b7bd1952a83f9375ac79","image":"http://static.libsyn.com/p/assets/7/9/0/7/790703531a3c8eca/iTunes_Artwork.png","podcast":{"title":"Syntax - Tasty Web Development Treats","description":"Wes Bos and Scott Tolinski are two full stack web developers who like to break down complex topics and make them easy to understand.","image":"http://static.libsyn.com/p/assets/7/9/0/7/790703531a3c8eca/iTunes_Artwork.png"}}