{"title":"JavaScript Tooling - 004","description":"Show Notes <ul> <li><a href= \"https://deliciousbrains.com/wp-migrate-db-pro/\">Deliciousbrains WP Migrate DB Pro</a></li> <li><a href=\"http://wesbos.com/\">WesBos Website</a></li> <li><a href=\"https://leveluptutorials.com/\">Level Up Tutorials</a></li> <li><a href=\"http://www.yes-www.org/why-use-www/\">WHY USE WWW?</a></li> <li><a href=\"https://webpack.github.io/\">Webpack</a></li> <li><a href=\"https://babeljs.io/\">Babel</a></li> <li><a href=\"http://eslint.org/\">ESLint</a></li> <li><a href= \"https://github.com/prettier/prettier\">Prettier</a></li> <li><a href=\"https://github.com/babel/babili\">Babili</a></li> <li><a href=\"https://prepack.io/\">Prepack</a></li> </ul> Sick Picks <a href= \"https://www.figma.com/\">Figma</a> <p>Turn Ideas into Products Faster Design, prototype, and gather feedback all in one place with Figma.</p>  <a href=\"http://www.caldigit.com/thunderbolt-3-dock/#TS3\">CalDigit TS3 Dock</a> <p>The TS3 is designed for users who require their Thunderbolt™ dock to act as the main charging hub for their laptop. Delivering the reality of single cable charging, ONE Thunderbolt™ 3 cable is all it takes for a clean, elegant and streamlined workspace.</p> Shameless Plugs <a href= \"https://javascript30.com/\">JavaScript30</a> <p>A Free 30 Day Vanilla JS Coding Challenge Course. Build 30 things in 30 days with 30 tutorials. No Frameworks No Compilers No Libraries No Boilerplate. Join 101,746 others.</p>  <a href= \"https://www.leveluptutorials.com/store/products/tutorials/lut-dd014\"> React Native for everyone</a> Twitter <ul> <li><a href=\"https://twitter.com/wesbos\">Wes Bos</a></li> <li><a href=\"https://twitter.com/stolinski\">Scott Tolinski</a></li> </ul>","pubdate":"2017-07-26T17:00:00.000Z","link":"http://traffic.libsyn.com/syntax/Syntax004.mp3","guid":"7e5dbc453f1cfba567cc158c4ad3f5ce","image":"http://static.libsyn.com/p/assets/7/9/0/7/790703531a3c8eca/iTunes_Artwork.png","podcast":{"title":"Syntax - Tasty Web Development Treats","description":"Wes Bos and Scott Tolinski are two full stack web developers who like to break down complex topics and make them easy to understand.","image":"http://static.libsyn.com/p/assets/7/9/0/7/790703531a3c8eca/iTunes_Artwork.png"}}