{"title":"Our favourite Productivity Hacks 🔥","description":"<p>Scott and Wes - Do you sleep? How do you get so much done? You replied to me way too fast! We share our best productivity hot tips and the apps we use the GSD.</p> Sponsor <ul> <li><a href=\"https://freshbooks.com/syntax\" target=\"_blank\" rel= \"noopener\">Freshbooks</a> - Get 30 days free. Make sure to enter SYNTAX into the \"How did you hear about us\" section.</li> </ul> Follow us on twitter! <ul> <li><a href=\"https://twitter.com/wesbos\" target=\"_blank\" rel= \"noopener\">Wes Bos</a></li> <li><a href=\"https://twitter.com/stolinski\" target=\"_blank\" rel= \"noopener\">Scott Tolinski</a></li> <li><a href=\"https://twitter.com/SyntaxFM\" target=\"_blank\" rel= \"noopener\">Syntax</a></li> </ul> Show Notes <ul> <li><a href=\"https://www.alfredapp.com/\" target=\"_blank\" rel= \"noopener\">Alfred</a></li> <li><a href=\"http://www.packal.org/\" target=\"_blank\" rel= \"noopener\">Alfred Package Manager -Packal</a></li> <li><a href=\"http://www.packal.org/workflow/units\" target=\"_blank\" rel=\"noopener\">Alfred Units Conversion Workflow</a></li> <li><a href=\"https://github.com/wesbos/Cobalt2-Alfred-Theme\" target=\"_blank\" rel=\"noopener\">Cobalt2 Alfred Theme</a></li> <li><a href=\"http://www.packal.org/workflow/timezones\" target= \"_blank\" rel=\"noopener\">Alfred Timezones Workflow</a></li> <li><a href=\"https://github.com/ngreenstein/alfred-process-killer\" target=\"_blank\" rel=\"noopener\">Alfred Process Kill Workflow</a></li> <li>⌘+L makes text huge!</li> <li><a href= \"https://github.com/ruedap/alfred-font-awesome-workflow\" target= \"_blank\" rel=\"noopener\">Alfred Font Awesome Workflow</a></li> <li><a href= \"https://github.com/willfarrell/alfred-encode-decode-workflow\" target=\"_blank\" rel=\"noopener\">Alfred Encode / Decode Workflow</a></li> <li><a href=\"https://github.com/yannickglt/alfred-devdocs\" target= \"_blank\" rel=\"noopener\">Alfred DevDocs Workflow</a></li> <li><a href=\"https://github.com/deanishe/alfred-stackoverflow\" target=\"_blank\" rel=\"noopener\">Alfred Stack Overflow Workflow</a></li> <li><a href=\"https://clipy-app.com/\" target=\"_blank\" rel= \"noopener\">Clipy Clipboard Manager App</a></li> <li><a href=\"https://en.todoist.com/\" target=\"_blank\" rel= \"noopener\">Todoist</a></li> <li><a href=\"https://culturedcode.com/things/\" target=\"_blank\" rel= \"noopener\">Things App</a></li> <li><a href= \"https://www.amazon.ca/Getting-Things-Done-Stress-Free-Productivity/dp/0143126563/ref=pd_lpo_sbs_14_t_0?_encoding=UTF8&psc=1&refRID=MHJARXPDAEP4QJA5R0FP\" target=\"_blank\" rel=\"noopener\">Getting Things Done Book</a></li> <li><a href=\"https://git-scm.com/book/en/v2/Git-Basics-Git-Aliases\" target=\"_blank\" rel=\"noopener\">Git Alias</a></li> <li><a href=\"https://smilesoftware.com/textexpander\" target= \"_blank\" rel=\"noopener\">Text Expander</a></li> <li><a href=\"https://www.trankynam.com/atext/\" target=\"_blank\" rel= \"noopener\">aText</a></li> <li><a href=\"https://evernote.com/\" target=\"_blank\" rel= \"noopener\">Evernote</a></li> <li>[Video Speed Controller]<a href= \"https://chrome.google.com/webstore/detail/video-speed-controller/nffaoalbilbmmfgbnbgppjihopabppdk?hl=en(\" target=\"_blank\" rel= \"noopener\"> https://chrome.google.com/webstore/detail/video-speed-controller/nffaoalbilbmmfgbnbgppjihopabppdk?hl=en(</a>)</li> <li><a href=\"https://github.com/tekezo/Karabiner-Elements/\" target= \"_blank\" rel=\"noopener\">Karabiner Elements</a></li> <li><a href=\"https://www.boastr.net/\" target=\"_blank\" rel= \"noopener\">Better Touch Tool</a></li> <li><a href=\"https://heyfocus.com/\" target=\"_blank\" rel= \"noopener\">Focus App</a></li> <li><a href=\"https://selfcontrolapp.com/\" target=\"_blank\" rel= \"noopener\">Self Control App</a></li> <li><a href=\"http://macrabbit.com/slicy/\" target=\"_blank\" rel= \"noopener\">Slicy</a></li> <li><a href=\"https://www.figma.com/\" target=\"_blank\" rel= \"noopener\">Figma Exports</a></li> <li><a href=\"https://my.cl.ly/r/0O0c442O0w1Z0n3W\" target=\"_blank\" rel=\"noopener\">CloudApp</a></li> </ul> Keyboard Shortcuts You Should Know <p>Sorry windows users.</p> <ul> <li>⌘ + Tab switch between apps</li> <li>Press q to quit an app from this place</li> <li>⌘ + Backtick to switch between multiple windows of an app</li> <li>⌘ + T for a new tab</li> <li>⌘ + Shift + T to reopen a closed tab</li> <li>Crank up Key Repeat in your keyboard setting</li> <li>Option + ←/→ to move word-by-word</li> <li>Add Shift to select those itesm</li> <li>⌘+option+Arrow to switch tabs</li> <li>⌘ + Number to go to that tab #</li> <li><a href= \"http://localhost:3000/wesbos.com/osx-dialog-boxes-keyboard-tab/\" target=\"_blank\" rel=\"noopener\">Enable tabbing on OSX dialog Boxes</a></li> <li>Press question mark in any google app to get a list of shortcuts</li> </ul> Sick Picks <ul> <li>Scott: <a href=\"http://amzn.to/2iXXxZE\" target=\"_blank\" rel=\"noopener\">Rhino Sheild Case</a></li> <li>Wes: <a href= \"https://www.amazon.ca/Deep-Work-Focused-Success-Distracted/dp/1455586692\" target=\"_blank\" rel=\"noopener\">Deep Work</a></li> </ul> Shameless Plugs <ul> <li><a href=\"https://www.leveluptutorials.com/\" target=\"_blank\" rel=\"noopener\">Level Up Tuts</a></li> <li><a href=\"https://wesbos.com/coursres\" target=\"_blank\" rel= \"noopener\">Wes' Courses</a></li> </ul>","pubdate":"2017-09-13T13:58:37.000Z","link":"http://traffic.libsyn.com/syntax/Syntax011.mp3","guid":"9bc1809dae6fc0b237c99e54b3598204","image":"http://static.libsyn.com/p/assets/7/9/0/7/790703531a3c8eca/iTunes_Artwork.png","podcast":{"title":"Syntax - Tasty Web Development Treats","description":"Wes Bos and Scott Tolinski are two full stack web developers who like to break down complex topics and make them easy to understand.","image":"http://static.libsyn.com/p/assets/7/9/0/7/790703531a3c8eca/iTunes_Artwork.png"}}