{"title":"React Tools - 001","description":"Show Notes <ul> <li><a href=\"https://wesbos.com/\">Wes Bos' Site</a></li> <li><a href=\"https://leveluptutorials.com/\">Level Up Tutorials site</a></li> <li><a href=\"https://www.youtube.com/user/LevelUpTuts\">Level Up Tutorials YouTube channel</a></li> <li><a href=\"https://leveluptutorials.com/\">Scott Tolinski personal site</a></li> <li><a href=\"https://www.cloudflare.com/\">Cloudflare</a></li> <li><a href=\"https://learnnextjs.com/\">Next.js</a></li> <li><a href=\"https://github.com/now-examples/next-news\">Hacker News Example in Next.js</a></li> <li><a href=\"http://graphql.org/learn/\">GraphQL</a></li> <li><a href=\"https://www.graph.cool/\">Graphcool</a></li> <li><a href= \"https://github.com/facebookincubator/create-react-app\">create-react-app</a></li> <li><a href=\"https://github.com/facebook/react-devtools\">React dev-tools</a></li> <li><a href=\"https://github.com/gaearon/redux-devtools\">Redux dev-tools</a></li> <li><a href=\"https://preactjs.com/\">Preact.js</a></li> <li><a href=\"https://github.com/storybooks/storybook\">React Storybook</a></li> <li><a href=\"https://www.meteor.com/\">Meteor</a></li> <li><a href=\"http://blazejs.org/\">Blaze</a></li> </ul> <a id=\"user-content-sick-picks\" class=\"anchor\" href= \"https://github.com/wesbos/Syntax/blob/master/shows/001%20-%20React%20Tools.md#sick-picks\" name=\"user-content-sick-picks\"></a>Sick Picks <ul> <li>Wes: <a href=\"https://parcelapp.net/\">Parcel App</a></li> <li>Scott: <a href=\"https://fishshell.com/\">Fish shell</a></li> </ul> <a id=\"user-content-shameless-plugs\" class=\"anchor\" href= \"https://github.com/wesbos/Syntax/blob/master/shows/001%20-%20React%20Tools.md#shameless-plugs\" name=\"user-content-shameless-plugs\"></a>Shameless Plugs <ul> <li><a href=\"http://wesbos.com/learn-node/\">Learn Node</a></li> <li><a href= \"https://store.leveluptutorials.com/products/tutorials/lut-dd014\">React Native for everyone</a></li> </ul>","pubdate":"2017-07-05T12:00:00.000Z","link":"http://traffic.libsyn.com/syntax/syntax001_4.mp3","guid":"4cb16f0b4d505ab92cc9dbfc23736640","image":"http://static.libsyn.com/p/assets/7/9/0/7/790703531a3c8eca/iTunes_Artwork.png","podcast":{"title":"Syntax - Tasty Web Development Treats","description":"Wes Bos and Scott Tolinski are two full stack web developers who like to break down complex topics and make them easy to understand.","image":"http://static.libsyn.com/p/assets/7/9/0/7/790703531a3c8eca/iTunes_Artwork.png"}}