{"title":"Scott Tolinski Origin Story 🎧 📹 💻 🕺","description":"<p>In this episode, Scott talks about his unconventional career path and how to grow your career by working on what you love.</p> Sponsor <ul> <li><a href=\"https://freshbooks.com/syntax\">Freshbooks</a> - Get 30 days free. Make sure to enter SYNTAX into the \"How did you hear about us\" section.</li> </ul> Show Notes <ul> <li><a href= \"https://www.music.umich.edu/departments/pat/index.php\">UofM Performing Arts Technology</a></li> <li><a href=\"http://www.devinkerr.com/\">Devin Kerr</a></li> <li><a href=\"http://partybabymusic.com/\">Jamie Schefman</a></li> <li><a href=\"http://michellechamuel.com/\">Michelle Chamuel</a></li> <li><a href=\"http://www.guitarworld.com/\">Guitar World</a></li> <li><a href=\"http://www.ghostly.com/\">Ghostly International</a></li> <li><a href=\"http://qltd.com/\">Q LTD</a></li> <li><a href=\"https://creative.umich.edu/\">Michigan Creative</a></li> <li><a href=\"http://www.ford.com/\">Ford</a></li> <li><a href=\"https://www.gtb.com/\">GTB</a></li> <li><a href=\"https://www.leveluptutorials.com/\">Level Up Tutorials</a></li> <li><a href= \"https://www.youtube.com/edit?o=U&video_id=ApwQLpJgmqc\">Scott Concussion</a></li> <li><a href=\"https://getatya.com/\">Atya</a></li> </ul> Sick Picks <ul> <li><a href=\"https://goodhertz.co/\">Good Hertz</a></li> </ul> Shameless Plugs <ul> <li><a href=\"https://wesbos.com/courses\">Wes' Courses</a></li> <li><a href=\"https://www.youtube.com/user/LevelUpTuts\">Level Up Tutorials Youtube</a></li> <li><a href=\"https://www.howtographql.com/\">How to GraphQL</a></li> </ul> Twitter <ul> <li><a href=\"https://twitter.com/wesbos\">Wes Bos</a></li> <li><a href=\"https://twitter.com/stolinski\">Scott Tolinski</a></li> <li><a href=\"https://twitter.com/SyntaxFM\">Syntax</a></li> </ul> <p> </p>","pubdate":"2017-08-16T14:00:00.000Z","link":"http://traffic.libsyn.com/syntax/Syntax007.mp3","guid":"f71bc1e63c890248416278bdf3307497","image":"http://static.libsyn.com/p/assets/7/9/0/7/790703531a3c8eca/iTunes_Artwork.png","podcast":{"title":"Syntax - Tasty Web Development Treats","description":"Wes Bos and Scott Tolinski are two full stack web developers who like to break down complex topics and make them easy to understand.","image":"http://static.libsyn.com/p/assets/7/9/0/7/790703531a3c8eca/iTunes_Artwork.png"}}