{"title":"Syntax 000 - PREVIEW","description":"<p>Subscribe to this podcast in your player of choice! Links available over at https://Syntax.fm</p>","pubdate":"2017-06-27T20:46:30.000Z","link":"http://feed.syntax.fm/syntax-000-preview","guid":"39cdb0e187c02a0eb28d0c7744adae64","image":"http://static.libsyn.com/p/assets/7/9/0/7/790703531a3c8eca/iTunes_Artwork.png","podcast":{"title":"Syntax - Tasty Web Development Treats","description":"Wes Bos and Scott Tolinski are two full stack web developers who like to break down complex topics and make them easy to understand.","image":"http://static.libsyn.com/p/assets/7/9/0/7/790703531a3c8eca/iTunes_Artwork.png"}}