{"title":"Webcam and audio access with WebRTC and getUserMedia() - 002","description":"Show Notes <ul> <li><a href=\"https://webrtc.org/\">WebRTC</a></li> <li><a href= \"https://www.theregister.co.uk/2016/04/13/apple_rolling_webrtc_into_webkit/\"> Apple WebRTC Support</a></li> <li><a href= \"https://w3c.github.io/mediacapture-main/getusermedia.html\">GetUserMedia</a></li> <li><a href=\"https://slack.com/\">Slack</a></li> <li><a href=\"https://webtorrent.io/\">WebTorrent</a> <ul> <li><a href= \"https://github.com/webtorrent/webtorrent\">https://github.com/webtorrent/webtorrent</a></li> </ul> </li> <li><a href= \"https://github.com/wesbos/Syntax/blob/master/shows/TBC\">Soctt WebRtc Mirror - TBC</a></li> <li><a href= \"https://developer.mozilla.org/en-US/docs/Web/API/MediaRecorder\">MediaRecorder</a></li> <li><a href=\"https://electron.atom.io/\">Electron</a></li> <li><a href=\"https://getkap.co/\">Kap</a></li> <li><a href=\"https://github.com/wesbos/HTML5-Security-Camera\">Wes Security Cam</a></li> <li><a href= \"https://github.com/wesbos/Syntax/blob/master/shows/TBC\">Scott Colorbars YouTube - TBC</a></li> <li><a href=\"https://github.com/wesbos/HTML5-Face-Detection\">Wes Face Detection</a></li> <li><a href=\"https://conferences.oreilly.com/fluent/fl-ca\">Fluent Conf</a></li> </ul> <a id=\"user-content-sick-picks\" class=\"anchor\" href= \"https://github.com/wesbos/Syntax/blob/master/shows/002%20-%20Webcam%20and%20audio%20access%20with%20WebRTC%20and%20getUserMedia().md#sick-picks\" name=\"user-content-sick-picks\"></a>Sick Picks <ul> <li><a href=\"https://www.peakdesign.com/everyday-backpack\">Peak Design Everyday Backpack</a></li> <li><a href=\"https://www.youtube.com/watch?v=Wf8US4LJp1w\">Everyday Backpack Video</a></li> <li><a href=\"https://quik.gopro.com/\">Quik by GoPro</a></li> <li><a href=\"https://spliceapp.com/\">Splice</a></li> </ul> <a id=\"user-content-shameless-plugs\" class=\"anchor\" href= \"https://github.com/wesbos/Syntax/blob/master/shows/002%20-%20Webcam%20and%20audio%20access%20with%20WebRTC%20and%20getUserMedia().md#shameless-plugs\" name=\"user-content-shameless-plugs\"></a>Shameless Plugs <a id=\"user-content-javascript30\" class=\"anchor\" href= \"https://github.com/wesbos/Syntax/blob/master/shows/002%20-%20Webcam%20and%20audio%20access%20with%20WebRTC%20and%20getUserMedia().md#javascript30\" name=\"user-content-javascript30\"></a><a href= \"https://javascript30.com/\">JavaScript30</a> <p>A Free 30 Day Vanilla JS Coding Challenge Course. Build 30 things in 30 days with 30 tutorials. No Frameworks No Compilers No Libraries No Boilerplate. Join 101,746 others.</p> <a id=\"user-content-level-up-tutorials\" class=\"anchor\" href= \"https://github.com/wesbos/Syntax/blob/master/shows/002%20-%20Webcam%20and%20audio%20access%20with%20WebRTC%20and%20getUserMedia().md#level-up-tutorials\" name=\"user-content-level-up-tutorials\"></a><a href= \"https://leveluptutorials.com/\">Level Up Tutorials</a> <p>Over 860 free video tutorials for beginners, intermediate and expert web professionals. Level Up your skills with clear, high production, free video tutorials.</p> <a id=\"user-content-twitter\" class=\"anchor\" href= \"https://github.com/wesbos/Syntax/blob/master/shows/002%20-%20Webcam%20and%20audio%20access%20with%20WebRTC%20and%20getUserMedia().md#twitter\" name=\"user-content-twitter\"></a>Twitter <ul> <li><a href=\"https://twitter.com/syntaxfm\">@Syntax</a></li> <li><a href=\"https://twitter.com/wesbos\">@wesbos</a></li> <li><a href=\"https://twitter.com/stolinski\">@stolinski</a></li> </ul>","pubdate":"2017-07-12T12:00:00.000Z","link":"http://traffic.libsyn.com/syntax/syntax002.mp3","guid":"abe8cb60682a8127644f0927afea4adc","image":"http://static.libsyn.com/p/assets/7/9/0/7/790703531a3c8eca/iTunes_Artwork.png","podcast":{"title":"Syntax - Tasty Web Development Treats","description":"Wes Bos and Scott Tolinski are two full stack web developers who like to break down complex topics and make them easy to understand.","image":"http://static.libsyn.com/p/assets/7/9/0/7/790703531a3c8eca/iTunes_Artwork.png"}}