{"title":"Wes Bos Origin Story 🎸💼💻🔥🐷","description":"<p>In this episode, Wes talks about his career path from a MySpace customizer to where he is now.</p> Sponsor <ul> <li><a href=\"https://freshbooks.com/syntax\">Freshbooks</a> - Get 30 days free. Make sure to enter SYNTAX into the \"How did you hear about us\" section.</li> </ul> Show Notes <ul> <li><a href=\"http://ps20.itgo.com/\">Brootal PS20.itgo.com</a></li> <li><a href=\"http://cdn-money.com/\">CDN Money</a></li> <li><a href= \"https://web.archive.org/web/20040715000000*/http://wesbos.com\">2004 WesBos.com</a></li> <li><a href= \"http://soft4inventory.com/blog/the-success-of-zara-technology-makes-it-possible/\"> The Success of Zara: Technology Makes It Possible</a></li> <li><a href=\"https://www.rei.com/\">REI</a></li> <li><a href= \"http://www.ryerson.ca/programs/undergraduate/business-technology-management/\"> BTM at Ryerson University</a></li> <li><a href=\"https://codex.wordpress.org/\">WordPress Codex</a></li> <li><a href=\"http://www.anglemediagroup.com/\">Angle Media Group</a></li> <li><a href=\"http://www.ryerson.ca/trsm-co-op/\">Ryerson Co-op</a></li> <li><a href=\"http://www.jetcooper.com/\">Jet Cooper</a></li> <li><a href=\"http://www.darcyclarke.me/\">Darcy Clarke</a></li> <li><a href=\"https://web.archive.org/web/*/dealpage.ca\">DealPage Daily Deal Aggregation</a></li> <li><a href=\"https://irc.jquery.org/\">jQuery IRC</a></li> <li><a href=\"http://yayquery.com/\">YayQuery</a></li> <li><a href=\"http://ladieslearningcode.com/\">Ladies Learning Code</a></li> <li><a href=\"http://hackeryou.com/\">HackerYou</a></li> <li><a href=\"http://wesbos.com/\">Wes' Blog</a></li> <li><a href=\"https://sublimetextbook.com/\">Sublime Text Book</a></li> <li><a href=\"https://commandlinepoweruser.com/\">Command Line Power User</a></li> <li><a href=\"https://flexbox.io/\">Flexbox.io</a></li> <li><a href=\"https://reactforbeginners.com/\">React For Beginners</a></li> <li><a href=\"https://es6.io/\">ES6 for Everyone</a></li> <li><a href=\"https://javascript30.com/\">JavaScript30</a></li> <li><a href=\"https://syntax.fm/\">This Podcast</a></li> </ul> Sick Picks <ul> <li><a href=\"https://motoread.com/\">MotoRead</a></li> </ul> Shameless Plugs <ul> <li><a href=\"https://wesbos.com/courses\">Wes' Courses</a></li> <li><a href=\"https://www.youtube.com/user/LevelUpTuts\">Level UP Tutorials Youtube</a></li> </ul> Twitter <ul> <li><a href=\"https://twitter.com/wesbos\">Wes Bos</a></li> <li><a href=\"https://twitter.com/stolinski\">Scott Tolinski</a></li> <li><a href=\"https://twitter.com/SyntaxFM\">Syntax</a></li> </ul>","pubdate":"2017-08-23T13:16:14.000Z","link":"http://traffic.libsyn.com/syntax/Syntax008.mp3","guid":"5b5dec67b39c766d07f3e23cc6ec7254","image":"http://static.libsyn.com/p/assets/7/9/0/7/790703531a3c8eca/iTunes_Artwork.png","podcast":{"title":"Syntax - Tasty Web Development Treats","description":"Wes Bos and Scott Tolinski are two full stack web developers who like to break down complex topics and make them easy to understand.","image":"http://static.libsyn.com/p/assets/7/9/0/7/790703531a3c8eca/iTunes_Artwork.png"}}